:10000000C8870020B5530000473E0200A1530000FE
:10001000A1530000A1530000A15300000000000004
:10002000000000000000000000000000C5540000B7
:10003000A15300000000000035540000A15300004F
:10004000D556000081770100D5560000D556000036
:10005000D5560000D5560000D5560000D5560000F4
:10006000D5560000D5560000D5560000D5560000E4
:10007000D5560000D5560000D5560000D5560000D4
:10008000D5560000D5560000D5560000D5560000C4
:10009000D5560000D5560000D5560000D5560000B4
:1000A000D5560000D5560000D5560000D5560000A4
:1000B000D5560000D5560000D5560000D556000094
:1000C000D5560000D5560000D5560000D556000084
:1000D000D5560000D5560000D5560000D556000074
:1000E000D5560000D5560000D5560000D556000064
:1000F000D5560000D5560000D5560000D556000054
:1001000053B94AB9002908BF00281CBF4FF0FF317E
:100110004FF0FF3000F00CB8ADF1080C6DE904CEE3
:1001200000F022F8DDF804E0DDE9022304B07047B6
:10013000704700BF10F8012B11F8013B012A28BFBE
:100140009A42F7D0D01A7047034611F8012B03F8F2
:10015000012B002AF9D17047034613F8012B002A1E
:10016000FBD1181A013870472DE9F04786468C46B6
:100170000846089E154674461946002B40F0C2807A
:100180008542B2FA82F245D94AB1C2F1200300FA9F
:1001900002FC2EFA03F3954043EA0C0C94404FEA1C
:1001A000154EA8B2BCFBFEF8230C0EFB18CC08FBC6
:1001B00000F943EA0C43994528D9EB1808F1FF37B9
:1001C00004D2994502D9A8F102072B44A3EB0903F5
:1001D000A4B2B3FBFEFC0EFB1C330CFB00F044EAA4
:1001E0000344A04214D92C190CF1FF3304D2A042CD
:1001F00002D9ACF102032C44241A43EA07401EB191
:10020000D440002334607360BDE8F0874746DDE7E3
:100210006346F1E792BB431B01214FEA154EAFB293
:10022000B3FBFEFC200C0EFB1C330CFB07F840EA72
:100230000343984562D9EB180CF1FF3004D298457E
:1002400002D9ACF102002B44A3EB0803A4B2B3FB28
:10025000FEFC0EFB1C330CFB07F744EA0344A742E9
:100260004ED92C190CF1FF3304D2A74202D9ACF1BC
:1002700002032C44E41B43EA0040C0E7C2F1200320
:1002800020FA03F1954090402EFA03F303434FEA1E
:10029000154EAFB2B1FBFEFC0EFB1C10190C0CFB93
:1002A00007F841EA0041884504FA02F422D96918A6
:1002B0000CF1FF3004D2884502D9ACF10200294488
:1002C000A1EB08019BB2B1FBFEFC0EFB1C110CFB69
:1002D00007F743EA01439F420ED9EB180CF1FF31B7
:1002E00004D29F4202D9ACF102012B44DB1B41EA4C
:1002F000004192E76046E3E76146F7E76046A3E71F
:100300006346B7E7834206D916B9002108467BE762
:10031000C6E900E0F9E7B3FA83F78FB9834201D366
:10032000724508D8BEEB020460EB030301209C4633
:100330001EB9002168E73846FAE7C6E9004CF8E73D
:10034000C7F1200CBB4022FA0CF41C432EFA0CF12E
:1003500020FA0CF3B84001434FEA14490EFA07F5AE
:10036000B3FBF9F81FFA84FE09FB18300B0C08FBED
:100370000EFA43EA00439A4502FA07F240D9E3181D
:1003800008F1FF3004D29A4502D9A8F102002344B3
:10039000A3EB0A0389B2B3FBF9F809FB183308FB96
:1003A0000EFE41EA03418E452CD9611808F1FF3356
:1003B00004D28E4502D9A8F10203214443EA004049
:1003C000A0FB0298A1EB0E014145CE46434602D365
:1003D00006D14D4504D2B9EB020E68EB0403013897
:1003E000002EA6D0B5EB0E0261EB030101FA0CFC66
:1003F00022FA07F34CEA0303F940C6E9003198E713
:100400004046C5E74346D9E7F7B5002101AA40F6C3
:10041000034006F029F90446002869D10198C36811
:100420001B788BB9BFF35B8FB94B1A68BFF35B8F37
:1004300002F00902BFF35B8F53E8001F43E800247A
:10044000002CF9D1BFF35B8F05F07EFA01AA0021E1
:1004500041F2030006F008F90446002848D1019A49
:10046000AC4DD168D1F80100D1F8051005F1780341
:1004700003C3104605F068FA214601AA41F20100C3
:1004800006F0F2F8044698BB0198C3685A7885F8DC
:1004900070205A88A5F872201A7985F87120B3F86F
:1004A0000720A5F87420B3F80530A5F8763005F0DC
:1004B0004BFA214601AA41F2020006F0D5F80446A3
:1004C000B0B9019FFA6805F18006531C41321868E3
:1004D0005968344603C4083393422646F7D1384658
:1004E00005F032FA95F87C305B0604D46FF0120404
:1004F000204603B0F0BD01AA002142F2030006F03D
:10050000B3F804460028F3D1019B834EDA68D2F891
:100510000100D2F8051003C6184605F015FA214669
:1005200001AA42F2020006F09FF804460028DFD13B
:10053000019CE368B3F8012091B249B1D97839B18F
:10054000A5F80421DA78114606F1280029F08BF885
:10055000204605F0F9F995F87C601F2316F0200677
:10056000A5F8203118D1022140F66D4005F0E6FED5
:100570000446002800F0C48002210C3023F003FD63
:100580000123037046702146324640F66D4006F066
:100590006BF804460028ABD195F89C301F0712D5A4
:1005A00001AA002142F21C0006F05EF80446002871
:1005B0009ED10198C368D3F80120D3F80530C5E96E
:1005C000382305F0C1F995F8D8309E0624D50DF1F1
:1005D0000201684624F046F90446002888D1042127
:1005E00042F2240005F0AAFE0646002800F08880AA
:1005F00004210C3023F0C7FCBDF800300380BDF8A7
:10060000023043802246314642F2240006F02CF8A4
:10061000044600287FF46CAF95F8D8305C0610D5FE
:1006200001AA002142F22A0006F01EF80446002822
:100630007FF45EAF0198C3685B7885F8223105F0DE
:1006400083F9082142F2010005F078FE04460028F3
:1006500056D008210C3023F096FC95F8D81011F0F4
:10066000400F024640F2022308BF032388074CBF15
:1006700043F02C0043F00C0095F8D9308F0648BFAA
:1006800040F0400013F0090F18BF40F40060CE079F
:1006900048BF40F01000002123F0D6FE2146002282
:1006A00042F2010005F0E0FF044600287FF420AF8D
:1006B00095F87C30B5F80411980624D4C9B901AA7C
:1006C00041F2050005F0D0FF044600287FF410AF8A
:1006D000B5F80431019C4BB9E368B3F80120A5F8E3
:1006E00004219A880D48114628F0BDFF204605F0E8
:1006F0002BF9082140F6014005F020FE044678B9A8
:100700006FF06804F4E60029F3D16FF00404EFE61B
:1007100014010020400000201801002048010020A2
:1007200008210C3023F02FFC95F8D830D907024669
:1007300053BF4FF000512CA1D1E90001284823F00C
:1007400083FE2146002240F6014005F08DFF04465D
:1007500000287FF4CDAE014601AA4FF6014005F016
:1007600083FF044620BB019805F0EEF8214601AA5C
:100770004FF6024005F078FF0446C8B90198C368F7
:10078000B3F80130A5F8C13005F0DEF895F8C130B6
:100790005B070DD501AA21464FF6034005F064FF23
:1007A00030B90198C3685B7885F8C03005F0CCF8A3
:1007B00024F02FFA044600287FF49AAE08F040F89F
:1007C000044600287FF494AEEB79002B3FF490AE02
:1007D0000821044823F09AFD05F096FE88E600BF44
:1007E0001088000214010020908800020080002080
:1007F0002DE9F843D0E90738856903EB08042F3465
:10080000A5420F46164619D8DFF87080A3FB0801F1
:1008100017A3D3E90023FFF773FC0346601BA0FB7B
:10082000080123F07F4412A3D3E90023FFF768FCFB
:1008300020F07F403C603060BDE8F883DFF83C90FA
:100840000BA3D3E90023A5FB0901FFF759FC20F016
:100850007F4409480A2106A3D3E90023E8FB0901E4
:10086000FFF74EFC20F07F403C603060BDE8F8832D
:100870008D49FD1A0700000000166BF100CA9A3B73
:100880009FED097B0E4B0F4A0F4983ED007B9FEDD7
:10089000087B82ED007B9FED087B0C4B002281EDF5
:1008A000007B1A600EF0BCBAFFFFFFFFFF1F0000C5
:1008B00000000000000000001F0000000000000019
:1008C000D0010020181C0020C8010020C4380020DE
:1008D000002800F05F812DE9F04FB54C94F86A20B4
:1008E00012F001058DB040F0A68194F82500FF2399
:1008F00000F0030084F8263016F0CAFB94F86A0072
:10090000420727D494F8292094F8353004EB82026A
:1009100004EB8303D66AD3F8388086B1A448314605
:1009200010F058F833785B0605D506210BF044FA31
:10093000002800F082819E48414610F04BF8337841
:1009400013F00E0F40F0B780236A93B10C200DB066
:10095000BDE8F08F2A4604F16B01C0F3C00016F029
:100960000FFDFF2884F82600CCD0284616F0AAFBFD
:10097000C8E70DF055FD8146002800F06C810DF0B0
:100980005BFD8246002800F0638110F029FB0546DC
:10099000002800F06281D0F894004FF6FF732B8698
:1009A00005F11C0B002800F04E8105F1840105F1D2
:1009B00088020BF00DFAB5F882307E4A23F4EF631B
:1009C00023F0070343F48C7343F00103A5F882304E
:1009D0001346D2F80120C5F8AB21C5F8B12113F8B0
:1009E000012B9B88A5F8AF31A5F8B53195F8AA3150
:1009F00002F0010262F3000362F3410385F8AA31B9
:100A000095F8433003F03F0363F07F0385F84330EC
:100A100095F89A3023F0070385F89A3095F8483016
:100A200023F00F03002785F848304FF4C023C5F8A2
:100A300098312846C5E91577C5F89470A5F89870DF
:100A400085F84570EF86C5F83A70EF65A5F89E7198
:100A5000A5F8947112F0ACFC85F86071C5F864914A
:100A600010F0AAFD95F8A43160F3020385F8A431D3
:100A700010F0A8FD95F8A43160F3C50385F8A43102
:100A800095F8903167F3410385F8903101212846AC
:100A900011F0F0F905F1E00012F062FAC4E9189AD9
:100AA000C4F820B0C5E905772F70ED6117F09CFC04
:100AB000002840F0C48094F824300121C3F342039D
:100AC0000DF12B008DF82B300BF020FB0246002897
:100AD00062D098F8011030460FF036FD31233649C8
:100AE000A360364BB4F86870A0FB01010025C01864
:100AF00041F107012CA3D3E90023C4E90555257072
:100B00006560E560FFF7FCFA20610CF0B3FD00F1D1
:100B100009083FB9357805F00F05A5F10105B5FACB
:100B200085F56D0994F82400236965F3000010F041
:100B3000010584F824004BD0214A0992002010605E
:100B40000225204A204F04930BAE01930592032106
:100B5000CDE90200069443460090089607972A467E
:100B60000B950CF089FC31460DF0EEFCA0B917494D
:100B700005914AF2D8330093CDE90300CDE9010095
:100B80000797089606944346012203210B950CF023
:100B900057FC43E00FF028BC236A002B3FF4D6AE8D
:100BA0000FF0DEFBD2E600BF8D49FD1A0700000002
:100BB000FC38002049E6020000CA9A3B8C49FD1A25
:100BC000F0380020C5050100D9D70000A9000100B8
:100BD000274A2848049303F247130694029591216B
:100BE0001360A7FB000301FB0731234B0793234B43
:100BF00005934FF6FF730992022703930BAE1AA3D6
:100C0000D3E900230B970896FFF77AFA4346CDE91C
:100C100000503A46284603210CF02EFC31460DF0D8
:100C200093FC0028B8D194F86A300120034384F87B
:100C30006A3016F00FFA002089E6122087E60FF0DE
:100C40008FFB032083E605F18C00C5F89400ACE629
:100C500048460DF0EBFB072079E650460DF0F2FB1D
:100C600048460DF0E3FBF6E78D49FD1A070000004A
:100C7000F0380020002AE784D9D70000C50501001C
:100C800070B590F824308AB0C3F342030D46044691
:100C900001210DF1230016468DF823300BF036FAB2
:100CA0007178024628460FF04FFC1F491F4AA0FBEF
:100CB0000131981841F1070119A3D3E90023FFF787
:100CC0001FFA23699842054621D21B1A002201927D
:100CD000174A0293174BA21AA3FB02320221920970
:100CE00000230A4409AE099113490591CDE9033364
:100CF0000321D2B20696009318460CF01DFC314633
:100D00000DF022FC38B9256100200AB070BDFBD976
:100D1000C21A0023DBE70C200AB070BDAFF30080DD
:100D20008D49FD1A0700000000CA9A3B8C49FD1A44
:100D3000FC38002089888888D9D70000000000008E
:100D40002DE9F04F06468DB08A46012002219946D2
:100D5000154619F0E7FA00220B90022101200BF052
:100D600087F83B494FF4DC7230460BF011F8C71C92
:100D7000384B0093FFB201964B463A4601210020C2
:100D80000CF034FC10F0FD0F0ED0334A33493448D8
:100D900040F68F0322F0D0FD002383F31188BFF3C8
:100DA0006F8F0323184602DF2E4CA5FB044526A3B4
:100DB000D3E9002320462946FFF7A2F908960696B4
:100DC00033690493284B20F07F48A8FB0331E01AD5
:100DD000264B07934FF00702254B059302FB0811A2
:100DE0004FF6FE7365EB010103934FF47A72002313
:100DF000FFF786F94FF0000BCDE90180CDF800A098
:100E00004B463A46012158460CF01AFB10F0FD0FF4
:100E10000DD0114A1149124840F6A40322F08CFD6E
:100E20008BF31188BFF36F8F0323184602DF0B9BF0
:100E300013B90DB0BDE8F08F0122022110460DB0AC
:100E4000BDE8F04F0BF014B88D49FD1A0700000003
:100E5000201C0020810F01003CC5020000C60200DA
:100E60001CC0020000CA9A3B8D49FD1A210F0100E7
:100E700035650100000000002DE9F0418468228EF4
:100E80004FF6FF739A428CB045D00546204612F0CB
:100E90002DFD2B7D012B00F02281022B00F015810E
:100EA000002B00F0F48094F86061002E40F0108177
:100EB0002B8A678F94F94320CDE90A6673B3002A21
:100EC000C0F25A810023A4F89A31AA7C238FFD181E
:100ED00002F003030135012BADB23BD0B4F89E31D3
:100EE000002B00F005819D4280F059815B1B9BB275
:100EF0000022062BA4F89E31628740F2F68094F916
:100F000043309342C0F25081002326E09DF8271021
:100F1000204610F073FC0CB0BDE8F081002AB8BF89
:100F200084F88561238FAA7CFD1802F00303013544
:100F3000012BADB20ED0B4F89A31002BCED0AB421B
:100F400040F23C815B1BA4F89A31B4F89E31002B2F
:100F5000C9D102E00023A4F89E3194F8482063F33D
:100F6000820284F8482029460DF12702204612F01B
:100F70005BFA7430CAD0B4F898312BB1AB4240F26E
:100F8000EC805B1BA4F89831B4F894312BB1AB42E0
:100F900040F2DA805B1BA4F89431658F16B9AF423A
:100FA00000F0C9800135ADB294F8DD3013F00107CF
:100FB00031D1DDE90A130A46002B40F0CC8000292C
:100FC00000F0BB801F461846228EE4690694CDE9E6
:100FD000035603329A4D0290CDE90017D2B2012197
:100FE000002005950CF0A8FA10F0FD0F93D00DF03D
:100FF000D5FA84428FD0934A934994484FF4AE6314
:1010000022F09AFC002383F31188BFF36F8F032330
:10101000184602DF7FE794F943206FF30003002AAC
:1010200084F8DD307FDB94F88200C0F3C00100F06B
:10103000070016F0F1FFB4F87A20B4F878301344C2
:10104000628D03F23F1313440344814A8148072110
:10105000E3FB0021104678A3D3E90023FFF750F803
:10106000DDE90A1320F07F4220692261904235BFFA
:10107000171A801A002000270A46002BA4D157EA2D
:10108000010CA1D1002858D019461F469CE794F8BE
:101090009A3003F01803182B7FF405AFA18EB4F833
:1010A00096218B1D9A42C4BF931F5B1AB4F892110C
:1010B000CCBF9BB21346994200F09C80A4F89231B9
:1010C000A4F89431A4F89821EDE63D2684F86061F7
:1010D000314620460CB0BDE8F04110F08FBB002334
:1010E000A4F89831A4F89431DDE60126334634E7BC
:1010F000628E052A97BF013240F2E2434FF4FA7341
:1011000092B203FB02F2B4F89C3142F2107101FB7F
:101110000323013BB3FBF2F39BB2A4F89E31002BF7
:101120007FF4E1AE19E794F88300012100F0070095
:1011300016F074FF7FE7354636E7002D43D00027D1
:10114000114638463B463FE70023A4F89431204639
:1011500012F00CFA21E7384636E70DF0B3F90146F4
:10116000A0B30023A4F89831238EC3801B230371FE
:1011700000680DF079F907E794F885316BB3013B0E
:1011800084F8853104F1E008404611F02BFFB8B334
:10119000404611F027FFB8B30023638792E6082189
:1011A000204610F02BFBB6E6A7B9D4F888315A08D0
:1011B00013F0010336D1C4F88821A5E63E2120466C
:1011C00010F01CFBA7E6002EB9D1A4E60123A4F879
:1011D0009831D9E613460126BFE60AAA0BA928468C
:1011E000FFF706FBDDE90A231343CBD0237884F80D
:1011F0008531C7E7B4F8981100297FF454AE5FE752
:10120000FF2010F0B7FAC3E70246D4E921010AF043
:10121000F7FD0028C0D194F848301B0744BFA38EC7
:1012200063874FE642F000421E46C4F888213B46E1
:1012300093E600BFAFF300808D49FD1A0700000060
:10124000DD0E01003CC502007CC602001CC002008D
:101250008C49FD1A00CA9A3B2DE9F04F87B0CDE9C1
:101260000423BDF8442003780292BDF84820BDF85D
:1012700040A0BDF84C90878F019104460392002B4B
:1012800000F0D480013FBFB2A368D4F81CB1A7EB33
:10129000090292B2002B00920ADAE168626823F038
:1012A000004391422CBF8B449344A360ABEB030BF0
:1012B00094F88200C0F3C00100F0070016F0ACFE05
:1012C000658E052D40F2AA80009B15FB03F5ADB29B
:1012D00040F2E248BAF1050F40F29480B4F87A2067
:1012E000B4F87830134403F2D51303447A4A7B48A8
:1012F0000721E3FB00214FF09613A36296231046CB
:10130000A38573A3D3E90023FEF7FAFE564620F027
:101310007F4040F2E24308FB05F103FB06F6B1FB18
:10132000F6F81FFA88F5206106FB05F08142A84611
:101330005AD2401A694966A3D3E90023A0FB0101F0
:10134000FEF7DEFE20F07F408344E38EB4F82421D4
:101350001344994494F84330A9EB0709C844DB09C6
:10136000A4F8368069D15E4A5E495F4840F667134B
:1013700022F0E2FA002585F31188BFF36F8F032373
:10138000184602DF3746029BA386039BA4F89C31D4
:1013900031462046A4F832A012F082F8534BA18EB9
:1013A0003344881DB3FBF6F39AB29042A4F8962119
:1013B00004D2C1F57F41FA310A4492B2019BA4F8EC
:1013C000922113B10023A4F89E315B463A46294688
:1013D0002046FFF7B5FC94F8903143F0010384F800
:1013E000903107B0BDE8F08F091A3C4838A3D3E923
:1013F0000023A1FB0001FEF783FE20F07F40ABEB52
:10140000000BA2E74FF096130AF10106A3629623A0
:10141000A385B6B20A204FF4FA737CE7009B01352E
:1014200015FB03F5ADB24FF4FA7853E7C38E1F44B2
:10143000B0F824311F44BFB226E7E26C0099636D17
:1014400002FB1133636517F01FF8074694F8840117
:10145000C0F3420017F01AF8074406FB07F7244BC5
:1014600007F5742707F23F27A3FB0737BF0C636D0F
:10147000E76405FB07F072080344963A934228BFDD
:101480001346C4E91423049B144D40F2E24808FBC0
:1014900003F3E3650023A0FB0501C4F88C310CA322
:1014A000D3E90023FEF72CFE124B059AABEB000BA1
:1014B000A3FB0230800A08FB00F0A0FB050104A397
:1014C000D3E90023FEF71CFEF71B20F07F455AE707
:1014D0008D49FD1A070000008C49FD1A00CA9A3B8D
:1014E0003CC50200F4C002001CC002007FC3C90159
:1014F00083DE1B435917B7D12DE9F04F04460B6823
:10150000077F1668D3F800A0638CD0F81E0095B052
:1015100015464A7CADF84C30FF2AC7F38013884645
:101520000D9212908DF83F3076D199461A4612AB43
:1015300093E803000DF1400B1090ADF84410F8094A
:101540000AF1710127680A915B460C900B9710F025
:101550003FF80A99002847D196F8AA310C9A0A90C8
:1015600069F3410362F3000386F8AA311098BBF8CF
:101570000430C6F8B101A6F8B531DAF87130C6F812
:10158000AB318B88A6F8AF31E38D94F83010A97297
:101590002B81D4F82A306B60D4F83A30C5F8223069
:1015A00005F1220094F83E30037105210AF0AEFDEA
:1015B00095F8273000F03F0060F3050385F82730E9
:1015C00094F83F30C3F3040185F82810A18EE98216
:1015D000012803F01F0389B206D91B3303F01F0350
:1015E0000B2B01D80A9A59BB0022CAF8142095F88F
:1015F0002C300B9862F3000385F82C30E568012647
:10160000214626710CF024FF28682E7129460CF023
:101610002BFF15B0BDE8F08F0DF1400B10460DF11A
:101620003F015A4615F094FA9DF83F90277F09F143
:1016300002095FFA89F98DF83F9009F001027EE70F
:10164000D8F800305A60E38E2B83EB8A40F2E249EF
:1016500009FB03F71146638E0A93304611F034FFFD
:1016600094F83F3096F884215B0963F3430286F8CF
:10167000842116F009FF0C9096F88401C0F3420013
:1016800016F004FF0C9BC04A034407FB03F303F569
:10169000742303F23F23A2FB03239B0C2B637B08E1
:1016A000963B6B6394F8313009FB03F36B64238F33
:1016B000A6F89C313946304611F0F2FEB34BB44ADD
:1016C000C6F8A0213B44B3FBF7F39AB2A6F89621E3
:1016D000298B881D824204DDC1F57F41FA310A441D
:1016E00092B2A6F892216B68C6F88831234613F8A7
:1016F0001C2FC2F34019DA0700F103814FF4807305
:10170000A3839AF8260015F04FFF04F12B0300285D
:1017100000F0F380626AC4F82B20228D9A800D9B22
:10172000FF2B00F02681BDF84C301298A4F8293028
:10173000C4F82500BBF80430A4F8233010989DF8B5
:101740003F30C4F81F00A377EB8A63862B8BA386F8
:10175000B6F89C31E38696F88431C3F3420384F8EB
:10176000383030460FF048FCA882E08021460B98C4
:10177000D8F804400CF06CFEAB8AE3801C23D4F84C
:1017800000B02371B9F1000F40F0D28084F81C90B2
:10179000214658460CF068FE95F86700B5F85C9055
:1017A000B5F85E40012100F0070016F037FC4C440C
:1017B00004F2D514DFF8E4910444834675484FF0F1
:1017C00096130721C5E90333E4FB09013123002403
:1017D000B36074606AA3D3E90023F460FEF790FC61
:1017E00020F07F4030612D6B0A9A7D1BD8F80C7079
:1017F00040F2E24303FB02770221224601200AF075
:1018000037FB50460FF0A2F807F2B3470246A7EBAA
:101810000B07A7FB0901174659A3D3E90023FEF7DD
:101820006FFCCDF804A0D8F808305B49009120F097
:101830007F49BA1C3A3BD2B24B44012120460BF0FF
:10184000D5FE012800F081809AF82430DB0767D4A8
:1018500030460FF0D1FB514BA5FB035A044648A379
:10186000D3E9002328465146FEF74AFCD8F8083051
:101870004B4A0792A3F13A084A4B069620F07F475D
:10188000A7FB0331E81A484B05934FF4F57308930F
:1018900033694FF0000BCDE903B34FF0070303FBAF
:1018A00007116AEB01014FF47A720023FEF728FC5E
:1018B0000334E4B2CDE90170CDF8009043462246EE
:1018C000012158460BF0BCFD10F0FD0F0DD0374A3A
:1018D0003749384840F2EB1322F02EF88BF3118889
:1018E000BFF36F8F0323184602DF01220221104647
:1018F0000AF0BEFA15B0BDE8F08FC4F82B0098804E
:101900000DE72A4A2C492B48FD2322F015F8002325
:1019100083F31188BFF36F8F0323184602DFEDE6D0
:10192000002301220093184611460BF01DFE8FE79D
:1019300095F8273043F0400385F82730281D14F030
:1019400011FF4FF00109288520E70CF027FE8245A2
:101950003FF47AAF154A1949164840F2922321F014
:10196000EBFF84F31188BFF36F8F0323184602DF68
:101970006AE70022C4F82520A4F82920DAE600BF8F
:101980008D49FD1A0700000083DE1B437FC3C90198
:10199000404B4C008C49FD1AF564010000CA9A3B8B
:1019A000C16401008D49FD1A356501005CCB020060
:1019B00000C602001CC0020010C30200B8CB020027
:1019C00010B5334C3349002304F1FF3C14F83320A5
:1019D000072A02EB820E05D811F83E206FF345125C
:1019E00001F83E201CF833206FF300020CF833207E
:1019F0000133082BEAD1284A284C002313700A78B7
:101A000063F300020A7091F8282063F3000281F862
:101A1000282091F8502063F3000281F8502091F8BB
:101A2000782063F3000281F8782091F8A02063F316
:101A3000000281F8A02091F8C82063F3000281F829
:101A4000C82091F8F02063F3000281F8F02091F8AB
:101A5000182163F3000281F81821114A9FED0A7BD7
:101A60001370104B83ED007B0F4B236028B1BDE852
:101A700010400E490E4827F0D5BEBDE810400C4876
:101A800027F0DEBEAFF30080FFFFFFFFFFFFFFFF89
:101A900021410020E03F0020BA5B0020F03E002002
:101AA000B95B0020C01F0020A0BB0D00B97201006F
:101AB000901F002000000000F0B5C468636883B088
:101AC0000546002B64D117F0ADFF082017F0D0FFBA
:101AD0000021084617F0BEFF00222521082017F03C
:101AE000FBFF474B019301A817F0E2FF454940F285
:101AF0005B6018F093F8237AC3F3420262F3061393
:101B00002046237216F0DEFE15F02AFE58BB637ADB
:101B10009B071FD127682E68384616F019FA06442D
:101B20006A6806F10901012018F0C0F918F07EFA80
:101B300020460EF017FF811C3246C9B2384616F017
:101B400015FA054678BB204616F0AAF988B9002098
:101B500003B0F0BD012015F071FA4178821C0078C5
:101B600018F044F9D6E7607A10F0030018BF01209E
:101B7000F1E7254A2549264840F2294321F0DCFEB9
:101B800085F31188BFF36F8F0323184602DFDEE76A
:101B900093F82C309A0796D01E48214617F000FF84
:101BA00017F0E6FFD3E7184A1B49194840F21143E2
:101BB00021F0C2FE194B0721A5FB030301FB0531F0
:101BC0000DA3D3E90023FEF79BFA154902461548F9
:101BD00021F0B2FE002585F31188BFF36F8F032338
:101BE000184602DF1048214617F0DAFE17F0C0FF52
:101BF0006FF08B00ACE700BF00CA9A3B000000000A
:101C0000D6BE898E55555500B4CF0200F0C10200F2
:101C10001CC00200FD800100F4C002008D49FD1AC5
:101C200064D0020038D00200998401000000000056
:101C30002DE9F041C468A28A4FF6FF739A4282B040
:101C400000F0DF80054617F081F92B89628B208C2C
:101C5000A3831A4492B2104494F82730E28380B2EE
:101C6000411C21845E064FF00001618304F12201D2
:101C700000F1A18003F03F000B4694F8281000907B
:101C800004F1290014F026FD0646D4E90C31A28B9C
:101C900002FB0333A26B1344E26B8B4294BFD21856
:101CA00052188A4228BF0A46E263616C226C94F89B
:101CB00067301144616494F87E2094F82C10C3F3CB
:101CC000020363F3061112F004024FF0000384F8DC
:101CD0002C10A363236478D017F0A4FE082017F01B
:101CE000C7FE201D17F0E4FE2389A17A40F25B6055
:101CF00043EA014117F092FF304616F049F92146B8
:101D0000594817F04DFEA08918F0C4F894F86620E1
:101D100094F86700C2F3C003002102F0070200F04C
:101D2000070017F0E1FF204617F0BAF927682E6880
:101D3000384616F00DF906446A6806F109010020DC
:101D400018F0B4F8804618F045F9002018F05CF956
:101D5000E36B94F8670003F12F02636C00F0070057
:101D6000012103EB420517F0F5FE4544054494F8C4
:101D7000670000F00700022825D004280CBF4FF4AC
:101D8000BC73282301211D4417F0E6FE284418F0F7
:101D900013F9A18A03313246C9B2384616F0E6F883
:101DA0000546002834D1204616F07AF8D0B9002034
:101DB00002B0BDE8F0810A4603F03F03218D14F024
:101DC000D5FC064661E71823DCE7D4E91A010AF0DE
:101DD00017F8002880D194F87E3043F0040384F88B
:101DE0007E3079E7214A224922484FF4B07321F02E
:101DF000A3FD85F31188BFF36F8F0323184602DF1D
:101E0000D5E71D48214617F0CBFD17F0B1FECEE710
:101E1000164A1A4917484FF4AB7321F08DFD184B41
:101E20000721A5FB030301FB05310DA3D3E9002323
:101E3000FEF766F913490246134821F07DFD00259F
:101E400085F31188BFF36F8F0323184602DF0F4815
:101E5000214617F0A5FD17F08BFE6FF08B00A7E76A
:101E600000CA9A3B0000000019930100F0D0020064
:101E7000F0C102001CC00200FD800100F4C002009D
:101E80008D49FD1A44D1020038D00200D9800100EA
:101E9000014825F07DBB00BF84A70200012B07B5D8
:101EA0000FD112780848012A14BF002257228DF85A
:101EB000072000210DF1070225F0DDFA03B05DF8DF
:101EC00004FB6FF08500F9E784A70200012B13B52E
:101ED000144611D10A480DF10702002125F0F0FA4D
:101EE000002807DB9DF80730A3F157025342534106
:101EF0002370002002B010BD6FF08500FAE700BF2C
:101F000084A7020001481EF0E3BD00BFD8020020F4
:101F100007B527F014FE4FF47A72A0FB020302FB10
:101F20000131C00B074A40EA4140106000234FF4E2
:101F300000420548CDE900231FF07CFC002003B0DF
:101F40005DF804FBE0230020300A0020014B1878E4
:101F500000F024BABE5A0020044B1A78824202D004
:101F60001870FFF7F3BF0020704700BFBE5A002073
:101F700008B527F0E4FD4FF47A72A0FB020302FBE0
:101F80000131084AC30B126843EA41439B1A47F2E6
:101F90003052934204DDBDE808400120FFF7DCBF6A
:101FA00008BD00BFE023002008B527F0C8FD4FF4AE
:101FB0007A72A0FB020302FB0131C00B044A40EA23
:101FC00041401060BDE808400020FFF7C5BF00BFDA
:101FD000E0230020014B1878704700BFBE5A002054
:101FE000F8B5044610B900252846F8BD0378002B43
:101FF000F9D00F4E0F4FBE420FD30D4EBE42F2D25C
:10200000306827F03DF930B1356821462868FEF781
:1020100091F80028E8D00436F0E7306827F030F96E
:1020200018B135682B68A342DED00436E3E700BF61
:10203000BCFB0200D8FB020070B5194C194D8CB0E6
:102040000022002303A920461EF0D2F908B10CB0EB
:1020500070BD2B68059E5868DDE9031220F0D1FEA3
:102060000028EDDBFF238DF81830B6FA86F35B0904
:1020700007908DF8203027F062FD4FF47A72A0FBB4
:10208000020302FB0131C00B40EA4140C90B8DE85D
:10209000030006ABCDE90A010FCB00F099F9CFE7B9
:1020A000380B0020CC2400201FB50A4C2468A468FB
:1020B00084420DD183F00103CDE901120393064858
:1020C0000022002301A91EF035F904481EF000FD8E
:1020D00004B010BDCC240020380B0020BC2400200C
:1020E0001FB50023CDE90233044B8DF80C0001A885
:1020F000019320F0BFFE05B05DF804FBCCAF0200F9
:10210000014B036036207047E423002038B50446B5
:1021100028B3144D2B6883421FD02BB1986818B197
:1021200083685B6803B198470F49104B8C4214BF1A
:10213000ED2100213622002020F07DFE00280DDB5D
:10214000A0682C6048B1836809491B6898472B68D0
:10215000986883689B6803B19847002038BD6FF08A
:102160001200FBE7CC240020B8AF0200E4230020DB
:10217000A920000038B5054648B90648FFF7C6FF54
:10218000041E02DB2846FFF7ABFF204638BD6FF088
:102190001504FAE7B8AF0200F7B50C4615460D492D
:1021A00001AA1E4621F00DFE68B1019B6BB9012CFE
:1021B0000DD1094F224639463046A847002802DD96
:1021C0003878FFF7D7FF03B0F0BD0020FBE76FF0D2
:1021D0001500F8E76BE20200C00900200148FFF794
:1021E00095BF00BFB8AF020008B50749074827F000
:1021F000BDFA074A002342F8043B0133362BFAD1DB
:10220000BDE80840FFF7EABF39200000BC240020E9
:10221000E423002030B51D4C04EB00148FB060683F
:1022200083684021DB68984768BB04AD0490686010
:102230006189606883682A461B69984718BB95E8DE
:1022400003000123069307AB83E803006389ADF81D
:10225000243027F074FC4FF47A75A0FB053205FB9F
:102260000121DB0B43EA4143C90BCDE90A31237B52
:102270008DF830300EAB13E90F008DE80F0006AB80
:102280000FCB00F0CBF80FB030BD00BFF80200203C
:10229000F8B50D4D0024012606FA04F3D943BFF327
:1022A0005B8F55E8002F02EA010045E80007002F88
:1022B000F7D1BFF35B8F134202D02046FFF7AAFF8E
:1022C0000134052CE8D1F8BDD0240020064901EBEB
:1022D0000012506830B183689B68114608310BB119
:1022E000024A1847704700BFF8020020F1220000A0
:1022F00010B5104C0C1B402C1BD8241127F0F0FA01
:1023000090B1BFF35B8F01230B4AA34052E8000F4B
:10231000184342E800010029F8D1BFF35B8F07485A
:10232000BDE810401EF0D4BB2046BDE81040FFF7CA
:1023300071BF10BD00030020D0240020E80200205F
:1023400005289ABF024B03EB40000020704700BFF6
:10235000B4090020F8B50F4D0F4E761B07460C460A
:1023600005EBC105C6F3C706A64201DC00200CE060
:102370002A683B689A4209D13C716B6838461B68F1
:10238000984718B1431E012BF0D9F8BD0134083528
:10239000EAE700BF18ED020070ED02001FB5002350
:1023A000CDE90233044B8DF80C0001A8019320F015
:1023B00061FD05B05DF804FBD0AF02000268034B7D
:1023C0009A420CBF08300020704700BFD0AF020017
:1023D00084B030B589B00CAC84E80F0000230193C1
:1023E0000CAD084B00930FCD02AC0FC495E8030071
:1023F00084E80300684620F03DFD09B0BDE83040A8
:1024000004B07047D4AF02000268034B9A420CBF7D
:1024100008300020704700BFD4AF020084B030B550
:102420008BB00EAC84E80F00002301930EAD084B77
:1024300000930FCD02AC0FC495E80F0084E80F00A5
:10244000684620F017FD0BB0BDE8304004B070477F
:10245000D8AF02000268034B9A420CBF083000203C
:10246000704700BFD8AF02001FB50023CDE902338B
:10247000044B8DF80C0001A8019320F0FBFC05B083
:102480005DF804FBDCAF020082B038B504A981E836
:102490000C00054611481DF0A3FD0446A0B16B6871
:1024A000012B0CD0022B05D0A3B9BDE8384002B0F7
:1024B00020F012BD20F017FD00282046F5DCBDE815
:1024C000384002B020F001BD6FF00400BDE8384094
:1024D00002B070476FF08500F8E700BF31E30200FB
:1024E00082B010B502A981E80C0004460B481DF02B
:1024F00077FD78B16368022B04D00020BDE810405E
:1025000002B0704720F0EFFC0028CCBF0020012073
:102510006060F2E76FF00400F0E700BF31E3020013
:102520000D4A52F82030013342F820300B4A012383
:10253000117883400B430A490978DBB2137023EA10
:1025400001030849084A097850780B43181A537058
:1025500018BF0120704700BFD4240020C15A0020BA
:10256000BF5A0020C05A0020CE09002010B5114AE1
:1025700052F82030002B19DD013B42F820300E4A82
:102580002BB913780121814023EA010313700B4812
:102590000B4B047810780B4A5978127820EA040023
:1025A00010435870401A18BF012010BD6FF015007D
:1025B000FBE700BFD4240020C15A0020BF5A0020EE
:1025C000CE090020C05A0020044A0123127883401B
:1025D000D8B213401B1A584258417047C15A0020C4
:1025E00010B5084B084A1870084B51781C78084BF6
:1025F0001B7823EA040318435070401A18BF0120C7
:1026000010BD00BFC05A0020CE090020BF5A0020D4
:10261000C15A0020074B00221A70074B074A19784D
:10262000074B50781B7823EA0103181A537018BF20
:1026300001207047C05A0020BF5A0020CE09002058
:10264000C15A0020A0F1E003072B03D82030C0B20C
:10265000FFF766BF064B062213F8011F19B1013AB6
:10266000FAD10020704718700028F8D0F9E700BFB1
:10267000D0090020A0F1E003072B10B405D82030CA
:102680005DF8044BC0B2FFF771BF0023064A19463C
:1026900012F8014F0133A04208BF1170062BF7D189
:1026A00000205DF8044B7047D0090020A0F1E00342
:1026B000072B03D82030C0B2FFF786BF064A00239D
:1026C00012F8011F884204D00133062BF8D10020F4
:1026D00070470120704700BFD0090020024B002244
:1026E0001A605A60704700BFCF090020B0F5805FC4
:1026F00010B510D20949002301EB4302B2F80140A2
:1027000024B10133062BF7D1002010BDA2F801003F
:102710000028F6D0F8E76FF08500F6E7C109002041
:1027200030B50023074C194604EB43020133B2F8DD
:102730000150854204BF51709170062BF4D10020E6
:1027400030BD00BFC1090020024B00221A605A6050
:102750009A607047C2090020074A002302EB430138
:10276000B1F80110814204D00133062BF6D10020CC
:1027700070470120704700BFC10900200048704722
:10278000CE09002000487047C109002082B070B512
:1027900004A900680A9E81E80C00144620F0ABFAF8
:1027A00005690598336871683638221813B355F8EF
:1027B0003200034405EBC20044680C4484EAE47030
:1027C0001049A0EBE4708842C1BF0F4894FBF0F1C0
:1027D0005B1800FB114408994FF4B4700988B0FBF2
:1027E000F1F093FBF0F100FB113345F8323005EBCB
:1027F000C2035C600A32002045F82210BDE8704038
:1028000002B070473F420F0040420F002DE9F047F1
:102810008446164E164FDFF85C8000208A46034639
:102820004FF001094FEA531E03F01F0257F82E40E4
:1028300009FA02F2144212D07469D8F81850D8F884
:102840001C10651941EBE474AC457AEB0404A3BF9A
:1028500057F82E4024EA020247F82E2001300133B7
:10286000262B06F12C06DDD1BDE8F08774B00200FE
:10287000E0260020A810002070B5094B094D1E78F5
:1028800000241C702EB1284620F0F7FA0134B4421F
:1028900001DB304670BD2035284620F0EBFAF5E725
:1028A000C35A0020A81000202DE9F04F40488BB0FB
:1028B00026F0C6FF3F4B0026C3E900663E4BB3F946
:1028C00000A047F6FF739A455DD03C4F88234FF632
:1028D000FF7203FB06F0C419395A91424AD13849B4
:1028E000DFF8ECB00A789BF8009001320A703549A5
:1028F0001FFA8AF32C223B5202FB03130830B3F970
:1029000010803149C845A8BFC84628EAE87252017C
:10291000384427F0ABFC4FEA4813DFF8ACC0A4F80A
:102920000280C6460593CE4532DB882303FB06773B
:1029300000223B6A06920AF13B020792234AD9170A
:10294000C2E900311F4ACDE908312C230AFB032AD2
:10295000A9EB080901238BF8009002930AAB13E955
:10296000030000228DE80300079B0AF11C0020F001
:1029700006FA04E00136042EABD1FFF77DFF0E4AC4
:1029800047F6FF7313800BB0BDE8F04FFFF774BF3D
:10299000059B0CEB03050FCD64460FC495E80F00B3
:1029A0000EF1010E84E80F000CF1200CBBE700BF14
:1029B000580E0020E0260020BE090020880E0020CE
:1029C000C25A002074B00200A810002000000020AD
:1029D000C35A0020184B194919482DE9F0414FF608
:1029E000FF721A80A3F88820A3F81021A3F8982179
:1029F00026F018FF134ADFF850E000230127590999
:102A000003F01F05B2F910C0890007FA05F59046DA
:102A1000002407E058F8040B0EEBC00001344658C0
:102A20002E4346506445F5D30133262B02F12C0288
:102A3000E5D10020BDE8F081880E00206D2B00005C
:102A4000580E002074B00200302500202DE9F84314
:102A5000404B414E1C78D6E90027E4BB02F100430D
:102A600001333B4335D06FF0004527F068F84FF451
:102A70007A77A0FB070307FB0131C30B43EA41430D
:102A8000AB424FEAD131A14160DA27F058F8A0FB00
:102A9000070307FB0131C00B40EA4140281A64EBF1
:102AA000D131C90341EA504140F2E733C003C018B5
:102AB0004FF47A724FF0000341F10001FDF720FB63
:102AC00002460B4625481EF071F80028A8BFC6E94B
:102AD0000054BDE8F88300242149DFF88CE06FF052
:102AE000004523464FF0010858095EF820C003F066
:102AF0001F0008FA00F010EA0C0F08D048694FEAEE
:102B0000E07CA8427CEB0409BCBF05466446013367
:102B1000262B01F12C01E7D11249D1E90631ED183C
:102B200044EB0104BC4208BF9542D2D06FF0004391
:102B30009C4208BFB5F1FF3F97D100230022C6E9B0
:102B400000230648BDE8F84326F07ABE002213466B
:102B5000B8E700BFC35A0020500E0020580E0020D6
:102B600074B00200A8100020E026002038B5114CF7
:102B7000D4E9003213431CD026F0E1FF03460D4692
:102B8000D4E900014FF47A74A3FB043204FB05225C
:102B9000DB0B43EA424383424FEAD2328A4108DBED
:102BA000FFF734FE08B9FFF77FFEBDE83840FFF7B6
:102BB0004DBF38BD500E00202DE9F04F9BB00446AC
:102BC000FFF722FC002800F07D812046FFF71CFC67
:102BD0000546002800F09181067A002E00F0C3809F
:102BE000AE4EAF4F3478D0E904830493002C43D128
:102BF000D0F80490DFF8C4A2DFF8ACB220F041FBBB
:102C000007EBC9034FF001090593A64909FA00F340
:102C100006932246059B4FEA521E53F82E0002F0FF
:102C20001F0309FA03F3184217D0886910B1069FF1
:102C3000384212D0DAE90070B1F912C01CEB070774
:102C400040EBEC70B845049F77EB0000A1BF5BF848
:102C50002E0003434BF82E3001340132262A01F1B5
:102C60002C01D7D1002C00F048813278042A28D1D9
:102C7000FFF7ECFE002540E004994046FFF7C6FD53
:102C80006B68894957F833200C6814400C60DB00EE
:102C9000002C3ED13B444A685B6813404B60002BDC
:102CA00040D05A1E12EA03070CBF01340234DCE79D
:102CB0003B444A685B681A404A603278042A18D05C
:102CC00002247A4F07EB4217531C29460AA83D46B7
:102CD0000AAF337020F0D6F80FCF0FC597E80F007A
:102CE00085E80F000225FFF7B1FE34B9FFF7DCFDE0
:102CF00033E0FFF7ABFE002502246B490B6813F0AD
:102D000001032ED101200133262B10D16FF01505C0
:102D100023E0621E2242CBD13B444A685B68012417
:102D20001340BBE73278042ACBD11D46DBE75A09B2
:102D300051F8227003F01F0200FA02F23A42E2D088
:102D4000584A2C2101FB0322B2F91010327891422B
:102D500003D1574A012C1380C8D028461BB0BDE8C8
:102D6000F08F0023ECE7FFF79FFD6B6807932B695B
:102D70000593504B504F1B7806900993B846099B1A
:102D80009E420CDB069B012B40F3B780294612A81C
:102D900020F078F812A820F06DF80225DDE77B8896
:102DA000B7F800C004933F4B2C2202FB0C334FF0CA
:102DB000000EB3F910300893B946F2460124049B83
:102DC000534513DC8837BEF1000F79D0049A88236D
:102DD00003FB0683013A5A80324B2C2202FB0C3350
:102DE00093F82830FBB114BB0125B6E7BEF1000F04
:102DF00010D009F1080BBBE80F00A9F118040FC4AB
:102E00009BE80F0084E80F0000240AF1010A09F191
:102E10002009D4E7D9F81430079A9A4214BF002445
:102E20004FF0010EF1E7049B089A934218D10CF180
:102E30003B021392059A0599D217CDE9141219494C
:102E40002C2202FB0C1CDDE9140100238DE8030099
:102E5000129302930022139B0CF11C001FF08FFFB2
:102E6000002CC1D0134B1C78013CE4B2A6421C706C
:102E700008D004EB0411882208EBC10102FB068094
:102E800027F0F4F988225443002108EB040027F0CE
:102E900015FA4FF6FF7328F80430A5E7C35A00204F
:102EA0003025002074B00200E0260020A810002089
:102EB000BE090020C25A0020880E00200800002011
:102EC00001365CE7204600F0D9FAB0B1204600F0A8
:102ED000D5FA837A8BB14368E03B072B02D803789D
:102EE000072B0AD0064BD0E90412D3E9000388422D
:102EF0009341BCBF034BC3E9001200252DE700BF7F
:102F0000000000200800002030B58FB014220021FE
:102F100009A827F0D3F9214D4FF47A740022002339
:102F200009A928461DF064FA002835D1099B0490B0
:102F3000059326F004FEA0FB040304FB0131C00B43
:102F40009DF8343040EA4140C90BCDE9060113F049
:102F5000010118BF0121029106AA92E803008DE841
:102F6000030004AB0CCB0AA81FF009FF0D9B012B3B
:102F7000D4D9C3F35E044FF4004540F2E73000219A
:102F80004FF47A720023E5FB0401FDF7B9F802461D
:102F90000B4603481DF00AFE0FB030BD680B002041
:102FA0001000002030B58BB001AC84E80E00426800
:102FB000059294E8070006AD85E80B000F9A9DF88E
:102FC000383043EA4203099309480022002305A947
:102FD0001DF0B0F9002804DB064826F02FFC10B1E4
:102FE00000200BB030BD0348FFF78EFFF8E700BFAD
:102FF000680B00201000002010B50D4B1C78012C30
:1030000004D0022C0BD00024204610BD00F08AFE14
:103010000028F9D100F0DEFB4400E4B2F4E700F050
:10302000D9FB0028F0D1BDE8104000F07BBE00BF06
:10303000D709002008B50B4B1B78012B07D0022BBA
:1030400009D0002B0CBF00206FF0850008BDBDE843
:10305000084020F080BAFFF791FBBDE8084001303E
:1030600000F040BDE826002008B50B4B1B78012B73
:1030700007D0022B09D0002B0CBF00206FF0850079
:1030800008BDBDE8084020F06EBAFFF77BFBBDE845
:103090000840013000F04CBDE826002002490348FA
:1030A000012201F0D9BE00BFD709002068E3020069
:1030B000F7B50C4615461B49002207461E4620F070
:1030C00080FE024648B1012C29D1174922463046DC
:1030D000A84700EAE07003B0F0BD1449384620F07C
:1030E00070FE0028F7D0012C19D122460DF10701FE
:1030F0003046A8470028EEDB9DF807300A4D0C4803
:10310000012B0CBF022301232B7020F053FE00285B
:10311000E1D122462946074801F09EFEDBE76FF029
:103120001500D8E772E30200D709002087E3020008
:103130007DE3020068E3020013B50949094826F05F
:1031400071FBFFF759FF6C46014620461FF0EAFF6E
:1031500094E80300044B83E80300002002B010BD94
:103160009D30000028110020E826002082B00DF1DB
:10317000080C0CE9030019469DF80030012B10469D
:1031800006D0022B06D053B9064A02B01EF0DABBB5
:10319000054AFAE7019B054A02B01EF0D3BB044A78
:1031A000F3E700BF91E3020096E302009AE3020016
:1031B000A1E30200034A034692E8030083E8030008
:1031C00018467047E826002030B589B0FFF714FF95
:1031D00001AD0F4C014628461FF0A4FF94E80C00F7
:1031E00095E803001FF0ACFF80B91FF0E0FF95E801
:1031F00003000A2305AA84E80300FFF7B7FF94E859
:10320000030003AB83E8030000F004F809B030BD0D
:10321000E82600207FB56B4683E8030093E80300AF
:10322000002206AB03E90300039202A8034A0292BC
:103230001FF020FE07B05DF804FB00BF00B70200DE
:1032400030B585B078BB11B9002005B030BD184845
:10325000184D01682C6841F00103036032B344F05B
:103260000100994228601BD04FF48073ADF8003004
:103270008DF8022026F063FC4FF47A72A0FB020363
:1032800002FB0131C00B40EA4140C90BCDE902010C
:1032900004AB13E90F0005B0BDE8304000F0BCB846
:1032A0008442E1D1D0E76FF01500CEE79942F8E70C
:1032B000C8270020CC270020014B19681FF0D7BF7A
:1032C000C8270020352913B50C4602D9002002B0CA
:1032D00010BD0028FAD101A8FEF712FF0028F5DB87
:1032E0008442F3DA019B53F82430352BEED80248A0
:1032F0000C2202FB0300EAE70CB7020073B50F4B88
:1033000006460C4615461AB10D4A126843F82120AC
:1033100053F8241000201FF0AAFF58B1DDE906235E
:103320000021CDE9002330462B4622461FF0B3FF93
:10333000002801DD6FF0850002B070BDF02600208E
:10334000C82700202DE9F04F0C252DED028B314FC1
:1033500045438DB000EB4006044678599DED188B2F
:103360008946904607EB86061FF0C5FC00284FD023
:103370002046FEF7E5FF04F1360A0790002478594D
:10338000CDE9084A8DED0A8B1FF0B5FC00283FD02F
:103390008268D2F810B0BBF1000F39D0CDE90389B3
:1033A000079B02930DF1280999E803008DE80300BB
:1033B0000DF1200898E80C003046D847A04227DBE2
:1033C0002046FFF779FF80F0010B5FFA8BFB7859FD
:1033D000CDE9084A8DED0A8B1FF08DFC30B96FF0F6
:1033E00015000DB0BDEC028BBDE8F08F83685C6901
:1033F00014B96FF08500F4E7CDF808B099E8030040
:103400008DE80300304698E80C00A0470028E8DB70
:103410000020E6E76803002010B58AB06C4684E817
:103420000F0000230593064B049394E80F000AACA9
:1034300004E90F0004A81FF01DFD0AB010BD00BF75
:1034400094B9020084B030B589B00CAC84E80F00A8
:10345000002301930CAD084B00930FCD02AC0FC4B9
:1034600095E8030084E8030068461FF003FD09B0F7
:10347000BDE8304004B070479CB902000268034BBD
:103480009A420CBF08300020704700BF9CB9020070
:1034900007B56B4683E8030093E803001FF06DFE59
:1034A000024B185C03B05DF804FB00BFC45A002057
:1034B00013B56B4683E80600044693E803001FF04B
:1034C0005CFE044B1C54044802B0BDE810401DF0E3
:1034D000FFBA00BFC45A0020A40300207FB56B468A
:1034E00083E8030093E80300002206AB03E903002E
:1034F000039202A8034A02921FF0BCFC07B05DF8D9
:1035000004FB00BFA4B90200074B1A78074B82B036
:10351000162102FB013301938DF8002002AB13E961
:10352000030002B0FFF7DABFC85A0020C95A0020D2
:1035300002490348012201F08FBC00BFC85A002095
:1035400035E4020008B5002003F07EF9002802DA15
:1035500010F1780F07D1044820F030FC03480449EB
:1035600026F060F9002008BD00040020581100205A
:103570003135000070B503788AB004460E4607ADB9
:10358000032B20D8DFE803F002191B1D1149284640
:10359000FCF7DAFD059563780493A3780393E37849
:1035A00002932379019363790093A3790A4A1E2138
:1035B00030461EF0C7F90AB070BD0849E7E7084970
:1035C000E5E70849E3E7084A0A2128461EF0BAF968
:1035D000E0E700BF48E4020071E402004FE40200AB
:1035E00056E4020060E402006AE4020010B590B004
:1035F000044621F031FE6946FFF7BCFF08A92046CA
:1036000004F0E8FF9DF82130012B14D10B481DF088
:103610005FFA204621F020FE094B19780F2216236D
:1036200013FB012307490722194426F0D2FC10B9E5
:1036300005481DF04DFA10B010BD00BF1C0400205D
:10364000C85A0020C95A00202C0400202DE9F0415E
:103650008AB00D4616461F496A4604461F4620F0AA
:10366000B0FB08B30098F8B10A2201A91EF0BEF918
:10367000019B1B785BBB162D29D1C4B2012C26D827
:10368000DFF85C806C432A4608EB04013846B047FB
:10369000002806DD04F10F0002A94044FFF76AFF8D
:1036A00000200AB0BDE8F0810B496A46204620F0B0
:1036B00088FB0028F4D0009B002BF1D1012D06D10E
:1036C00006492A463846B04700EAE070E9E76FF05D
:1036D0001500E6E794E4020039E40200C85A00202D
:1036E000C95A0020012808B50DD80F22162313FB54
:1036F0000023064806490722184426F06AFCB0FA5F
:1037000080F0400908BD0020FCE700BFC95A002036
:1037100050E60200014B1878FFF7E4BFC85A0020BA
:103720002DE9F0410C468EB005464FF0160806A96B
:10373000204615FB08F7FFF71DFF0D4E216807F126
:103740000F029319B150A2889A80A2799A710949FF
:103750002A4601A81EF022F94246F11901A801F0FB
:103760007BFB05481DF0B4F90EB0BDE8F08100BF49
:10377000C95A00209DE402002C04002010B5012845
:1037800088B002D9002008B010BD0F23162414FB06
:1037900000340E4B0E491C440722204626F019FC2B
:1037A0000028EFD02146002004F0C0FE0446002887
:1037B000E8D0694604F00EFF204604F08BFB9DF82C
:1037C0001C00831E58425841DDE700BFC95A002043
:1037D00050E60200014B1878FFF7D0BFC85A00200E
:1037E000F0B58DB0FFF796FF98B9FFF7F3FF80F0C3
:1037F00001035B00DBB2214D2A7803EB0213112B8E
:1038000009DC022B2DD0102B23D0002420460DB034
:10381000F0BD0223EFE7202B1BD0122BF5D103F0D4
:10382000C9FE00232B7004460028EFD1144F0FCFA0
:1038300002AE0FC63B68134933600322009423464F
:1038400002A803F085FE04460028DFD102232B7076
:10385000DBE703F0AFFE00232B7004460028D4D032
:10386000D4E7074E0FCE07AC0FC4336823600023A4
:1038700004490093032207A8E3E700BFF55A00209C
:1038800060AB02003C04002030B591B0054621F049
:10389000E3FC69460446FFF76DFE08A9284604F0DC
:1038A00099FE9DF82130012B05D1FFF733FF21460A
:1038B00018B902F07FFD11B030BD034B1878FFF747
:1038C0002FFFFFF78DFFF6E7C85A002030B591B003
:1038D0000D4608A9044604F07DFE9DF82130012B19
:1038E0000BD1204621F0B8FC6946FFF743FE0F4B91
:1038F00000221A701DB1FFF773FF11B030BDFFF742
:103900006FFF204621F0A8FC094B19780F221623DF
:1039100013FB012307490722194426F05AFB00280C
:10392000EBD105481DF0D4F8E7E700BFF55A0020B9
:10393000C85A0020C95A00202C04002008B50648A7
:1039400004F0B4FD054804F049FF054804F060FFA9
:10395000FFF746FF002008BDE0030020C40300205D
:10396000B4030020014B1878704700BFC85A0020EC
:1039700010B508490722044626F02BFB48B106493A
:103980000722204626F025FB002814BF6FF0120006
:10399000012010BDD85A0020EE5A002010B50A4B65
:1039A0000A491A7816240F2314FB0234084B1C44CE
:1039B0000722204626F00DFB28B121460020BDE855
:1039C000104004F0B3BD10BDC85A002050E60200FC
:1039D000C95A00201FB561240294044C0194BDF81B
:1039E0001840009422F0DEFD04B010BDC9E40200CE
:1039F00007B5064B00930649064805234FF440726D
:103A00001DF06CF8002003B05DF804FBA8B90200BB
:103A1000D85B002088110020F0B5164E164F89B0F3
:103A200000220023694630461CF0E2FC054608B13E
:103A300009B0F0BDFFF7B2FF04460028F8D0182205
:103A4000294602A826F03AFC08230DEB0301204684
:103A50000397CDF810D0ADF8143006F009FE013010
:103A600003D10221204621F0B8FB204604F032FAAF
:103A7000D6E700BFC80B002014BA02002DE9F041C0
:103A8000164FDFF85C808AB001AE00220023314679
:103A900038461CF0ADFC054610B10AB0BDE8F08117
:103AA000FFF77CFF04460028F7D01822294604A817
:103AB00026F004FC0C2304A92046CDE90586ADF8C8
:103AC0001C3006F0D5FD013003D10221204621F043
:103AD00084FB204604F0FEF9D7E700BF980B0020D6
:103AE00064BA020037B5054640F6CD4201460023D0
:103AF0000C481CF01FFC044678B110F10B0F09D1E3
:103B000000220023694607481CF072FC2846FFF794
:103B1000E9FF0446204603B030BD0349034825F0C1
:103B200050FEF7E7C80B0020640400208811002035
:103B300030B5054685B040F6CD42014600230D481C
:103B40001CF0F8FB044678B110F10B0F09D10022EC
:103B5000002301A907481CF04BFC2846FFF7E8FFAB
:103B60000446204605B030BD0349044825F029FE2F
:103B7000F7E700BF980B00205404002088110020B4
:103B80001FB50023CDE90233044B8DF80C0001A8CA
:103B900001931FF06FF905B05DF804FB1CBB020038
:103BA00008B500F031F9BDE80840014925F009BE2B
:103BB000EC04002007B5084825F062FB48B14FF43B
:103BC000F0120023CDE900230448002200231DF059
:103BD00031FE03B05DF804FBC0A70200680A0020B4
:103BE00008B5FEF7EBFB10B96FF0850008BDFEF7D6
:103BF000F1F938B10138C0B20128F5D8034825F0F1
:103C0000E5FF01E0FFF7D6FF0020EFE7680A00209C
:103C100037B5104CA5683021EB6820469847B8B9F5
:103C200030212B696A462046984788B90A4C00988B
:103C30002378834204D0C0B22070FFF7A1FF38B9C7
:103C400001F0DCF82378984202D0184601F0DCF845
:103C500003B030BDC0A70200F75A002008B50548E0
:103C600025F00EFB18B1FFF7A5FF002008BD6FF08F
:103C70001200FBE7C0A702001FB50023CDE9023305
:103C8000044B8DF80C0001A801931FF0F3F805B068
:103C90005DF804FB24BB020008B5044800F0C8FD31
:103CA000002818BF6FF0150008BD00BFE53C0000FC
:103CB000014B1878704700BFE9090020084B1B78BA
:103CC0000B2B4FF001000AD8984010F4CD6F05D1AE
:103CD00010F4016F0CBF01200020704702207047D4
:103CE000E90900200A2808B5024613D00A4B0B49FF
:103CF0001870FFF7E3FF02280AD10B78032A08BFE8
:103D000043F001030B70BDE8084005481CF0E0BE1D
:103D10000023F7E708BD00BFE9090020F85A00209A
:103D2000FC04002008B5FFF7C9FF022806BF034BBB
:103D30001878002000F0010008BD00BFF85A0020EC
:103D400010B50948094C1CF04BF9206048B1084BEC
:103D50000849612201F0E8FE206820F05BF90020AC
:103D600010BD6FF01500FBE784E50200D0270020AE
:103D700028BB02008AE5020038B504460D46FFF76D
:103D800097FF0B280BD8DFE800F01E1E0A0A1E065C
:103D90000A0A0A0A0A1EBDE8384000F027BD4FF49F
:103DA0007672002309481CF0B9FC094821460068D6
:103DB00000232A4620F038F9044610B103481CF0CD
:103DC00073FC204638BD6FF01204FAE7100C002097
:103DD000D027002001481CF067BC00BF100C002059
:103DE00007B5064B0093064906480A234FF4407274
:103DF0001CF074FE002003B05DF804FB40BB020021
:103E0000D85E002060120020004870476012002039
:103E1000014B1B68184700BF0C05002030B585B06A
:103E200004460D4610220021684626F047FA022378
:103E30008DF802302A46044B0193214668461DF056
:103E4000D7FE05B030BD00BF113E000080B505466D
:103E50000E46174698461DF00FFA034626F0FEFA66
:103E6000DFF81890044649F800304246304639469B
:103E7000A84754F8090001F0C7FA00BF0800000085
:103E800008B50446EFF31183202383F31288BFF3B0
:103E90006F8F19F035FA204601F0A4FA02481FF09E
:103EA0003EFD1FF0E2FFFCE703E602002DE9F047CC
:103EB000058B04462807904611D4022905F0070512
:103EC00040F0CC8020461FF0D8FD78B10138218B1E
:103ED000042811D8DFE800F0C2106D859500012993
:103EE0000CBF45F0100545F02005258388F31188A7
:103EF000BFF36F8FBDE8F08701F0070AAA4500F015
:103F0000A5800027B9463E46A368002B00F0BC8080
:103F100041F00801218388F31188BFF36F8FA168F6
:103F2000002900F0BA800D68002900F0B680D1F8B1
:103F30000480334652462046C047002D76D02B6879
:103F400029461D46F0E701F007035A1F012A1BD836
:103F5000002221F00701062B276889B2C4E900225C
:103F600009D13B4603E0628B013262831B68002B60
:103F7000F9D141F00201218320461FF07EFD002887
:103F80007AD041F0200176E0042B0AD121F007011C
:103F900089B2218320461FF070FD10B141F020014D
:103FA0002183218B01F0070AAA454FD00027B9468B
:103FB000AAE7236921F0070141F00601062DD3F895
:103FC000009021832DD1B9F1000F3FD041F00801BD
:103FD000218388F31188BFF36F8F3A492046C84781
:103FE00029E021F00701236941F0040189B2042D81
:103FF000D3F804902183E6D000273E464FF0040A10
:1040000082E721F00701236941F0050189B2052DFE
:10401000D3F808902183D6D000273E464FF0050AFA
:1040200072E700273E464FF0060A6DE72B4687E70A
:10403000B9F1000FD1D1EFF31188202383F3128857
:10404000BFF36F8F238B23F008032383258BEA06AE
:104050002ED525F01003238305F007056669218B13
:10406000002EBFF670AF00232768C4E9003321F0AB
:10407000070141F001012183218B01F0070AAA45C4
:104080004FF000097FF440AF002F9CD041F00801B1
:10409000218388F31188BFF36F8F002FC8D03D684C
:1040A00039463346524620461FF013FD2F46F4E7AB
:1040B000AB067FF51BAF25F02003238305F0070532
:1040C00000E700BFFF3A0200F0B40C4B0C4E5F6AF1
:1040D0000C4BB34203D36FF08500F0BC70475D68B2
:1040E000BD4209D31C693CB195F802C00579AC45C5
:1040F00002D12346F0BC18472433EAE7D427002036
:104100004C0E0020280E00202DE9F047134CDFF85C
:104110005080DFF8509005460E461746444503D3BD
:104120006FF08500BDE8F0876268D9F824309A42C4
:1041300012D3A36983B190782979884205D13A4690
:1041400031462846BDE8F04718475279012A03D185
:104150003A463146284698472434DFE7280E0020A7
:104160004C0E0020D42700202DE9F0410B4CDFF845
:10417000308005460E461746444502D36FF0850051
:1041800009E063690BB92434F6E73A46314628461C
:1041900098470028F7D1BDE8F08100BF280E002025
:1041A0004C0E002010B5044623F04AFA10F1780FA7
:1041B00000D050B9054A20461FF086FDD2F8C43021
:1041C00023EA0003C2F8C430002010BDD427002029
:1041D000024B00221A605A60704700BF8F280020EF
:1041E00070B50B4B0B4CA34201D3002070BD196A74
:1041F0001E7F00220439D5B2AE4201D82433F2E743
:10420000013211F832508542F5D10120EEE700BFAE
:10421000280E00204C0E002008B509480378C3F38F
:1042200041130A3350F823303BB100F1080200F18A
:1042300010019847C043C00F08BD1846FCE700BFF7
:10424000D427002004282DE9F14FDFF8A090044680
:104250000F4616D001282DD1DFF88C8098F8B930A0
:1042600043B300F06DFD1F4D4D4520D2D5F820B071
:104270004FF0000A2B7F5FFA8AF6B34204D8243548
:10428000F2E7FFF7A5FFE7E70BEBC6060AF1010A25
:10429000307923F0D5F9024630791FF015FDD8F8B2
:1042A000C430002A23EA0003C8F8C430E2DA00234D
:1042B00088F8B9300B4D4D4508D30B4B1B6A6BB1D9
:1042C0003946204601B0BDE8F04F1847EB681BB1F6
:1042D0003A462146284698472435ECE701B0BDE828
:1042E000F08F00BF280E0020D42700204C0E0020A5
:1042F00073B5C4B263060D468DF8074007D020465B
:10430000FFF76EFF78B10D4B93F8BA0058B10B4E22
:10431000204655B116F0A4FDF3691BB10DF107015C
:1043200008209847012002B070BD16F0C1FDF36966
:10433000002BF7D00DF107010920F2E7D427002068
:1043400073B586788DF80060037942791C4C43EA96
:104350000223ADF80230C378304603F003038DF832
:1043600004301FF0B1FCD4F8C430184205460BD01D
:10437000304600F0C7FC3046FFF714FF25F0B0FAD6
:1043800010B996201CF036FF684616F045FD10F176
:10439000780F03D010B1002002B070BD9DF800006E
:1043A00016F0C2FD10F1780F01D00028F3D1D4F837
:1043B000C43001202B4384F8B900C4F8C430EBE7C3
:1043C000D42700202DE9F047A34EB36904460F46D9
:1043D0001546FBB9237803F01F03012B00F09D80E5
:1043E000022B00F0048133BB94F900002A68617845
:1043F000002834DA062912D008292BD0D9B9012394
:104400001370517096F8C3305B0043F001031370D2
:1044100002232AE198470028DCD100200DE06288C1
:10442000100A011F0129844605D9072803D8716A9B
:10443000D2B20C781CB96FF01500BDE8F0874E7849
:10444000664503D19A4200F00B8101332144F0E725
:104450000B780AE196F8BA301370012305E10139AF
:104460000829E8D801A353F821F000BF0545000052
:104470003744000013450000374400009144000019
:104480003744000037440000374400009D440000DA
:10449000A07816F0AFFC0028BFD0CCE76388756A1F
:1044A00063BBFFF795FE638886F8BA30F369002B8B
:1044B000B3D06A4903209847AFE76B78042B10D03C
:1044C000052B11D0022B04D16F796388BB4208BF42
:1044D00001202B781D442B78002BEED10028AAD088
:1044E000DFE795F80380F4E76388BB42F1D1B8F1C8
:1044F000000FEED12846FFF723FFEAE7FF27002051
:10450000B846E8E76388012B95D1002386F8C330CD
:1045100083E76388012B8ED1F8E796F8BA30D5F897
:1045200000C0002B87D0756AA38894F804E02A465F
:10453000107800283FF47FAF5178022904D192F817
:104540000480F04500F293800244F1E78CF80020EB
:104550008CF80120396060E7154494E00B2A7FF461
:104560006AAF00274FF0FF08C146BA4606E06B78F5
:10457000042B0FD0052B21D02B781D442B78002B3A
:10458000F5D1F36913B1514607209847002F7FF406
:1045900044AF50E795F80280A38895F803909845BA
:1045A000EAD163889945E7D1B8F1070F1CD806EB2B
:1045B0000803AA4683F8BB900127DDE7A38843459B
:1045C000DAD1A3784B450AD0AF78384600F09AFB91
:1045D0003846FFF7E7FDB0FA80F77F09CCE72846B9
:1045E000FFF7AEFE0746C7E7AA460027C4E794F9DF
:1045F00000206378002A18DA002B7FF41CAF24799E
:104600002D6863060AD02046FFF7EAFD00283FF434
:1046100012AF96F8BA30002B3FF40DAF2946204672
:1046200016F066FC00236B70F2E6012B08D0032B1A
:104630007FF401AF6388002B7FF4FDAE012103E01E
:10464000618800297FF4F7AEA088FFF751FE0028AB
:104650007FF4E3AEEFE600BFD42700208E280020D1
:10466000022829607FF4F4AE4B883B60D5E694F9CC
:10467000000062780028BFF671AF002A3FF466AFF1
:104680000A2A7FF4D8AE2A78002A3FF4D4AE69789B
:1046900004297FF461AFA9788B427FF45DAF072BCB
:1046A00096BF9B19002393F8BB308CF80030D4E6FA
:1046B00013B5164C237DF3B9E268A168019201ABF2
:1046C00080201FF00FFB019AA3681344A360E368E6
:1046D0009B1AE3606BB962B12369E2889A4208DDF4
:1046E00094F8C82093FBF2F102FB11330BB90123BC
:1046F000237502B010BD00231A4619468020237589
:1047000002B0BDE8104016F039BC00BFD42700202D
:1047100030B585B0002302460D460193002858D1DC
:10472000002935D108220B460DEB020122F0A1FF32
:10473000002804DA802016F093FB05B030BD2A4C27
:10474000029A2260039A626004F13802A2609DF925
:104750000820BDF80E302575002AC4E903550ADB90
:10476000802B04D9802016F07BFB0020E3E713B1F7
:10477000C4E90333E1E7FFF74FFD0028DAD0E28810
:1047800023699A42D4BFE260E360FFF791FFD4E768
:10479000154CD4E90215002D01AB04DC22F069FFB1
:1047A0000028CADAC6E72A4622F063FF0028D9DBD0
:1047B000019AA3681344A360E3689B1AE360002B8B
:1047C000BBD104F13803A360FFF726FD0028DCD13C
:1047D000B0E78028B1D1044BDA68002AD5D11B7D1F
:1047E000002BD2D1A9E700BFD4270020044B93F8B7
:1047F000C3300BB122F04CBF6FF00C00704700BF0C
:10480000D4270020054B064A9A62064ADA62064A15
:104810001A63064A58629A6100207047D427002024
:10482000C5430000C9400000694100000941000083
:104830002DE9F3410446474D47484FF0FF334FF011
:10484000FF321BF037FE95F8B830002B7BD16B6A36
:1048500083B142482C62E8616E6A16F0A9FC16F03A
:1048600097FA041E10DA3C481BF09CFE204602B06A
:10487000BDE8F08100F0BEF8FFF7C4FF6B6A002BC3
:10488000E7D14FF0FF34EEE700F07CFA041EEADBDC
:104890007378012B5AD1F379002B57D00026684644
:1048A00085F8C830ADF802308DF804608DF80060EE
:1048B00016F0B2FA041ED6DB802768468DF8007029
:1048C00016F0AAFA041ECEDB2549304616F05CFC31
:1048D000041EC8DB2249384616F056FC041EC2DB13
:1048E000204CDFF8848044451AD3002016F01CFBCE
:1048F000041EB8DBD5F8C430802043F00103C5F8AE
:10490000C43016F011FB041EADDBD5F8C43043F4FF
:104910008033C5F8C430012385F8B8300024A2E7FD
:10492000276A0026227FF3B29A4201D82434DAE7BC
:1049300007EBC30257F83310107916F025FC013647
:104940000028EFD09DE76FF077048CE76FF0150437
:1049500089E700BFD4270020240B00204542000037
:1049600011470000280E00204C0E002030B51F4BD0
:104970008BB005AA03F1100518685968144603C4E2
:104980000833AB422246F7D11B7823701022002156
:1049900001A825F093FC12220021154825F08EFC79
:1049A000102101A822F091FF00281BDD0828B8BFC4
:1049B0000820093801AB0E491A18002012F8013FEF
:1049C0000AAC04EB131403F00F0328336B440130DB
:1049D00014F8144C13F8143C0C7008284B7001F1B7
:1049E0000201EBD102480BB030BD00BF2CE6020043
:1049F000FA5A00202DE9F04F724B93F800B087B0BF
:104A0000BBF1000F03D0704807B0BDE8F08F6E4CCB
:104A100000264FF0011AB0463546B14623783BB91F
:104A20006A4B02349C42F3D1664A01231370EAE7D1
:104A30006378052B1BD8DFE803F08E03C38E1D3986
:104A4000402304A88DF810B0ADF812308DF814B0E2
:104A500022F0E1FD40B1082304A8ADF8123022F0A5
:104A6000DAFD08B1ADF812B0BDF81230E371237869
:104A70001C44D3E7E378002BF9D1A3786BB108F19C
:104A800001085FFA88F8F2E76B689C4207D024358A
:104A90004F4B9D42F8D30020B6E74E4DF8E7AB6888
:104AA000002BECD0414620469847E8E7002DF2D095
:104AB00000222B7F9A42EED2296AA07801EBC20134
:104AC0000B79984201D00132F3E70127E07800F03A
:104AD00003008DF81400207994F805C040EA0C20FA
:104AE000ADF8120094F902000028FBB228DA07F1B1
:104AF00010004FF0010C0CFA00F010EA0A0F26D15A
:104B000043F080008DF8100004A8CDE90213019253
:104B100022F081FDDDE90121039BC0B99DF8102041
:104B2000A27012F0800F18BF10330A7118BFDBB2E9
:104B30004FF0010214BF9A40BA404AEA020A96E7CF
:104B40000120B84010EA0A0F01D11846DAE7013710
:104B5000102FBBD1B7E7032E1AD1FFF707FF074687
:104B600050B1FBF7F9FA024630B11028A8BF102265
:104B70003946A01C25F07AFB23786FF00201E21879
:104B8000091B04EB5303D14213D50136F6B26EE78D
:104B9000002EF1D1B9F1000F3FF47DAFA4EB090372
:104BA00089F80230C3F3072389F8033089F80480B9
:104BB000EBE702F801BC13F8010902F8020DE2E785
:104BC000A14654E7F95A0020A40D0020280E002029
:104BD0004C0E0020280E002010B5094B00211A466B
:104BE0001C78844205D15C681CB1482303FB01207A
:104BF00010BD0131042903F14803F1D10020F7E78A
:104C0000A02800202DE9F34150F8303C10F8346C16
:104C1000103304460AD1036950F8282C980736D57A
:104C2000D2B9590715D5002344F8303C54F8303C2C
:104C300010330BD054E9097554F81C8C24F050FE45
:104C400000284FD02E48214624F0BBFD02B0BDE81D
:104C5000F08143F00403236154F82C1C01AB30466F
:104C60001FF040F810B16FF01503DDE7019A54F81A
:104C70002C3C134444F82C3C54F8283C9B1A44F830
:104C8000283C54F8243C134444F8243CCEE754F820
:104C90002C1C01AB304616F0EDF90028E3D1019D44
:104CA00054F82C3C2B4444F82C3C54F8283C5B1B17
:104CB00044F8283C54F8243C2B4444F8243C002D70
:104CC000B1D0304616F07AFAB5FBF0F303FB10557D
:104CD000002DA8D154F8283C002BA4D0304616F063
:104CE00011FAA3E744F8200CA4F118001BF0DCFC37
:104CF000002DABD0424639463046A847A6E700BF54
:104D00003022002010B5EFF31184202383F31288A2
:104D1000BFF36F8FFFF760FF50B14368103307D1C7
:104D20006FF08B03436000F13401044824F049FD27
:104D300084F31188BFF36F8F10BD00BF30220020B5
:104D4000F8B50E4C04252027EFF3118687F312885F
:104D5000BFF36F8F6368103307D16FF08B03084880
:104D6000636004F1340124F02CFD86F31188BFF355
:104D70006F8F013D04F14804E6D1F8BDA028002062
:104D80003022002070B50A4C0A4E002531462046DC
:104D900024F0ECFC0122A4F118001146013524F0A6
:104DA00062FC042D04F14804F0D1002070BD00BF66
:104DB000D4280020054C00001FB507240294044CA1
:104DC0000194BDF81840009421F0ECFB04B010BD34
:104DD000EA09002010B5084C86B024788DF81740F9
:104DE000012402940DF117040194BDF820400094B1
:104DF00021F0D8FB06B010BDF1090020014B187856
:104E0000704700BFF109002000B589B064288DF813
:104E1000070019D80E4B18221870002102A825F09F
:104E20004DFA0C4B03930DF10703049302A90123E0
:104E30000020ADF8143005F01BFC10F1800F08BF06
:104E4000002009B05DF804FB6FF01500F9E700BF22
:104E5000F1090020E8BB02002DE9F0410F4B1C686E
:104E600005460E461746ACB14FF0FF324FF0FF3308
:104E70000B481BF01FFB63683246D3F808802946B5
:104E80003B462046C047044605481BF08BFB2046A6
:104E9000BDE8F0816FF00104F9E700BFC0290020F0
:104EA000100B002030B585B000230546CDE9023354
:104EB00001904FF0FF330C484FF0FF321BF0FAFA2D
:104EC0000A4B1C684CB9284600F084F80446064892
:104ED0001BF068FB204605B030BD636820461B68A8
:104EE00001A998472468EDE7100B0020C429002091
:104EF0001FB5CDE9010103924FF0FF330A484FF08F
:104F0000FF321BF0D7FA094B1C682CB906481BF07E
:104F100049FB204604B010BD636820461B6801A908
:104F200098472468F1E700BF100B0020C429002037
:104F3000024B0022C3E90022704700BFC4290020B1
:104F4000024B0022C3E90022FFF7F2BFCC29002068
:104F5000F8B51C4C1C4E05460F46B44212D31B4EEE
:104F60001B484FF0FF324FF0FF331BF0A3FA3468B9
:104F70007CB1286854F8181C183CFBF7DBF8D0B15A
:104F8000A469F5E721682868FBF7D4F8B0B11834B4
:104F9000E3E700226F60AA61726805F118033AB96D
:104FA000C6E9003300240A481BF0FCFA2046F8BD8D
:104FB00013607360F6E76FF01004F4E76FF010040D
:104FC000F4E700BF98AA020058AB0200CC290020E9
:104FD000100B00202DE9F047DFF8B090DFF8B0A00B
:104FE00080464FF000470026274C3D464C450DD3E8
:104FF000DAF80040002C42D0183CB8F1000F25D15F
:1050000022695ABBA469F5E72F46EDE7B8F1000F16
:1050100003D122694AB91834E8E7206800224146E2
:105020001EF0CFFE0028F4D1F5E76368BB4205DD32
:10503000AF4209D09D42A8BF1D46ECE7EBD1904797
:10504000002E08BF0646E6E71D46E4E7206800227A
:1050500041461EF0B6FE0028D2D1D3E76368BB42BA
:1050600005DDBD4209D09D42A8BF1D46CAE7C9D192
:105070009047002E08BF0646C4E71D46C2E7AF4270
:10508000C2D13046BDE8F08798AA020058AB0200B2
:10509000CC29002038B50C4D0C484FF0FF334FF0B1
:1050A000FF321BF007FA2B783BB9FFF749FF1EF0E0
:1050B000BEFE044610B901232B70002403481BF0E8
:1050C00071FA204638BD00BF0C5B0020100B002099
:1050D00030BFFFF7FDBF00BF2DE9F0410B4EDFF8F9
:1050E000348006EB0807CC1B0546324608492046AB
:1050F00025F0BCF8A01942460021083C25F0DEF856
:10510000AC6607F10800BDE8F08100BF00000000B8
:1051100058AB020008000000054B9A699B689A4250
:105120001FBF044A536843F080535360704700BF69
:105130009C59002000ED00E0134B9A6A12F0007FAA
:105140009A6A14BF1E201D2012F0807F9A6A18BF31
:105150001F2012F4002F9A6A18BF212012F4802F0A
:105160009A6A18BF222012F4003F9A6A18BF2320BF
:1051700012F4803F9A6A6FEA02426FEA12429A6220
:1051800018BF2420704700BF00ED00E010B5194B98
:105190000246986A9C6A10F4805F14BF172016209C
:1051A00014F4006F9C6A18BF1820A40509D5986BE9
:1051B000986A000404D51AB19A6A22F400429A62ED
:1051C00019200C4B9A6A12F4806F9A6A18BF1A2041
:1051D000D2050CD49B6A13F4005F18BF1C20054A4B
:1051E000936A43F47F43936200230B7010BD1B202E
:1051F000F5E700BF00ED00E010B51C4B0246986AD1
:105200009C6A10F0100F14BF1120102014F0080F2A
:105210009C6A18BF1220A40709D5586B986A00062B
:1052200004D51AB19A6A22F080029A6213200F4BB9
:105230009A6A12F0010F9A6A18BF142012F0200F18
:105240009A6A18BF1520D40658BF9B6A074B9A6A02
:10525000920642BF5A6A22F400525A629A6A42F097
:10526000FF029A6200230B7010BD00BF00ED00E04A
:1052700070B5444B5B689CB00646C3F30803002539
:1052800085F31188BFF36F8F02F07F40B0F17F4F3D
:1052900011D102F00C0008280DD010074CBF0E46AB
:1052A00001250022033B8DF80720032B05D8DFE8FA
:1052B00003F01E5C60592E46F3E700249DF807308A
:1052C0009BB96822314602A824F0D0FF099B002D2B
:1052D00053D0C3F3080222B96FEA53236FEA432382
:1052E000099302A920461EF0A4FD1CB070BD254BF9
:1052F000DA6A9107E1D4DA6A002ADEDBDA6A520060
:10530000DBD55A69B16942F480725A61BFF34F8F9D
:10531000BFF36F8F5A6931F8021C22F480725A6110
:10532000BFF34F8FBFF36F8F4DF60272914209D0DA
:105330009A6AD2B242B10DF107010120FFF75CFF7A
:105340000446BBE73468B9E79A6A12F47F4F05D088
:105350000DF107010120FFF719FFF1E79B6AB3F593
:10536000803FAAD3FFF7E8FEEAE70DF1070100202E
:10537000E4E70DF107010020EDE723F4FF7323F0CC
:105380000103ADE700ED00E0044B5A6942F0100262
:105390005A615A6922F008025A61704700ED00E034
:1053A000EFF30880EFF3098101B57246FFF760FF64
:1053B00001BD00BF17F0CEFF202080F31188084800
:1053C0004FF40061401880F30988EFF31480022144
:1053D000084380F31488BFF36F8F00F0CDF800000E
:1053E000887A0020BFF34F8F0549064BCA6802F444
:1053F000E0621343CB60BFF34F8F00BFFDE700BFF8
:1054000000ED00E00400FA05084B9B6883420BD1D5
:10541000EFF3058343B1064B5A6842F080525A605D
:105420005A6A22F400425A621BF02CBF9C59002099
:1054300000ED00E020498A6882F8B5E04FF03000C6
:105440001044EFF3098C80E8F01F1EF0100F03D119
:1054500002F1740080EC108A202080F31288BFF3E0
:105460006F8F164F4FF000668A698A603E60906EBB
:10547000134C206092F9B5E0D06E0023D36680F320
:1054800011881EF0100F03D00023E1EE103A03E064
:1054900002F1740090EC108AEFF3148323F00403FC
:1054A00083F31488BFF36F8F02F1300090E8F01F90
:1054B0008CF30988704700009C59002004ED00E03F
:1054C000D42900201EF0040F0CBFEFF30880EFF387
:1054D0000980816911F8021C0229FFD001B57246CA
:1054E0001EF0ADFC01BD00BF40B2002807DB044A3E
:1054F0004109012300F01F00834042F8213070472A
:1055000000E100E040B200280CDB4309064900F04E
:105510001F0020330122824041F82320BFF34F8F28
:10552000BFF36F8F704700BF00E100E0054B4209F9
:1055300000F01F0053F82220012303FA00F010406E
:10554000704700BF00E100E040B20028A8BF00F1B2
:10555000604001F10101B8BF064B4FEA4111ACBFF9
:1055600000F5614000F00F00C9B2B4BF195480F8D3
:105570000013704714ED00E0144A08B5144B22F0F4
:105580007F029A60BFF34F8FBFF36F8FD3F88820ED
:1055900022F47002C3F88820D3F8882042F4A002D5
:1055A000C3F888204FF04042C3F83422BFF34F8F36
:1055B000BFF36F8F0023E1EE103A1AF0C5FD1BF028
:1055C00099FF00F07BF81AF0FFFD00BF000000001B
:1055D00000ED00E042F8203C009B42F81C3C019B9F
:1055E00042F8183C0A49029B42F8143C4FF0807381
:1055F00042F8043C21F00101002342F8081C203A43
:10560000C3664FF47D430265C0F8B430704700BFF5
:105610004D3E0000104B9B6883421AD1EFF305808A
:10562000B8B9EFF31181202282F31288BFF36F8F94
:105630001A7B22F002021A73EFF3148323F004039F
:1056400083F31488BFF36F8F81F31188BFF36F8FDB
:1056500070476FF0150070479C59002000B50E464A
:1056600015460023E1EE103AEFF3148323F0040310
:1056700083F31488BFF36F8FBFF36F8F084B826E75
:105680009860084B1A602C4686F309880020064B68
:1056900098472046002100220023044C204700BFE9
:1056A0009C590020D42900205D3E02004D3E0000A0
:1056B000014B10221A61704700ED00E004480023FE
:1056C0002021C2180133302B82F80013F9D1704722
:1056D00000E100E008B5EFF30583064A103B02EB5A
:1056E000C30152F8330049688847BDE80840FFF716
:1056F00013BD00BF38A8020008B50649064821F0CE
:105700000701C1F1005202F580221EF0C9F8002005
:1057100008BD00BF9BA40020D829002003484FF0FB
:10572000FF324FF0FF331AF0C5BE00BF5405002012
:1057300001481AF037BF00BF5405002038B50546B0
:10574000FFF7ECFF08482A4608211EF041F80446FE
:1057500028B925B124F082FE044B0C221A50FFF721
:10576000E7FF204638BD00BFD82900200C0000000C
:1057700010B50446FFF7D2FF214603481DF0F0FFA5
:10578000BDE81040FFF7D4BFD829002070B5A0FBBA
:1057900001543CB92846FFF7D1FF064640B9002620
:1057A000304670BD24F05AFE044B0C221A50F6E726
:1057B0002A46214624F082FDF2E700BF0C000000DB
:1057C00070B54169867A0B4D044659B1437ADB07BF
:1057D00006D42C2303FB06535B6A1B689B6898471F
:1057E000002363612C20214606FB0050BDE8704079
:1057F00023F02BBF700C0020024B2C2202FB003048
:10580000704700BF700C0020827A064B2C2101FBF0
:1058100002339A6A1B7F1B33801A23F00303B0FB09
:10582000F3F07047700C002038B5074B827A2C24B7
:1058300004FB02335B6AD3E901240C601568FFF7AF
:10584000E3FF04FB005038BD700C00202DE9F0434D
:1058500085B005466846039190461C4624F071F9D0
:10586000DDE90067EFF31189202383F31288BFF38A
:105870006F8F6B8B002B41D02A8B9A4225D9002247
:10588000002328461AF0DEFE0446F0B189F31188A1
:10589000BFF36F8F039B002B41D032463B466846D7
:1058A00024F073F9A27A264B2C2101FB0233204607
:1058B0005B6A1B6803A91D68DDE90023A8476061D6
:1058C00070BB2046FFF77CFF24E0698B4B1E6B8387
:1058D00089F31188BFF36F8F2B7F2A8BAC6A1B3340
:1058E00023F00303521A02FB0344154B154AEB1A2B
:1058F0009B105343A3722B7FE372CBE789F311888C
:10590000BFF36F8F2346424628461AF09BFE04469B
:105910000028BFD10024204605B0BDE8F0836361B4
:10592000012300252381039B6382E27A6560294677
:1059300004F1180024F0C2FC63692582E360EAE701
:10594000700C0020A38B2EBA70B50C4C2C2500B91E
:1059500070BD037A4668013BDBB20372002BF7D1BE
:10596000C3604360837A05FB03431B6A13B1984706
:105970003046ECE7FFF724FFFAE700BF700C002089
:10598000024B0122C3F840250020704700E001408F
:1059900020B1034B800143F001031847704700BF5B
:1059A000D0AB020008B5044823F06AFC00280CBF05
:1059B0006FF01200002008BD58A6020010B5034683
:1059C0000548826814688AB21946A0470028B4BF07
:1059D0006FF00400002010BD58A6020010B50C4660
:1059E000014608481EF0B0F950B1022C08D150F819
:1059F000083C2BB11B691BB1BDE81040006818477B
:105A000010BD00BFFC290020F8B590F90030002B34
:105A100004460D46174602DB6FF01500F8BD0388FB
:105A200023F0E0039BB240F201629342F4D1468836
:105A300001791248360A1EF079F90028ECD0212E9F
:105A400004D0222E0FD06FF08500E7E70368E188CD
:105A50005B685B6813F8092F914294BF29602A6044
:105A60003B600020DAE7E38850F80C2C9A4294BFA0
:105A70002A602B6050F8103CF2E700BFFC290020A0
:105A80002DE9F04104460E460179144817461EF0F0
:105A90004DF90546D0B194F9002000686378002ADA
:105AA0000DDA012B16D155F8083C9BB11D688DB15C
:105AB0003B4632462146AC46BDE8F0416047092BE3
:105AC00008D155F8083C2BB15D68F0E76FF0120083
:105AD000BDE8F0816FF08500FAE700BFFC290020E7
:105AE00010B50C4601460F481EF014F950B1611E66
:105AF000052907D8DFE801F0070603070D0F01238A
:105B000000F8043C10BD002300F8043C00F8033CFE
:105B1000F8E70123FAE710F8033C002BF2D000234A
:105B2000F4E700BFFC29002010B50469C4E90012A5
:105B3000A36000236361064B2061596804F11402DD
:105B400011B9C3E9002210BD0A605A60FBE700BF2B
:105B5000FC2900202DE9F341254CBFF35B8F1F4644
:105B60002368BFF35B8F1646DA0705462BD520B9AD
:105B70006FF0010002B0BDE8F08101A91EF045F907
:105B80001C4980460246284624F033FAE8B9BFF3A0
:105B90005B8F2368BFF35B8FC3F3C0081B0712D46E
:105BA000A4F1D405072229463846B047062895BFF8
:105BB00044F8D48C0723C5F80380B0FBF3F094BFFE
:105BC00085F80780E8710020D4E728460A49424654
:105BD00024F00FFA05460028CAD1102204F19C01D6
:105BE0003846B0470028EEDB044484F89C50EAE7CE
:105BF000140100205DE4020063E602002DE9F0419B
:105C000088B09C79DDF838805D791E79DF7893F86B
:105C100002C093F801E01B78B8F1000F0ED0CDE977
:105C20000638CDE904CE1346CDE90267CDE900453B
:105C3000084A1BF087FE08B0BDE8F081CDE905E316
:105C4000CDE9037C1346CDE90156034A00941BF0CD
:105C500079FEF0E768E602008CE6020070B50446C3
:105C60008CB01E461546A2B129B10A4602A80421ED
:105C70001DF06FFE02A900912B462246242103A8A5
:105C8000FFF7BCFF109A314603A8FFF7E5F80CB008
:105C900070BD0346044A242103A81BF053FE0028CC
:105CA000F0DA6FF01500F2E7ADE6020007B5064B3B
:105CB0000648DA79C2EBC202009200221146FFF7D1
:105CC000CDFF03B05DF804FB400000205DE402005E
:105CD00030B504468DB0154692B129B10A4602A8E6
:105CE00004211DF036FE02A900912B4622462421F4
:105CF00003A8FFF783FF03A81EF05CF80DB030BDCA
:105D00000346054A242103A81BF01CFE0028F2DAF2
:105D10006FF01500F2E700BFADE6020007B5009393
:105D200013460A4601460348FFF798FF03B05DF8A3
:105D300004FB00BFAAE802000A4601460148FFF73B
:105D4000C7BF00BFAAE8020007B5009313460A4682
:105D500001460348FFF782FF03B05DF804FB00BF74
:105D6000A4E802000A4601460148FFF7B1BF00BFA0
:105D7000A4E8020007B5009313460A46014603480B
:105D8000FFF76CFF03B05DF804FB00BF95E802006D
:105D90000A4601460148FFF79BBF00BF95E8020095
:105DA00007B500220346009103481146FFF756FF4E
:105DB00003B05DF804FB00BF9CE8020007B50022B9
:105DC0000346009103481146FFF748FF03B05DF812
:105DD00004FB00BF63E6020008B502481AF078FE33
:105DE000002008BD7005002070B51D4CBFF35B8F0F
:105DF0002368BFF35B8F13F0010F254622D094F880
:105E00009C30A4F1D40613B9164800F083FBF37953
:105E1000D3B1BFF35B8F2368BFF35B8F5A0701D405
:105E200000F072FBBFF35B8F55E8003F23F4006284
:105E300045E800210029F7D1BFF35B8F1B0501D591
:105E4000FFF7CAFF002009E001F0FAF830B9F37952
:105E5000002BDED101F004F90028DAD070BD00BFBC
:105E60001401002012EC020007B5009313460A4605
:105E700001460348FFF7F2FE03B05DF804FB00BFE4
:105E8000E9E802000A4601460148FFF721BF00BFCA
:105E9000E9E8020030B50A4D0A4B85B000242846D7
:105EA0000293039423F0B8FC02AB00932846064902
:105EB0000A234FF4AF621AF011FE204605B030BD40
:105EC00038130020B6E60200D861002001460148E0
:105ED0001AF042BE381300200146014823F071BC7D
:105EE000381300200378012B30B513D0022B27D0B4
:105EF0007BB9194B0A4603F1100453F8045B42F8CE
:105F0000045BA342F9D11B78137043884B731B0ABF
:105F10008B7330BD104B0A4603F1100453F8045B39
:105F200042F8045BA342F9D11B78137043684B73AA
:105F3000C3F307221B0CCB731B0A8A730B74E8E7AD
:105F400000F1100350F8042B41F8042B9842F9D1CA
:105F500003780B70DDE700BFBFE6020008B51EF056
:105F60004EF91BF073F8044B1B680BB10A209847DD
:105F7000BDE808401BF07EB8042A002038B505466D
:105F800005481DF094FF044620B101210C301DF09E
:105F9000EFFF2576204638BD4C0D00200F2810B5A8
:105FA0000ED80D280ED90B481DF081FF044628B1EC
:105FB00001210C301DF0DCFF02232376204610BDAA
:105FC0001328F0D009B10448EEE7BDE810400220E4
:105FD000FFF7D4BF780D0020C80C0020F8B50646A6
:105FE0000F4602F0A3FA044640B18378012B24D077
:105FF00013211FF07FF8204601F06CFF3946304630
:1060000005F082FD054628BB3946304604F0F0FC19
:10601000144B1B6823B31C6804B10C3C53F8043CBC
:1060200013B1394630469847D4B12346E4689B689B
:10603000A4B10C3C002BF4D1F7E70023D0F8A0501A
:10604000C0F8A03013211FF055F8204601F042FFA0
:10605000002DD3D0284621F0F3F8D5E7002BE0D16E
:10606000F8BD00BF8C2A002070B5C6683378B6F83A
:106070000140A3B90F21204601F0E0FFF178054669
:1060800070B90C4A138813B1538843B901236FEADE
:1060900004506FEA105022F81300074AD15470BD23
:1060A0000173012101F040FF2846BDE8704001F076
:1060B00011BF00BFDC5900200D5B002010B5084C5B
:1060C0000146062294F86F0002F056FA38B994F8A7
:1060D0006F000449BDE81040052202F04DBA10BD22
:1060E0004000002049E6020010B5012104460C30B2
:1060F0001DF070FF2146034A0078BDE810400023E0
:106100001EF067B910BD020010B5012104460C3025
:106110001DF060FF2146034A0078BDE810400823C7
:106120001EF057B9D0BC020070B52F481DF0D8FE44
:106130000446002857D0017E022932D0082902D116
:10614000038A032B02D8FFF7FFFB20E004210C3069
:106150001DF040FFFF22438806886276228AC6F33C
:106160000B009A42A08301D02046ECE70F2101F0FA
:1061700065FF05460028F7D001F09CFF320B6076E2
:10618000214628461EF01AFF284601F0A3FE174BB1
:10619000D3F84C313BB3BDE870401549154823F0A6
:1061A00010BB038A012BCED90C301DF013FF05461E
:1061B00000781EF099F810F002060DD10E4A0F4932
:1061C0000F4840F6D3331DF0B7FB86F31188BFF3B9
:1061D0006F8F0323184602DF0A4A287806232146D8
:1061E0001EF0F7F8C0E770BD8C01002040000020D1
:1061F0009005002010140020D0E6020004E7020001
:1062000032E70200A0BC02002DE9F047884616469E
:106210008246002879D0BFF35B8FDFF8F890002327
:1062200059E8004F49E80032002AF9D1BFF35B8FEB
:10623000002C6AD02046FFF7E7FA354D0C2303FB0C
:10624000005027464388534511D0BFF35B8F59E870
:10625000003F49E80072002AF9D1BFF35B8F002BA1
:1062600053D01F463846BDE8F047FFF76DBBA64246
:106270000FD020461DF016FE04F10C090223012167
:10628000484623761DF074FE328AF16848461DF0B8
:1062900080FE2046FFF7B8FA0C2606FB0050436844
:1062A000ABB1B8F1000F12D12046FFF7ADFA06FBF3
:1062B000005001214268D2E90003127A03F01F0660
:1062C000B1405B09DAB100EB83001EF01FF82046F5
:1062D000FFF79AFA0C2606FB00508368002BC1D00A
:1062E0002046FFF791FA704305F800802046FFF73B
:1062F0008BFA06FB0055A8681AF0D6F9B2E7C94335
:1063000000EB83001EF07CF8E1E7BDE8F08700BFFA
:10631000082A00208801002010B5C1E900239DF85B
:1063200008300B720C46FFF76FFA034B0C2202FB8E
:1063300000335C6010BD00BF082A00202DE9F04743
:106340004FF0FF3206464FF0FF33184888461DF0E5
:10635000AEFD044638B300F10C07012138461DF0AC
:1063600007FE012323762046FFF74EFA104D4FF02B
:106370000C0909FB00504FF0000A46802046FFF749
:1063800043FA09FB0050C0F808A02046FFF73CFA8A
:1063900009FB005503213846C5F804A01DF0F3FDA4
:1063A000068080F802802046BDE8F087200D00209E
:1063B000082A002037B504460D468DF80700A0B91D
:1063C00029B10B490722284623F003FE40B90949A9
:1063D0000DF10702002005F0A7FA002003B030BD40
:1063E00029462046FFF7FAFDF7E76FF01500F5E7BD
:1063F00050E602002B43020029289ABF014B185C8B
:1064000009207047EBE70200034B0146D3F86C010B
:1064100082689268104700BF400000202DE9F843D1
:10642000044600F10C0630461DF0E4FDB4F810807F
:10643000B8F1010F054604D82046BDE8F843FFF740
:1064400083BA304602211DF0C5FD074600781DF0D5
:106450004BFF10F0010906460DD10F4A0F491048B5
:1064600040F6F2731DF068FA89F31188BFF36F8F5D
:106470000323184602DF05230A4A387821461DF017
:10648000A8FFB307D8D56369A4F8108013FA85F57F
:10649000E560BDE8F88300BFD0E602004FE70200E8
:1064A00032E7020078BC020038B50C461AF0CEFD87
:1064B000237E022B0AD0082B19D121460F481DF04C
:1064C000FAFC0F490F4823F07CF90BE0E3681878D9
:1064D0001DF00AFFC207054602D52046FFF79EFFC2
:1064E000AB07EAD400241AF0C5FD204638BD20468B
:1064F000FFF72AFA6FF01504F5E700BF8C010020C2
:106500009005002010140020014804211DF0FEBE5B
:106510001401002038B50546F9F71EFE1028044680
:1065200015D80C482946F9F705FE70B122462946D0
:10653000084823F09BFE084803190022214600F575
:10654000B87083F87021FFF739FC002038BD6FF078
:106550000B00FBE7B001002040000020004870471E
:10656000B001002001481AF0B3BA00BF8005002036
:1065700038B505460C4619B9FFF7E0FE0446A8B148
:1065800040F635439D4209D12046FFF73DFF0546C1
:1065900050B12046FFF7D8F9284638BD05482146B6
:1065A00023F048F8FFF7DEFF0025F5E76FF06805F8
:1065B000F2E700BF9401002038B502460B46244D97
:1065C000D5F8541109B9002038BD05F598701AF0B6
:1065D000A5F80028F7D10022002305F5AA701AF0CB
:1065E00031F8044668B91B4A1B491C4840F6E2339F
:1065F0001DF0A2F984F31188BFF36F8F03231846AF
:1066000002DFD5F8480120B1FFF79EF90023C5F855
:10661000483120461DF07AFCC5F848012046FFF7B6
:10662000F3FE98B10E481AF03FF82046FFF7ECF859
:106630000C4B0C2202FB00301F2140882246FFF742
:10664000E3FD2046FFF780F9FFF78CFF0120BBE751
:1066500040000020D0E6020068E7020032E70200B6
:1066600070010020082A00202DE9F04F064687B06F
:1066700015460C4631B9FFF761FE044648B96FF084
:1066800068007BE0887AFFF7B7F8484B834240F018
:10669000868001220021684622F0E5FF2046FFF7B0
:1066A000B3F8DFF82C910C2303FB0090C0F808D05E
:1066B00020461DF02BFC01463D4822F0BBFFFFF7B2
:1066C00051FF23F0CBFE3B4B1A583B4B9A4222D151
:1066D000DFF8F0A0DFF8FCB0354822F0C0FF002161
:1066E00080464FF4A020FFF767FF074688B94FF4B4
:1066F000D7735246594631481DF01EF9304831468D
:106700001DF01AF987F31188BFF36F8F0323184622
:1067100002DF4445E0D14FF4A0220023684619F07F
:10672000FDFF074698B14FF4DA73264A26492348FD
:106730001DF002F925483A4631461DF0FDF80023C8
:1067400083F31188BFF36F8F0323184602DF2046BF
:10675000FFF75AF80C23584319F80060BEB12046E1
:10676000093EFFF7F1F8092E0ED8DFE806F01B0D01
:106770000D0A050D0D0D0D186FF00B0007B0BDE8EB
:10678000F08F6FF00C00F9E76FF00400F6E715B139
:106790002C600020F2E72046FFF7D6F8F9E76FF00B
:1067A0001500EBE76FF06E00E8E700BF200D00205A
:1067B00094010020080000003022002032E702008F
:1067C00074E70200D0E6020094E702009DE70200B1
:1067D000082A00206CE70200F7B5144B93F99B30B0
:1067E000002B05460C461DDA14B9204603B0F0BD57
:1067F000082C01AA4FF0000142F21800264628BFDB
:106800000826FFF731FF0028F0D1019FF9683246D2
:106810000131284623F02AFD3846FFF795F8354424
:10682000A41BE1E76FF08500E0E700BF4000002017
:1068300010B5F9F7E9FD034B1B6813B1BDE8104033
:10684000184710BD2C2A002073B5274D0646D5F8F1
:106850006C0122F015FD00283FD06FF0020105F118
:10686000D4001DF0CDFD01211DF050FDC30737D42C
:106870001DF056FC044668BB1C4B1E6001221146ED
:1068800005F5987022F0EFFE05F5AA7022F094FE4F
:10689000174822F0C1FF1749154800946FF007030D
:1068A00040F698021AF01AF91349114823F01EF81D
:1068B000D5F86C01114983681B689847044648B9AC
:1068C00026B902B0BDE87040F9F79EBD05F1C400DD
:1068D0001AF0FEF8204602B070BD6FF01204F9E71E
:1068E0006FF07704F6E700BF400000202C2A00205C
:1068F0001014002050670020E2E70200A9640000A5
:106900002DE9F0435F4AB0F80180118848F47043E4
:10691000994285B0054630D0518899422FD1012344
:10692000002122F81310584AD65C00F0CBF9EB781E
:10693000012B08BF554B05F1040420460CBF93F80A
:106940006F7000271DF057FC2146D0B102A81DF042
:1069500047FCD5F81130CDF80130B5F81530ADF859
:1069600005304FF00109EB78012B21D0132140466F
:106970001DF090FF05B0BDE8F0830023D0E70026AE
:10698000D3E738461EF006F90346006802909A885D
:106990009B796868ADF80C208DF80E30A288A37939
:1069A00095F804900090ADF804208DF80630DAE7F1
:1069B00002A8FFF783FBEB78012B04460AD100F015
:1069C00091FC6FF08001074610301DF019FD38462C
:1069D0001EF06BFA002CC9D02346B5F8012023F82D
:1069E000702B02989DF80E20BDF80C1020679A714C
:1069F0009980B5F81730A4F88630B5F81930A4F8A6
:106A00008C30B5F81B30A4F88E30EB78E3700022A0
:106A1000012B227324D18DF80090BDF804209DF83D
:106A200006300098A4F87B2084F87D30C4F8770005
:106A300000F058FC237A154AC3EBC3039918D358C6
:106A4000C4F87E308B88A4F882308B7984F8843047
:106A5000D2E9381303F03F03194301D000F0E6FDFB
:106A60000721204601F060FA26B126730121204655
:106A700001F05AFA204601F04DFB204601F02AFAB7
:106A800078E700BFDC5900200D5B002040000020AB
:106A900000B5C3681A7889B032B13C2A32D109B046
:106AA0005DF804EB1DF0B8BC8DF80020B3F80120B0
:106AB000ADF80120DA788DF80320B3F80B20ADF89B
:106AC0001720B3F80D20ADF81920B3F80F20ADF85A
:106AD0001B205A7C8DF81D20586801901A899B7ADA
:106AE0008DF80A30094BADF8082068461A689B8873
:106AF000CDF80B20ADF80F30CDF81120ADF81530E2
:106B0000FFF7FEFE09B05DF804FB00BF5DE6020082
:106B100038B5032104460C301DF05CFAE3680578B3
:106B2000B0F80100197840F6354398420AD0224661
:106B3000FFF76AFB35B1044819F0B6FDBDE83840EF
:106B4000FFF710BD38BD00BF7001002038B504212B
:106B500004460C301DF03EFA457801784088224604
:106B6000FFF752FB35B1044819F09EFDBDE83840EF
:106B7000FFF7F8BC38BD00BF7001002070B54FF0C2
:106B8000FF320D464FF0FF3300210646FFF706FAAD
:106B9000044660B90A4A0B490B4813231CF0CCFE8B
:106BA00084F31188BFF36F8F0323184602DF02219D
:106BB00004F10C001DF0E7F906704570204670BD29
:106BC00015E8020068E7020032E70200F8B50A4D56
:106BD000EF7906460024E3B29F4202D86FF001002D
:106BE00007E0294630461DF00CFF0735631C08B14D
:106BF0002046F8BD1C46EEE74000002037B50446AD
:106C00000D46B9B1164928461DF0FBFE90B915484E
:106C1000C4EBC404294620441DF0FBFE12481DF0BD
:106C2000FFFE430703D5FFF7D7F81DF07BFA0020DE
:106C300003B030BD68461DF0C5FA0028F8D168469B
:106C4000FFF7C4FF0028F5DA064BC4EBC400184474
:106C500069461DF0DEFE002DE0D001462846DBE748
:106C600050E60200400000201401002070B5144ED0
:106C700006223146044623F0ACF9D8B1062142F28F
:106C80000500FFF75BFB0546B0B1062221460C303C
:106C90001DF07FF90022294642F20500FFF7E4FCCF
:106CA00048B93346226843F86929A288B280012294
:106CB00083F86820002070BD6FF06800FBE700BF1C
:106CC000A90000200A4BBFF35B8F53E8002F22F48A
:106CD000806143E800100028F7D1BFF35B8F5305B4
:106CE00004D504490022022004F050BE704700BFC2
:106CF00014010020F34B020007B50023CDE9000387
:106D000004496A46022004F041FE019803B05DF890
:106D100004FB00BF074B0200F7B5054670B1464CB7
:106D200094F8222194F823310AB19A4208D201330F
:106D300084F823312B7A43F004032B7203B0F0BDA7
:106D400000210222084601F017FC0646A8B1BFF355
:106D50005B8FD43454E8003F43F4806344E800324E
:106D6000002AF7D1BFF35B8F2B7A43F001032B721C
:106D700003B0BDE8F04001F0ADB801462F4800F087
:106D8000ABFA94F82331B3B994F8232194F8223163
:106D90009A421FD10022114642F22900FFF764FCFB
:106DA00070B994F82331013384F823312B7A43F0FE
:106DB00004032B7204E030461DF074FE0028E3D07B
:106DC00001201DF06FFE1E48002103B0BDE8F04019
:106DD00000F082BA2A466F1C12F82A0B39461DF0C1
:106DE00025FE06460028EBD194F82331013384F8C0
:106DF00023312B7A43F004032B7294F8A7305B07FE
:106E0000DED5394668461DF004FE0123082142F212
:106E10004E008DF80730FFF791FA04460028CFD0D6
:106E2000694608220C301DF0B4F83246214642F281
:106E30004E00FFF719FCC3E7400000205D4B020045
:106E4000D54A02002DE9F041054660B33C4C94F868
:106E5000222194F82331F2B1013293421CDC00214B
:106E60000222084601F088FB0646F0B1BFF35B8FB3
:106E7000D43454E8003F43F4806344E80032002AED
:106E8000F7D1BFF35B8F2B7A43F002032B72BDE87F
:106E9000F04101F01FB813B1013B84F823312B7A84
:106EA00023F004032B72BDE8F0810146254800F071
:106EB00013FA30461DF0F6FD074688B994F82331E1
:106EC00094F822219A4217D2013B84F823312B7A7D
:106ED0001D4923F0040302462B72022004F056FDE4
:106EE00094F8233113B101201DF0DCFDBDE8F04121
:106EF0001648002100F0F0B9072142F22800FFF700
:106F00001DFA05F1010806460028E9D007210C30DA
:106F10001DF039F841461DF07CFD3A46314642F2FB
:106F20002800FFF7A1FB0028DAD194F82331013BB8
:106F300084F823312B7A23F004032B72D0E700BFAF
:106F4000400000205D4B02008F4A0200D54A02003B
:106F500070B5044611B16FF0150070BD80B11B49CA
:106F60001DF04FFD60B92046FFF730FE002827DAFC
:106F70002378012BEFD1A37903F0C003C02BEAD112
:106F8000134DEB79012B1ED005F1D4001DF048FD07
:106F9000C30707D4002CDED00C4920461DF031FD7C
:106FA0000028D8D1EE792146731C3046EB71FFF7EB
:106FB00025FE08B93046D0E7EB79013BEB71CCE711
:106FC0006FF07700C9E76FF00B00C6E750E60200EC
:106FD000400000202DE9F3410446D8B101AA002168
:106FE00041F20900FFF740FB054698B9019E12499E
:106FF000D6F80C8008F101070622384622F0E9FF96
:1070000028B10E490622384622F0E3FF30B9304657
:10701000FEF79AFC002002B0BDE8F081D8F80130FC
:10702000C4F80130BB88A4F8053030462570FEF75F
:107030008BFC0120EFE700BF5DE6020057E602008F
:1070400007B56846FFF7C6FF044BD87118B169460B
:107050000020FFF7D3FD03B05DF804FB40000020E3
:10706000F0B5294DEE7989B0002E46D195F8C230A1
:10707000DB0722D56A4631464FF60940FFF7F4FA9E
:10708000D8B9DDF800C0DCF80C406378012B1E464F
:1070900028BF012673B1A31C02AA123418685968CC
:1070A000174603C70833A3423A46F7D11868386039
:1070B0009B88BB806046FEF747FCEE7100241626D5
:1070C0000127EB79E0B2834202D8B3B1002012E08D
:1070D00008AB06FB0033694653F8182C33F8143C10
:1070E000CDF80120ADF805308DF80070FFF786FD72
:1070F00001340028E5D009B0F0BD0021084609B0F0
:10710000BDE8F040FFF724BF400000202DE9F0412A
:107110000D4617461C460646002856D0002B54D074
:107120000A03037808D56D074FD41DF047FD0028EA
:1071300049D1012323700CE0E9072CD526480FB173
:10714000AA0608D4C3EBC302825C012A12D002B99A
:107150002270002037E090F8D820510638D5C3EBD4
:10716000C302825C012A05D002B92270237843F061
:107170000203DFE74FF00108072111FB03810144FF
:1071800030461DF013FDF0B984F80080002FE0D0E8
:10719000AB06DED5EAE76A0711D50F49C3EBC30298
:1071A0008E5C012E08D1072212FB036319441DF0E7
:1071B000FDFC40B92670EBE7002EE9D1FAE71DF09F
:1071C000FDFC01232370BDE8F0816FF01500FAE7A4
:1071D0006FF08500F7E700BF40000020F8B5456874
:1071E0006905064635D4046914B115F0010330D0A1
:1071F000194F3078FB7983422BD9C0EBC000174977
:107200000722384422F0E5FEA8B115F0010306D1AB
:1072100097F87020082A02D8B2689F2A19D915F069
:10722000300F09D0ACB1EA060AD405F46035B5F5E3
:10723000603018BF0120F8BDEB0601D4002CF4D15A
:10724000D6E902239A4204D81F2A02D9B3F5804F07
:10725000EBD90020EFE700BF4000002050E602001D
:1072600008B504490722093022F0B3FE003818BFE0
:10727000012008BD50E60200F8B5154B067883F8EA
:107280006F6004460D46FFF7EBFF70B911493046B9
:1072900001F020F9044610B96FF00B00F8BD05218C
:1072A00000F042FE2C600020F8E704F1090739469F
:1072B00030461DF076FF40B92078394601F00AF9D2
:1072C00004460028E8D00621EAE76FF01500E5E75C
:1072D0004000002049E6020003460148184700BF6D
:1072E0005800002000487047580000202DE9F04F5A
:1072F000D1F810908DB09A460023B9EB03060546ED
:107300009048059218BF012607931DF093FC0C4688
:10731000410740F10C812046FFF760FF28B96FF06C
:10732000150B58460DB0BDE8F08F20461DF05DFCF2
:1073300080460028F3D005F1100738461DF07AFC8E
:107340000206C0F3C01300F1F580CDE90933CDF892
:107350002B30A3686068ADF82030E368ADF82230C8
:107360001DF059FC6FF480718DF82D0075481DF0EB
:1073700067FC754A23782B7082F86F3061680DF1D5
:10738000250332462846FFF7C1FE83460028C8D1B0
:1073900005F10903B9F1000F18D021690868C5F893
:1073A0000900888898808979997120461DF046FDEA
:1073B00063680646D8071BD49A0503D4169B0BB9FD
:1073C000022E56D102238DF8243023E05F4A116843
:1073D000C5F809109188927999809A7120461DF01C
:1073E0002DFD6368D9070646E6D58DF8249011E097
:1073F00013F0100F0CBF012304238DF824302369F0
:107400001968CDF826109988ADF82A109B798DF867
:107410002C30D8460F2142F20600FEF78FFF83463C
:10742000002800F08A800F2208A90C301CF0B1FD62
:107430000022594642F20600FFF716F900287FD1D4
:10744000B9F1000F1BD06368DB0726D42846012161
:107450001DF004FD079D8346002860D0002D3FF4F9
:1074600060AF2846002100F05FFD284600F032FDA5
:1074700057E70323DDF858808DF82430CAE7179BBF
:107480000093CDE90186169B0599524628461DF0CA
:107490005EFC83460028D6D043E707A92846FFF7BD
:1074A000EBFE83460028D1D010F10C0F7FF439AFEA
:1074B000B9F1000F7FF435AF636898073FF531AF3E
:1074C000626882F00202C2F3400B0BF001020E214F
:1074D00038461DF023FC731E5A425A410821384693
:1074E0001DF01CFCB11E4A424A41384609211DF0DC
:1074F00015FC62680A2102F0010238461DF00EFCFC
:1075000042460B2138461DF009FC62680D21C2F38A
:10751000800238461DF002FC4FF0000B01E715B168
:10752000284600F0D7FCB9F1000FCED1C8E76FF0C4
:107530000A0BF6E66FF0770BF3E66FF0680BF0E6F8
:107540008346EEE6140100204000002050E60200D1
:1075500073B51546069A0C46CDE900322B460A460D
:1075600001461148FFF7C2FE21460646002340F2BD
:1075700001109D4202D1304602B070BD0A8882429D
:1075800004D14A6812B11278D20702D4013308310B
:10759000EFE70649064822F045F94FF47022002330
:1075A000034819F037FBE6E758000020B14E02000F
:1075B0007000002010B519481DF077FC18486FF4D2
:1075C00080411DF03DFB16481DF034FB03461A06B2
:1075D000C0F3C01021D512481DF02CFB430513D574
:1075E0000E48FFF73DFE0F490346087E93B90E494A
:1075F000052200F0C1FF044630B10021017300F004
:1076000093FC204600F066FCBDE8104003480021D2
:107610001DF024BC06222131EBE710BD58000020EC
:10762000680000204000002049E6020073B532489F
:10763000314C1DF0FFFA10F4804F5AD020461DF057
:10764000F9FA030655D420461DF0F4FA460550D544
:1076500001A9A4F11000FFF70FFE002849D1A4F101
:107660001000FFF7FDFD024620461DF0E3FAC0F3CF
:10767000803120461DF0DEFA81F0010145054FEA18
:1076800041011D4848BF41F001011DF0D3FA8004BB
:1076900048BF41F0040119480DF10303FFF736FD1F
:1076A000054630BB154801211DF0D8FB019E28B9C5
:1076B000304602B0BDE8704000F00CBC29463046B0
:1076C00000F032FC6FF480410B481DF0B9FA05461A
:1076D000304600F0FFFB6B040BD5BFF35B8F54E823
:1076E000003F43F4804344E80032002AF7D1BFF35F
:1076F0005B8F02B070BD00BF680000205800002002
:1077000070B59AB03B4B03930021142204A822F0D9
:10771000D5FD44F2010309A809931DF0CBFB099B99
:10772000059301A9344B069303A818F011F810B380
:107730001F25324BBFF35B8F53E8001F21F001017F
:1077400043E80012002AF7D1BFF35B8F2C4E19F0EB
:107750007DFC3468002C45D0002DA4F10404294D93
:1077600018BF002523680BB1284698476468002C91
:1077700038D0043CF6E7019802AB412209A920F079
:107780009CFE0028D4D1204A0DF125030DF165019E
:1077900053F8040B42F8040B8B42F9D11B490198B2
:1077A00002AB202220F02EFE0028C1D1019820F04B
:1077B000DFFD05460028BBD1134912481DF087FBA9
:1077C000134820311DF083FBBFF35B8F114B53E84F
:1077D000001F41F0100143E80012002AF7D1BFF367
:1077E0005B8FA6E70023C6E9003319F043FC1AB00B
:1077F00070BD00BF1271000100000209302A002094
:10780000382A00206F5B00202F5B00200F5B0020D8
:107810008F5B00201401002030B5A7B004233D2267
:10782000002116A8159322F049FD2D4B0793142231
:10783000002108A822F042FD44F201030DA80D9397
:107840001DF038FB0D9B0993264B0A93264905AB87
:10785000202207A820F05DFED8B16FF0040419F0D3
:10786000F5FB224B1D6885B100201860204BBFF34B
:107870005B8F53E8001F21F0020143E80012002A49
:10788000F7D1BFF35B8F24B3A84719F0F3FB27B000
:1078900030BD184B0DF1550203F14000194653F865
:1078A000044B42F8044B8342F9D106AB02932023E8
:1078B000CDE900130B480599412315AA20F06EFF6E
:1078C0000028CAD1059820F053FD04460028C6D0F0
:1078D000C3E70DA807491DF0FAFA0DA8D4E700BFC9
:1078E00012710001000002090F5B0020342A002001
:1078F000302A00202F5B002008B50449402222F0E6
:1079000068FBB0FA80F0400908BD00BF4BE80200F8
:1079100010B598B014220446184B0193002102A818
:1079200022F0CCFC4FF4804307A807931DF0C2FA65
:10793000079B0393124B0493214604230DF11D0072
:107940008DF81C301DF0C3FA04F120010DF13D004B
:107950001DF0BDFA6B46412207A901A820F0D9FD10
:10796000044601A821F078F82CB9009820F000FD19
:10797000012018B010BD0020FBE700BF124100013C
:107980000000020910B5002837D0204A136823B13F
:10799000043B834234D05B68F9E71D4BBFF35B8F38
:1079A0001968BFF35B8F89072DD414684460011DEB
:1079B0005068116000B95160BFF35B8F53E8002F2E
:1079C00042F0010143E800100028F7D1BFF35B8FBC
:1079D000D30701D5002010BD0E4BBFF35B8F53E8DA
:1079E000001F21F0100143E80012002AF7D1BFF375
:1079F0005B8F0948FEF770FAECE76FF01500EAE7D5
:107A00006FF07700E7E76FF00F00E4E7382A002017
:107A1000302A002014010020B0050020054BBFF3E0
:107A20005B8F1B680448BFF35B8F13F0100F08BF18
:107A300000207047140100206F5B002070B50546E0
:107A40001E4803688B4232D0BFF35B8F1C4B1B6810
:107A5000BFF35B8FDA062DD5036813B16FF00F000B
:107A600070BD184ABFF35B8F1368BFF35B8FDB07F2
:107A7000F4D4BFF35B8F52E8003F43F0020442E8C6
:107A80000046002EF7D1BFF35B8F13F00204E5D15F
:107A900001600D4829461DF01AFA0C4805F1200135
:107AA0001DF015FA0A48FEF717FA2046D8E76FF0DE
:107AB0007700D5E76FF07C00D2E700BF342A0020C2
:107AC00014010020302A00202F5B00204F5B002093
:107AD000A005002070B50C4B1C68054644B154F855
:107AE0001C3C1C3C13B1297B28469847E469F5E708
:107AF000064C074EB44200D370BD236813B1297BF6
:107B0000284698472034F5E7842A002070AA02000E
:107B100070AA020010B50446FDF776FE044901EB99
:107B2000001120461CF0A8FBBDE81040FEF71ABD6E
:107B3000402A002070B5D1E9015600220446C1E96F
:107B40000122064821F076FD3DB1314620462B4604
:107B50006FF06D02BDE87040184770BD400C00200A
:107B600070B5002205460E46094800230021FDF7A6
:107B70006DFE044658B1FDF747FE064B324603EB57
:107B8000001329462046BDE870401CF050BB70BD74
:107B9000F40C0020402A002030B5437B072B85B031
:107BA000044636D1051D4FF4806128461DF0B9F911
:107BB00040052ED428461DF0AEF9C10323D5164D3D
:107BC00095F8D930DA0709D5022300211A46009129
:107BD00020461CF0BCFE637B072B1AD195F8D830E9
:107BE0009B0616D51CF0E8FC98B10DF10E0103A818
:107BF0001CF038FE68B9BDF80E20BDF80C10204608
:107C00001CF087FE05E020461CF069FE637B072B15
:107C1000D5D005B030BD00BF4000002070B505468E
:107C20000F480022002318F079FDB8B90D4B1C68ED
:107C300034B154F8143C1C3C03B19847E469F7E7AD
:107C4000094C0A4EB44204D32846BDE8704018F0EF
:107C50003FBFA36803B198472034F3E770BD00BF6E
:107C6000280C0020842A002070AA020070AA0200BA
:107C70002DE9F843DFF85480044620270025EFF370
:107C8000118387F31288BFF36F8FE16929B983F3FA
:107C90001188BFF36F8FBDE8F883206A0A68E2613C
:107CA000814208BF226283F31188BFF36F8FD1E94D
:107CB00001694046C1E9015521F0BCFC1EB100221A
:107CC00049462046B047FEF74DFCD8E7400C00205F
:107CD0000448B0F80431002B00F5847008BF002080
:107CE000704700BF4000002030B5044622F0B6FBCC
:107CF0000D460C490C4A095891428BB005D12046DB
:107D00000BB0BDE83040FFF7B3BF24342146104626
:107D100021F057FD1DB16946204621F062FD0BB0F0
:107D200030BD00BF080000003022002038B500221E
:107D300004468A4202D10024204638BD04F1C8031B
:107D40000120BFF35B8F53E8005F002D04D143E8AF
:107D5000000CBCF1000FF6D1BFF35B8F02D0D03422
:107D60000244E6E7002CE6D0C8220021204622F09B
:107D7000A5FA04F14000044921F054FD034904F13F
:107D8000240021F0F3FCD7E7F18600006F4F0200DA
:107D900038B50121044600F1BC03BFF35B8F53E803
:107DA000002F43E80015002DF9D1BFF35B8F52B9C6
:107DB0001DF063F919F04AF9054804F1B8011DF006
:107DC00090F819F057F9BDE83840FEF7CBBB00BF7B
:107DD0006401002070B53C4B5A8B32B13B4DD5F855
:107DE000244134B90024204670BD1B68002BF5D116
:107DF000F8E754F8B83903B1B83B3549002601E03B
:107E00001C461346B5F80421002A5AD0D5F8102193
:107E10004AB904F1B806002BE4D0D3F8B820002A00
:107E2000EED0B83AECE70A68002AF2D0D4F8A420E1
:107E3000002AEED0D4F8A820002AEAD0D4F8AC204A
:107E4000002AE6D0637B072B0DD12046904750B126
:107E500004F1C0001DF05FF8022804DC2046BDE8F4
:107E600070401DF00AB9D4F8B83004F1B80206BB6E
:107E7000D5F82811C5F824318A4201D1C5F8283136
:107E80000022C4F8B82004F1BC03BFF35B8F53E8B1
:107E9000001F43E800200028F9D1BFF35B8F204684
:107EA000D4F8AC30984700289DD02046FFF770FFEB
:107EB00099E73360D5F828319A4208BFC5F82861A0
:107EC000DEE79368FFDE00BFF40C002040000020D6
:107ED000400C002037B5C83010F8C65C10F8C54C0F
:107EE000BFF35B8F50E8003F5A1E40E80021002995
:107EF000F8D1BFF35B8F01A801931DF00CF80128A6
:107F00000BD1074818F0D0FB064818F0E1FD012D11
:107F100003D1012C01D1FFF789FB03B030BD00BFB5
:107F2000280C0020D005002070B5457B8D4204460A
:107F30007ED0417325B98378082B01D01DF09DF8C0
:107F4000637B012B09D13B4D05F5847661690029DE
:107F50005CD1BDE87040FEF705BB072B09D0002BB4
:107F600066D1A378042B20D12046BDE87040FFF7EE
:107F7000B1BFA378042B5BD02F48002119F094FCEB
:107F80000023C4E90D33E378012B51D1A378012BF1
:107F900004BF032384F8943004F140004FF42032EE
:107FA000BDE87040002318F001BE082D40D801A3A1
:107FB00053F825F031800000D97F0000FF7F0000DA
:107FC000697F0000697F0000697F0000FF7F00007B
:107FD000318000003180000004F14005284621F086
:107FE0002FFC20460121FFF77FFE20461CF0DDFF1D
:107FF00028460022BDE87040002318F00BBE237B0A
:10800000002BB1D02046FFF765FDADE7A2690B68F4
:108010006361914208BFA3612046FFF78BFDB5F86D
:108020000431002B14BF3046002018F03DFB8DE7D3
:1080300070BD00BF40000020E005002010B50246E2
:108040000C46074802211DF033F8034610B90023FF
:10805000184610BD82781442FAD1FFF73BFFF6E7CD
:10806000E81400202DE9F047DFF834A006460F465B
:10807000904600254FF0D00909FB05A01CF0FDFF3C
:10808000044620B183781E4206D1FFF723FF0DB1CD
:10809000BDE8F0870125EFE74146B8472046F4E701
:1080A000E8140020024900220120FFF7DBBF00BFD7
:1080B000997B0000034BC01A034B00115843C0B218
:1080C000704700BFE8140020C54EECC470B51C46D4
:1080D000144305460E4608D022F0C0F90A49085854
:1080E0000A49884204BF002213460949002D14BFE3
:1080F000284608461BF0DBFE044618B1711D0C3003
:108100001BF036FF204670BD080000003022002022
:10811000700C002010B50446054818F0D9FC204624
:1081200000F0C6FB2046BDE81040FFF7D3BC00BFFF
:10813000C00500202DE9F04F85B000230193039383
:10814000FFF748FE044668B1427BD0F8A430072A06
:1081500017D002AA4FF0FF319847014628B92046B0
:10816000FFF7B8FE05B0BDE8F08F039B019A2046EB
:108170001CF0E6FED4F8A43002AA4FF0FF312046EE
:10818000EAE7DFF8689102AAB9F8041198470546B2
:108190000028E4D0B9F80421029B9A4206D3014694
:1081A000D4F8A86003AB01AA2046B0472B8A039EEF
:1081B000DDE9018B002B00F08A8028461CF072F864
:1081C0008246002840F08380B9F804314548002BEE
:1081D00008BF00200022002318F0A0FA002876D162
:1081E00041480022002318F02DFA074600286ED0DF
:1081F000C0E90186B9F804612B8AB34598BF1FFA1C
:108200008BF6B34242D928461BF080FE3146FFF779
:10821000A7FCB9F8043194F8C4809B458CBF4FF09B
:10822000010A08F1020884F8C4A0064698BF5FFA64
:1082300088F804F1C00ABFF35B8F5AE8003F0133AE
:108240004AE80032002AF8D1BFF35B8F04F1140B27
:10825000394658461CF045FEA378012B19D104215C
:1082600006F10C001BF0A6FE238808F0FD0843EA87
:1082700008330380338A043B43800423337630463B
:10828000FEF7C2F828B9FEF76DF968E731462846CF
:10829000BDE7BFF35B8F5AE8003F013B4AE800327D
:1082A000002AF8D1BFF35B8F394658461CF062FEB6
:1082B0003046FDF749FB20463946FFF73BFCB9F84D
:1082C00004310848002B08BF002018F0EDF92946BA
:1082D0002046039B019A1CF033FE132120461CF01C
:1082E00009FF3CE748010020400C0020400000202E
:1082F000F8B5031D044618461CF00DFE820419D57E
:10830000B4F88620B4F88810914213D8B4F88A10D3
:1083100091420FD3D4E9231291420BD1BFF35B8F6B
:1083200053E8001F21F4005143E80012002AF7D15E
:10833000BFF35B8F104B1D686DB155F80C6C1C3D85
:108340003EB1B4F88E30B4F88C20B4F886102046D4
:10835000B047ED69F0E7094D094FBD4200D3F8BDC4
:108360002E693EB1B4F88E30B4F88C20B4F8861083
:108370002046B0472035F0E7842A002070AA02008A
:1083800070AA02002DE9F041074608460D461CF090
:1083900018F9064618B900263046BDE8F081144B9E
:1083A0001C6884B154F8103C1C3C0BB9E469F8E734
:1083B0002946384698470028EDD028461CF001F998
:1083C0000028F3D1E7E70B4CDFF82C804445E3D2DB
:1083D000E3680BB92034F9E7294638469847002866
:1083E000D9D028461CF0EDF80028F3D1D3E700BF20
:1083F000842A002070AA020070AA02002DE9F04130
:10840000C37804468BB900F17E06114B1D687DB11F
:108410001C3D04F170076B691BB13A46314620469A
:108420009847ED6925B11C3DF5E700F17706ECE7CB
:10843000084D094F04F17008BD4201D3BDE8F08139
:108440006B691BB142463146204698472035F3E719
:10845000842A002070AA020070AA0200F8B5437AAC
:108460008372054616461CF0CBFF0D4B1C684CB1C1
:1084700054F8043C1C3C1BB1697A324628469847A4
:10848000E469F4E7074C084FBC4200D3F8BDA36988
:108490001BB1697A3246284698472034F4E700BF7A
:1084A000842A002070AA020070AA020008B5084BB6
:1084B0001A6800F11C0122B905481CF012FD104693
:1084C00008BD914201D01268F5E76FF01000F7E7A0
:1084D000842A002038B505460C460F480221FFF7D4
:1084E00025FCC0B1057223680367A388A0F8743027
:1084F000A37980F876300123437283728370074B2F
:10850000C0F8A430064BC0F8A830064BC0F8AC3019
:10851000054BC0F8883038BDE81400208989000078
:10852000034F0200F74E0200180028002DE9F04129
:10853000104D06460F464FF0000828461CF09DFDE2
:10854000044620B18378012B0CD0FFF7C3FCD03553
:10855000B8F1000F03D000242046BDE8F0814FF0B1
:108560000108EAE73A4631461CF0FBFD0028F3D14A
:108570002046EAE7E81400202DE9F047DFF850A094
:1085800005460E46904600274FF0D00909FB07A08C
:108590001CF073FD044620B18378012B06D0FFF751
:1085A00099FC0FB100240FE00127EFE736B1324606
:1085B00029461CF0D6FD08B92046F0E7637B434509
:1085C000FAD1237AAB42F7D12046BDE8F08700BF4D
:1085D000E814002038B583780B70C3784B70037AA9
:1085E0008B70437B023BDBB2062B0C4698BF2449C1
:1085F0004FF0000298BFCB5CE27788BF1346237729
:1086000005461CF021FE607728461CF0D9FDA077B6
:10861000AB78012B31D105F17003A3602B7A194A95
:10862000C3EBC30313446360E97805F17E0305F1EE
:10863000770211B1194613460A46C4E90323B5F877
:108640008630A382B5F88C30E382B5F88E30238370
:10865000D5F8A03023B15B7BDA0644BF0123E37772
:10866000D5F8A03013B15B7B9B0601D4002038BD48
:10867000E37F43F00203E377F8E76FF01500F6E7D6
:108680008BE802004000002038B5044608460D463D
:108690001BF097FF38B3154B93F8D830990707D4E0
:1086A000E37873B129462046BDE8384000F0D2B9DE
:1086B00094F895309A07F3D5201D1CF02CFC430448
:1086C000EED4294620461CF0D0FD58B92B88A4F8DA
:1086D00088306B88A4F88A30AB88A4F89030EB8897
:1086E000A4F8923038BD6FF01500FBE74000002081
:1086F000F7B510F8333C0446A0F140060BBB3046FA
:108700001CF066FE314B1D684DB155F8183C1C3D00
:108710001BB114F8341C30469847ED69F4E72C4D32
:108720002C4FBD4205D3304603B0BDE8F040FFF703
:10873000D1BB6B681BB114F8341C30469847203508
:10874000EFE710F83E3C012B3DD1BFF35B8FA0F16A
:108750003C0555E8003F23F4005245E8002100297C
:10876000F7D1BFF35B8F9B041CD5A36C00936946C4
:10877000236D01933046FFF787FF58B9BFF35B8F36
:1087800055E8003F23F4805345E80032002AF7D132
:10879000BFF35B8F4FF40061284603B0BDE8F040A3
:1087A0001CF0BFBB0C4A106851686B4603C3694696
:1087B0003046FFF769FF0028ECD14FF4805128467E
:1087C0001CF0AFFBE6E703B0F0BD00BF842A002039
:1087D00070AA020070AA02008CAB02000B4B58B1C9
:1087E0001A6862B942693AB942685AB982684AB9A4
:1087F000C2683AB982692AB91860002070476FF0E0
:10880000770070476FF01500704700BF942A002072
:1088100008B568B1094B1A6800F10C0122B9074884
:108820001CF05FFB104608BD914204D01268F5E7CA
:108830006FF01500F7E76FF07700F4E78C2A00205F
:1088400010B50C4820F0B8FE0B490A4820F0F2FEA3
:108850000A49084820F0EEFE0949064820F0EAFEE1
:108860001DF000FB03F008F8044608B91CF090FE68
:10887000204610BD400C0020602A00206C2A0020F9
:10888000782A0020084B1A6812B15A6D42B90122A9
:10889000542000FB0233054A5A6000200B607047E9
:1088A0006FF00B00704700BF982A002040BD020007
:1088B000F7B5274D274F04460026BD4201D303B02C
:1088C000F0BD6B6801A92046984700283BDB019B5F
:1088D0002A889A829A8403F11002A868BFF35B8FFA
:1088E00052E8001F42E8006CBCF1000FF8D1BFF362
:1088F0005B8FC3E913669E649E60A16B03F108025F
:1089000019BBC4E90D221C60D86003F1300020F0CF
:1089100053FE019843681B6803B19847019BBFF35E
:108920005B8F103353E8001F41F0010143E8001250
:10893000002AF7D1BFF35B8F01984368DB6913B15D
:1089400000F1100198470C35B7E70A60A263DAE737
:108950004CAA020070AA020030B5044652EA030095
:1089600008D021F07BFD064D2D580648854204BFF6
:108970000022134620460431BDE83040FFF7A6BB75
:1089800008000000302200202DE9F843D0F8B04064
:108990000E4690464CB1483C236B63B104F130095C
:1089A000484620F05CFE054650B9FDF7DBFD00258A
:1089B0002846BDE8F88320461CF0A2FCA46CE9E739
:1089C0001BF070FC0028F2D1236D9BB9A38C2F8A79
:1089D000403B9BB23F2B03D8238D9F4228BF1F46AD
:1089E000042105F10C001BF0E5FA0780A38C4380FD
:1089F00004372765236D2A8A9E420ED3934215D0F1
:108A0000A38C403B9BB23F2B1ED920461CF078FC28
:108A1000236B13B120461CF052FC236DC8F80030C4
:108A20009E4234BF9E1B00262665C1E7002200231C
:108A3000484617F007FEA38CA3F140023F2AE4D872
:108A4000034AAA61EB61E0E700221346F9E700BFA1
:108A5000B754020070B5124B0C4619780131C9B2F7
:108A6000012938BF012105460822122019701CF087
:108A7000E4FC064688B108210C301BF084FA2288F9
:108A8000028062884280A2888280E288C280314669
:108A90002846BDE870401CF01BBD6FF00B0070BD98
:108AA000AF5B002023281FD81A2804D8431E182B98
:108AB0000ED906207047A0F11B03082B1ED8DFE853
:108AC00003F0051D1B231D19251D050003207047FC
:108AD0000F4A012383401A40C2B90E4A1A40002AA5
:108AE00014BF01200620704700F07F03522B05D1F0
:108AF00000207047012070470520704710F0400F9C
:108B00000CBF0620002070470420704702207047E9
:108B1000AAAA8A025455450170B50E46438D418B71
:108B20008B4202F1010228BF0B469A4205461ED82D
:108B30003046FFF7B7FF022810D004280ED021F0EE
:108B40008DFC144B1958144B994213D0134B1B68CE
:108B50005A1A18BF4FF0FF32134602E04FF470224A
:108B600000230F480021FFF7F7FE044620B9002438
:108B7000204670BD0022EFE7FCF746FE094B1822A5
:108B800002FB0033012104F10C009D601BF0FBF996
:108B90000670EDE70800000030220020882B00203E
:108BA0009C0C0020402B0020011F014820F01BBC22
:108BB000BC0A002010B500F154030446BFF35B8FDC
:108BC00053E8001F41F0010143E80012002AF7D1E9
:108BD000BFF35B8F201F1CF03BFE04F174000449BF
:108BE00020F020FE2068BDE8104001F04BBE00BF21
:108BF000175F020070B503788AB004460E4607ADD1
:108C0000032B20D8DFE803F002191B1D1149284669
:108C1000F7F79AFA059563780493A3780393E378BA
:108C200002932379019363790093A3790A4A1E2161
:108C3000304618F087FE0AB070BD0849E7E70849DA
:108C4000E5E70849E3E7084A0A21284618F07AFED2
:108C5000E0E700BF48E4020071E402004FE40200D4
:108C600056E4020060E402006AE402002DE9FF41DC
:108C700005460E464FF000084FF420530068176871
:108C80008DF8088002A91446ADF80A301BF04CFAA2
:108C9000A0B142F6010328688DF80C8003A9ADF855
:108CA0000E301BF041FA48B123691BB15A88B24219
:108CB00000D25E80012004B0BDE8F08161682868C0
:108CC0001BF032FA10B100232361F3E7E368A068D8
:108CD0001A786AB1B7F82AC0798B038A8C4594BF99
:108CE000C3EB0C03C3EB0103934201DA0020E2E77C
:108CF00004210C301BF047F92061068023695E8057
:108D0000074B00930194A2680023294638461CF0C3
:108D1000E2FD0028EADB2069003818BF0120CAE71D
:108D2000B7580200F7B5002304460E462B48002230
:108D3000694617F0D1FA0546D0B921F08FFB284BD0
:108D4000009F1A58274B29461A60381D282221F007
:108D5000B5FA3C60009C24480195C4E90155C4E97A
:108D600009550022002301A917F0B6FA054620B1E3
:108D70006FF00B05284603B0F0BD019B0146B02201
:108D8000184621F09BFA194A8260603020F014FCEA
:108D9000019BBFF35B8F583353E8002F43E800512A
:108DA0000029F9D1BFF35B8F019B1C60636A019FAF
:108DB0001BB904F10C0020F0FFFB626AC7F8A82081
:108DC000A26A07F1A803636202B9A362019B17229A
:108DD0005A855A8304333360CCE700BFA00A0020D1
:108DE00008000000882B0020BC0A0020F0050020AD
:108DF0002DE9F743176805468846006851687E6884
:108E000014461BF091F98146002842D13046952244
:108E100029461DF056FC0646207540B1E3681B78D4
:108E20000BB184F81490002003B0BDE8F083A06873
:108E30001BF070F802210C301BF0A5F8164B2061D6
:108E4000A0F8008000930194A26833462946384672
:108E50001CF041FD002807DA10F1FF0F26BF404249
:108E6000C0B20E202075DEE72369002BDBD0A0689E
:108E70001CF099FB7B8D7A8B9A4294BFC0EB020069
:108E8000C0EB0300E3681B78984294BF00200120E8
:108E9000CAE70120C8E700BFB75502002DE9F74F28
:108EA000064608460C46FCF7AFFCDFF8988018230E
:108EB000434308EB03020546D2F808A0E068BFF37D
:108EC0005B8FB16DBFF35B8FC90738D5E168097857
:108ED0001171002248F803200378D22B0ED1336899
:108EE000214618681EF01FF840B101902046FCF79B
:108EF0002BFD019B184603B0BDE8F08F04F10C0078
:108F00001BF078F818235D4308EB050900231A4687
:108F100007462146301DB4F810B0C9F808601CF0AF
:108F2000A2FA03460028E5D06269A4F810B012FA4C
:108F300087F7E76048F80500C9F808A0DAE76FF09E
:108F40001503D7E7402B00202DE9F14F0546FCF72C
:108F50005BFC3349182202FB00F3C81851F803A048
:108F60000779B0F80680D0F810900021D0E90246C9
:108F700021F0A4F9A87AFCF73FFC6969834651B156
:108F80006B7AD80705D4DBF824301B6828469B6829
:108F9000984700236B612946584620F056FB002F66
:108FA00031D084B3236873B31B6863B3BAF1000F85
:108FB00029D1201D1CF055FE3846FFF773FD05280A
:108FC00021D8DFE800F0160320162003BFF35B8FE3
:108FD000A36DBFF35B8FDA0715D5E36D9BB14FF43B
:108FE0007022002304F1780001B0BDE8F04F17F0C3
:108FF00011BE23681D68BFF35B8FA36DBFF35B8F4A
:10900000DB0700D556B901B0BDE8F08F49462846C8
:10901000B0470134A3B29845F8D8F4E70024F9E743
:10902000402B0020F8B50B8A076804460D46002B3C
:1090300039D0012105F10C001AF0CCFF7B7B072B06
:10904000064630D154F8043C6BB301781748043C11
:10905000002310F833708F4200EBC30208D1298A35
:1090600053789778994213D2012F1CD1042317E02B
:1090700001330E2BEDD10846FFF714FD98B10528FA
:1090800011D081B10623002220461CF02EFE0AE0FA
:109090005368294620469847012F034603D110B153
:1090A00031780029EFD10020F8BD00BF68BD020073
:1090B000F0B51E4603680D46003987B0044618BF58
:1090C0000121186817461DF000FC40B904F1580052
:1090D0001CF0C3FC002844D0002007B0F0BD002ED7
:1090E00041D018220021684621F0E8F847BB2368E8
:1090F0001E4A1B6800930023ADF812300C9B0393AB
:10910000BDF83430ADF8103001238DF814303146FD
:109110006B4630468DF808501CF090FA9DF81430DC
:10912000C3B1002FD8D00198FCF70EFC9DF8143085
:10913000002DD1D03246294620461CF0D6FDCBE783
:10914000002239462046FFF7E7FC01900028CED1E7
:109150001120C2E701990029BED020461CF0B7FDBE
:10916000BAE71220B9E70120B7E700BFDB550200DC
:10917000F8B54FF47022074600230D480E461AF04A
:1091800096FE044690B100F10C05092128461AF01C
:10919000EFFE2046FCF738FB064B182202FB00339B
:1091A000012128469F601AF0EEFE06702046F8BDA9
:1091B0009C0C0020402B00202DE9F0410E8A043E3B
:1091C000F6B2022E04468CB0084601D0102E64D1AF
:1091D00004210C301AF0FEFE0DF1080805884788BE
:1091E000011D324640461AF0CDFF002857D09DB3EE
:1091F000002687B3BD422FD84FF4205301A9404623
:109200008DF80460ADF806301AF08EFF40BB1422D2
:10921000002107A821F052F811212046FFF7A8FFEE
:109220000990002837D001210C30CDE907481AF009
:10923000AAFE00230A901B4A037039460B93284666
:1092400007AB1CF0FBF90A9B1B78FBB90998FCF7EC
:109250007BFB0A2301E03D4601232A4610210EE054
:1092600042F6010307A940468DF81C60ADF81E3098
:109270001AF05AFF0028CAD010232A461946204661
:109280001CF033FD00200CB0BDE8F08109992046A8
:109290001CF01DFDF6E71120F5E70420F3E70E2092
:1092A000F1E700BF6D8C00002DE9F043036885B045
:1092B00004460D46186801211DF007FB40B904F172
:1092C00058001CF0CAFBB0BB122005B0BDE8F0830B
:1092D00010220021684620F0F1FF21212046FFF7EF
:1092E00047FF029048B3DFF85890009405F10C074F
:1092F0004FF001082B8A012B04D8029920461CF05C
:10930000E6FC18E038461AF06DFE6B464A46014608
:1093100006468DF80C801CF091F99DF80C30002B5E
:10932000E8D00298FCF710FB9DF80C303246202163
:1093300020461CF0DAFC0020C7E71120C5E700BF7B
:10934000BF5A02002DE9F043036885B004460D467C
:10935000186801211DF0B9FA40B904F158001CF059
:109360007CFBB0BB122005B0BDE8F08310220021C9
:10937000684620F0A3FF0F212046FFF7F9FE029078
:1093800048B3DFF85890009405F10C074FF001083E
:109390002B8A012B04D8029920461CF098FC18E077
:1093A00038461AF01FFE6B464A46014606468DF8BF
:1093B0000C801CF043F99DF80C30002BE8D002988B
:1093C000FCF7C2FA9DF80C3032460E2120461CF004
:1093D0008CFC0020C7E71120C5E700BF795A0200C6
:1093E000F0B51D46036885B004460E461868012195
:1093F00017461DF06AFA38B904F158001CF02DFB2D
:1094000048BB122005B0F0BD65B3102200216846AC
:1094100020F054FF39462046FFF7AAFE029018B309
:10942000BDF82830ADF8043001238DF80C300F4A18
:1094300000946B46294628461CF000F99DF80C3034
:109440005BB10298FCF780FA9DF80C302A46314651
:1094500020461CF04AFC0020D4E7029920461CF06C
:1094600036FCF8E70120CDE71120CBE7795A02005E
:109470002DE9F0410E8A043EF6B2022E04468CB06D
:10948000084601D0102E76D104210C301AF0A2FD2E
:109490000DF1040805884788011D324640461AF040
:1094A00071FE002869D085B377B3BD422DD86068BE
:1094B00001211DF00AFA064678BB8DF8000042F63D
:1094C000020369464046ADF802301AF02DFE20B383
:1094D00042F6030306A940468DF81860ADF81A302D
:1094E0001AF022FEC8B1012D03D14FF6FF739F423F
:1094F00013D004F158001CF0B0FA002814BF00206B
:1095000012200CB0BDE8F0813D4601232A46082117
:1095100020461CF0EAFB0020F3E7182200210DEBA7
:10952000020020F0CBFE09212046FFF721FE089023
:10953000F8B101210C30CDE906481AF024FD0023D2
:10954000099003700A238DF82C300D4A06AB39467A
:1095500028461CF073F89DF82C302BB10898FCF7C6
:10956000F3F99DF82C30D1E7089920461CF0AFFBA9
:10957000D1E71120C5E70420C3E70E20C1E700BFF3
:10958000F18D00002DE9F0430F4687B00446062117
:1095900007F10C001AF01EFD0588B0F802808288E1
:1095A000D7F80C90C5B10023B8F1000F13D0A8452F
:1095B00012D38DF800308DF8043001A94FF42053F8
:1095C0006846ADF80220ADF806301AF0ADFD06464B
:1095D00060B10A2301E0454601232A4606212046C0
:1095E0001CF083FB002007B0BDE8F0830146142285
:1095F00001A83F7C20F062FE07212046FFF7B8FD5E
:109600000290D8B10A238DF815300D4A019401ABB0
:1096100041462846CDE903698DF814701CF00EF818
:109620009DF815302BB10298FCF78EF99DF8153096
:10963000D3E7029920461CF04AFBD3E71120D2E77A
:10964000535602007FB5CB681D885E88044685B1FD
:1096500076B1AE420DD310220021684620F02EFED6
:1096600005212046FFF784FD019058B9112007E03D
:10967000354601232A46042120461CF036FB0020F3
:1096800004B070BD6B46094A0094314628461BF071
:10969000D5FF029B23B90198FCF756F90A23E9E7A5
:1096A000019920461CF013FBE9E700BF995702001F
:1096B00013B50B46002101910E49024620F0CEFE63
:1096C0000C680D4909580D488C4208BF002201A9B9
:1096D00008BF134616F000FE014640B9019B1C224C
:1096E000184620F0EBFD0346184602B010BD0023DB
:1096F000FAE700BF882B002008000000F40A0020D1
:1097000010B50446806818B1FCF71EF90023A36069
:1097100021460248BDE810401FF065BEF40A002053
:109720002DE9F347044678300E4617461D4620F0D3
:1097300087F8E06D30B920461CF0D8FB002002B05D
:10974000BDE8F087124B98424FF0000805D1206821
:10975000C4F85C801CF03DFAF0E7D0F80490C0F843
:109760000480E06DD0F818A0FFF7CAFF2068C4F8A5
:109770005C801CF02EFAB9F1000FDFD02068CDF824
:1097800000A000683B4632462946C847D6E700BFDE
:109790008C2B0020F7B550F8044C0546002C59D00E
:1097A00000F1A40104F124001CF03CF92E1F05F186
:1097B0005C0700220023384616F044FF024678BBBF
:1097C000AB6D2BB101466FF067033046FFF7A8FF82
:1097D000002345F8043C05F15403BFF35B8F53E8C5
:1097E000001F21F0010143E80012002AF7D1BFF366
:1097F0005B8F636A73BB04F10C06002200233046C2
:1098000016F020FF78B9666886B9134826602146AD
:109810001FF0E9FD286803B0BDE8F04001F012B97F
:10982000FCF792F8C5E7FCF78FF8E6E7A268336823
:109830006360964208BFA36077683FB1B369009345
:10984000002320681A466FF06701B8473046FFF7DB
:1098500057FFD8E703B0F0BDA00A0020F8B51D46B9
:109860000F461646FBF7D0FF044C182303FB0040BD
:10987000C0E903760123C3800575F8BD402B0020A5
:1098800010B50449144618461022A04700EAE070BB
:1098900010BD00BFF8160020F8B50B4D06460F4668
:1098A000002415F8013CB34207D1294638461CF084
:1098B00003FC10B105482044F8BD1034402C05F1DC
:1098C0001005EED10020F7E7D92B0020D82B00207F
:1098D000F8B50B4D06460F46002415F8013CB3427F
:1098E00004D1294638461CF0E7FB30B90C34302C43
:1098F00005F10C05F1D10020F8BD02482044FBE73A
:109900008916002088160020F8B50B4D06460F4634
:10991000002415F8013CB34207D1394628461CF013
:10992000CBFB10B105482044F8BD0C34302C05F1B8
:109930000C05EED10020F7E7E9590020E859002096
:1099400070B5204B144682689A420FD1A568C6684C
:1099500075B92279216830461CF0B6FB024628B161
:10996000194901301CF079FB15701581012070BD7B
:10997000E0680028FBD02B888B420AD0F6D2E06842
:10998000A36801380433E0600038A36018BF0120E9
:10999000EDE725682279294630461CF095FB024602
:1099A00060B9094930461CF08FFB02460028E6D01A
:1099B000294601301CF051FB23791370A3685B88A2
:1099C0001381DCE7B99D000050E6020038B50E4B6C
:1099D000144682689A420D4611D122792168C068E6
:1099E0001CF072FB58B1D4F8C8302F2B09D804EB07
:1099F00083020133158101895181C4F8C8300120E7
:109A000038BD0020FCE700BFB99D00002DE9F04102
:109A10000D4CDFF83880054600262746621C6DB9DC
:109A2000414610461CF048FB28B90136042E04F1CB
:109A30001004F2D100273846BDE8F081217828468D
:109A40001BF08FFBF0E700BFD82B002050E6020090
:109A500038B54A1C0C46054668B90E4910461CF03C
:109A60002BFB30B90B4904F10B001CF025FB70B146
:109A70000A3420460CE009781BF073FB0028F8D16B
:109A8000A17A04F10B0228461BF06BFBEFE70020E4
:109A900038BD00BF50E602002DE9F04106460F46F2
:109AA00090461AF01FFE50B339463046FFF710FFBC
:109AB000054678B9134A044610461CF040FBC0B96D
:109AC0000C225443104A601C394610441CF0C5FA5D
:109AD0001655A518012101FA08F105F108001CF03E
:109AE00010FBBDE8F04109484FF40042002317F095
:109AF00091B80134042C02F10C02DDD1EAE7BDE893
:109B0000F08100BF9016002088160020B8160020B3
:109B10002DE9F04180460F4616461D46FFF7F4FE3C
:109B2000044648B91449FFF7EFFE0446F0B100F8C7
:109B3000018B39461CF091FA2289638992B99BB94D
:109B400026816581254615F8010B29461AF0CAFDC4
:109B500060B12246294612F8080BBDE8F041042303
:109B6000FCF7DCB8964203D39D42EAD8BDE8F08109
:109B70009D422681E6D9E4E750E602002DE9FF4147
:109B80000E4617469846044628B96FF01505284634
:109B900004B0BDE8F08102A91AF09EFA054600283B
:109BA000F3D101A920461AF030F90198D0B902A9E1
:109BB0000020FFF7A9FE0446D8B9002EE7D01149CE
:109BC000FFF7A2FE0446D0B1002300F8013B02A932
:109BD0001CF043FA042204F108014046B84700EAA9
:109BE000E075D4E70A22294617F000FF0028DED0EE
:109BF000CBE7002EEED1066046608660C7E76FF0C7
:109C00000B05C4E750E602001FB519461046074B86
:109C1000074ACDE9022308230093BDF818206B44BE
:109C20001CF0B7FA05B05DF804FB00BF1E00900100
:109C300006000C0008B513468168074A914209D115
:109C40001A791968C0681CF03FFA18B10023036044
:109C500043600381012008BDB99D000070B50E4B23
:109C6000144682689A4214D1C56821686E1C304639
:109C70001CF022FA18B1616830461CF0EEF90B3581
:109C8000216828461CF018FA18B1616828461CF0B3
:109C9000E4F9012070BD00BFB99D000002484FF4F7
:109CA000A472002316F0B6BF8017002008B5042167
:109CB00008481CF026FA07486FF002011CF030FA41
:109CC00004481CF03CFAC30701D5FFF7E7FF00206A
:109CD00008BD00BFB0170020024608B50849013092
:109CE0001CF0BBF9002313720C32BFF35B8F52E8F8
:109CF000001F42E800300028F9D1BFF35B8F08BD98
:109D000050E602002DE9F047284B164682689A4239
:109D100007462BD1C568AB8A43B36C1C05F1150906
:109D20004FF00008B4F807309BB114F8011C22462C
:109D300030461BF016FAE0B914F8010C2146FEF784
:109D4000F5FB30B1437B072B08BF4FF00108FEF74E
:109D5000C1F80A344C45E5D1B8F1000F06D1AB6922
:109D6000A5F8148013B14146384698470120BDE854
:109D7000F08706F1700A307A51461AF0B3FC78B9D0
:109D80000B4B9D4202D130461CF0A0FA09492046F7
:109D90001CF063F9002304F8013CA4F80730D8E76D
:109DA000514620461CF059F9D3E700BFB99D000089
:109DB0006006002050E602002DE9F0471F46BDF87E
:109DC0002030D1F80C9006468846002B46D17B1EE9
:109DD000012B46D8012F4946157818BF1588FFF783
:109DE00037FE044678B915B93846BDE8F0874946CC
:109DF000FFF72EFE0446B8B306F1700101301CF0E7
:109E00002CF9337A2370D9F81C30DBB9B4F808A0E8
:109E10002581B9F81430AB4203D0494640461CF0C6
:109E200094F9AA4505D0307A002206F17001FFF7B7
:109E300033FE002DD8D10E49601C1CF00EF92570A0
:109E40002581D1E72A464146304698470028CCDB99
:109E500001380128DAD96FF00D00C6E76FF006006F
:109E6000C3E76FF00C00C0E76FF01000BDE700BF64
:109E700050E6020008B5124801211CF042F910F02A
:109E8000010F104B0AD1104A9A610D481CF057F986
:109E9000830713D4BDE80840FFF700BF1A8B588B27
:109EA000012A4FF6FF7205D8904207D04FF6FF7295
:109EB0005A83EAE790421983E7D0F7E708BD00BF6D
:109EC000B0170020601700200100FFFFF8B50B4C11
:109ED0000B4F0025661C394630461CF0EDF8014654
:109EE00030B920461CF084FA207831461CF014FA70
:109EF0000135042D04F11004ECD1F8BDD82B00205D
:109F000050E6020010B56FF0020104460E481CF046
:109F100007F90D481CF013F9C20704D50B480022BD
:109F2000002316F077FE20461CF04FF858B120466B
:109F3000FFF76CFD38B1037ADB0704D5BDE81040AC
:109F400001211CF065BA10BDB01700208017002059
:109F500010B51C4801211CF0D4F8C30731D40221EC
:109F600018481CF0CEF8084007D11749174A0B884B
:109F7000174CA2421FD300B10B80164916481FF0A0
:109F800051FC4FF4A47200231348FBF79FFF1349C1
:109F900013481FF047FC022112481CF0B2F8124986
:109FA00012481FF03FFC1248FEF732FCBDE810409B
:109FB0001048FEF77BBA506803449BB20832012078
:109FC000D7E710BD182C0020185A002070AA0200F4
:109FD00098AA0200836602000817002025A5000049
:109FE00080170020B0170020B1690200B8160020C9
:109FF00038060020180600202DE9F041034648B13C
:10A00000008A38B91249DFF84CE001244FF0140CF3
:10A01000714501D3BDE8F081D1E90076BB4204D39C
:10A020000CFB0672143A93420ED93444A2B20831A2
:10A030001446EDE70CFB0578434507D0013562195E
:10A04000B54292B2F6D1F2E70025F8E71046E1E713
:10A0500070AA020098AA02002DE9F74FBDF830500F
:10A06000009199464FF6FF73002D08BF1D46244B03
:10A070001B888342074690463CD203B0BDE8F08F70
:10A0800073682344BB4232D29CB208361D4B9E42B9
:10A09000F6D3F2E78958019340461AF045F8019B40
:10A0A00090B101340AF1010AA4B273685345ECD9A6
:10A0B000009B9C42E1D8BC423168F2D30BFB0AF210
:10A0C0008B18B8F1000FE5D1B9F1000F0BD1013DAC
:10A0D000ADB218460E9A0D9B21469847002DCCD064
:10A0E0000028DED1C9E7DA689145DAD1EFE74FF011
:10A0F000000ADAE7044E01244FF0140BC6E700BF54
:10A10000185A002098AA020070AA020010B5142262
:10A11000B6B000210DEB0200CDE90011CDE902112E
:10A1200020F0CCF84FF41053ADF810301F4C8023C2
:10A13000ADF8123010224FF48063CDE90634694641
:10A1400034AB0DEB02001EF0E4F9014660BB542273
:10A150000AA820F0B3F854220AA91FA820F086F814
:10A16000349922461FA81EF0A9FAE8B9104A1FAB7D
:10A170004FF6FF7101201CF079FA0E490AAB10224C
:10A180001FA81EF0B9FA78B90A4B082203F1100192
:10A19000187811F8014D03F8014B013A0870F7D116
:10A1A000054808211BF0ADFF36B010BD0002C0030A
:10A1B0004F630200E8160020B01700202DE9F0419F
:10A1C0001949BDF818700446A1F1300015461E4625
:10A1D0001FF049FB15481BF0B2FF010707D4FFF73A
:10A1E00095FFFFF773FE12481021FBF7D9FD2046BB
:10A1F000FFF70CFC68B1037ADA070AD500F10C040A
:10A2000020461BF09CFFC30703D4022120461BF00D
:10A2100078FF102306933A4631462846044BBDE8A2
:10A22000F0411BF0B6BF00BF38170020B017002068
:10A23000E816002010B51B481BF081FFC0F3C000DA
:10A2400080F0010408B9FFF761FF16481BF077FFA3
:10A25000034614481BF073FFDA0621D5830608D5A0
:10A26000F4B1FFF733FEBDE810400F481021FBF7B3
:10A2700097BD20210B481BF044FF0B491022881882
:10A280001FF0A7FE48B909481FF0DAFABDE81040F0
:10A2900004486FF001011BF043BFFFF7EBFDE0E75F
:10A2A00010BD00BFB0170020E81600208017002066
:10A2B00008B5102103481BF024FFFFF7BBFF002067
:10A2C00008BD00BFB01700202DE9F041B8B00C4622
:10A2D000164621493E986A461F4619F072FD00282D
:10A2E00037D0009D01A9284619F08FFD65B101986E
:10A2F00070B90DF108080023284641468DF8143046
:10A3000019F0EAFE054650B16FF0150425461AE033
:10A310000A22002117F06AFB0028EAD0F4E7CDF802
:10A320001080A4B1C02208A93846B047041EEDDB56
:10A33000A40808ABCDE90634084A04AB4FF6FF7118
:10A3400001201CF093F9284638B0BDE8F08123467F
:10A35000F0E76FF01505F6E792E80200419900007A
:10A3600007B500230193FFF747FE411C89B2084659
:10A37000034A01AB1CF07AF9019803B05DF804FBC5
:10A380001B6002002DE9F84315468946942269684E
:10A3900006461CF096F98046002842D169680222E0
:10A3A00030461CF0C9F900283ED04FF4702000213F
:10A3B000AF8AFFF77DF90237044680B11C4B476135
:10A3C0001D214174C0F80C80436085613A463046D7
:10A3D0001BF0E3FC074638B92046FFF791F96FF010
:10A3E0000B052846BDE8F883012342464146FFF7A6
:10A3F00035FAA98A07F10C00023119F0C4FD20F8E2
:10A40000029BAA8A29691FF031FFA76021463046C6
:10A410001BF0BEFD05460028E3D02046FFF770F98B
:10A42000DFE74FF0FF35DCE76FF01505D9E700BF38
:10A430002160020030B504468BB037481BF07FFE28
:10A4400042070D4661D514B1637B072B60D1686864
:10A450000590FFF7D1FD2A68ADF818003AB305A9B9
:10A4600002912E4901910121002300914FF6FF71C5
:10A470000593FFF7F1FD059B1BB96FF001000BB0D1
:10A4800030BD6B60059B186800238DF8103004A95F
:10A4900042F60303ADF8123019F046FE70B9059884
:10A4A000C3689B799B0605D46FF01500E7E7002889
:10A4B000E8D1E2E71CF093F8ADF81800BDF81800F9
:10A4C0003CB101230146AB752A462046FFF75AFFEF
:10A4D000D5E76FF07F0307930223ADF8203042F6F3
:10A4E0000213ADF8123005ABAC7502930C4B01931F
:10A4F0000123009304AA23464FF6FF7109958DF8B6
:10A500001040FFF7A9FD0798B9E76FF00A00B6E71A
:10A510006FF07F00B3E700BF140100204F6002001E
:10A5200059A7000073B500F13005044650F8083C07
:10A530000193A0F120066FF0010128461BF0F0FD09
:10A540000D4B44F81C3C0D4B44F8183C01AB00206B
:10A5500044F8103C042324F8080C24F8060C24F8D2
:10A560000C3C3146FFF766FF18B9022128461BF064
:10A57000C8FD02B070BD00BF10BE0200059F000004
:10A580002DE9F047344B1468174682689A42064614
:10A590005ED1D0F80C8008F1010508F11509B5F875
:10A5A0000730FBB115F8011C2A4620461AF0D9FDE8
:10A5B000C0B14FF49572314620461CF082F8A8B124
:10A5C00003280FD0052820460CBF4FF0030A4FF098
:10A5D000020A1AF039FE824508D93B79534501D267
:10A5E00087F804A00A354D45D9D131E041463046BF
:10A5F0001BF0ABFD194B98452AD1207A04F170016C
:10A60000FFF782F9054618B303890BB94389FBB1FB
:10A610002046FDF74FFD124A2B8922F8203002EB2D
:10A620008003698959800F490F4D182303FB0013DC
:10A6300000B202EB800200EB40005D601A610B4D3E
:10A640009D60042201EBC00120469A82FFF7F2FED2
:10A650000120BDE8F08700BFB99D00006006002022
:10A66000E0590020A82B002010BE0200B3640200B5
:10A6700030B504468BB035481BF061FD42070D46EE
:10A680005DD514B1637B072B5CD168680590FFF73B
:10A69000B3FC2A68ADF818003AB305A902912C4919
:10A6A00001910121002300914FF6FF710593FFF7FF
:10A6B000D3FC059B1BB96FF001000BB030BD6B6084
:10A6C000059B186800238DF8103004A942F6030397
:10A6D000ADF8123019F028FD70B90598C3689B7960
:10A6E000DB0605D46FF01500E7E70028E8D1E2E7C4
:10A6F0001BF075FFADF81800BDF818002CB101462D
:10A700002A4620461CF0AAF8D7E742F60212ADF816
:10A71000122005AA6FF07F0302920E4A07930123CD
:10A72000CDE90032ADF8203004AA23464FF6FF7180
:10A7300009958DF81040FFF78FFC0798BDE76FF083
:10A740000A00BAE76FF07F00B7E700BF14010020EE
:10A750004F60020059A700002DE9F84F454B144601
:10A7600082689A42814639D1D0F80CA0424B9A4572
:10A770001CD1424D424F0026394628461BF09CFC16
:10A7800078B915F8010C07222946FDF7F5FE40BB04
:10A79000236915F8010C1A69294653881288FFF7B6
:10A7A000B7F90136042E05F10C05E5D10AF10107D0
:10A7B0000AF1150BB7F80720A3899A420BD117F8B5
:10A7C000010C3946FDF7B2FE054620B1437B072B4D
:10A7D0000AD0FDF77FFB0A375F45EBD14FF0010848
:10A7E00044E0FDF777FBDCE7DAF8203023B1494697
:10A7F000984708B92846ECE79422494628461BF0BA
:10A8000060FF80460028F5D1A389022B15D1B7F847
:10A81000073013F0020604D12846FDF75BFBA66063
:10A82000D9E72269A1882846FFF7ACFD0646B8B9EA
:10A830002269937D01339375EEE7012B05D02846FD
:10A84000FDF748FBC4F80880C5E7B7F8073013F0F8
:10A850000106E1D02269A18828461BF0FFFF0646C9
:10A860002846FDF737FB002EA660B4DA4046BDE867
:10A87000F88F00BFB99D000060060020E959002054
:10A8800050E6020070B58EB000F1700504460390EA
:10A890000123007A8DF81030294619F023FF90B17A
:10A8A000227A2AB302AE0421304619F052F80096FB
:10A8B000104A242105A82B46FBF7A0F905AA0E494A
:10A8C0001046FAF715FB03AB0C4A4FF6FF71012057
:10A8D0001BF0CCFEE3784BB920461AF0B5FC9DF88E
:10A8E0001010884202D220461AF077FC0EB070BDDC
:10A8F0000092DDE795E80200C9A2000081A50000F2
:10A90000F8B5084B1C6805460E4617464CB154F87E
:10A91000043C043C1BB13A463146284698476468DB
:10A92000F4E7F8BD1C2C002013B50A4A0090044639
:10A930004FF6FF7101206B468DF804001BF096FE68
:10A94000002120461BF0C1FF08B9FFF793FA02B0BF
:10A9500010BD00BF81A5000030B5B5B00023019146
:10A960008DF8080033930A4A01AB04460D460120D6
:10A970004FF6FF711BF07AFE339B3BB19B0003AA9D
:10A9800029462046FBF7F6F935B030BD1A46F7E701
:10A99000CD9900002DE9F34100F17008CDE90012D6
:10A9A00004460F46007A4146164619F09BFE0F4AB0
:10A9B00005466B464FF6FF7101201BF057FE1DB197
:10A9C000207A4146FFF7C8FF207A3946FEF764FF38
:10A9D00040B1314601301BF040FB1DB1207A4146A9
:10A9E0001BF09AFC02B0BDE8F08100BF5D9C000046
:10A9F00037B5134A009104460D468DF804006B46A6
:10AA00004FF6FF7101201BF031FE29462046FBF76F
:10AA1000BFF9002812DB294620461BF047FC00281E
:10AA20000CDB29462046FEF737FF08B1FFF754F943
:10AA300029462046FBF796F900EAE07003B030BDE6
:10AA4000359C000073B5044603461A4A4FF6FF7161
:10AA5000012004F170061BF009FE207A31461BF03C
:10AA60006DFF207A314619F03DFE50B1237A8DF802
:10AA70000430114A00966B464FF6FF7101201BF01F
:10AA8000F5FD2046FEF7C2FF054688B1207A314623
:10AA900019F028FE28B9284602B0BDE87040FFF73B
:10AAA0001BB93146681C02B0BDE870401BF0D5BA36
:10AAB00002B070BD059D0000359C000010B50B4A2A
:10AAC000D2F8EC301BB1D2F8643263B901234FF4F1
:10AAD000BC704343D018EC33054CC0F8F0401A4426
:10AAE0000A60002010BD6FF00B00FBE7B8170020D4
:10AAF00014BF020008B5014608481BF080FF50B99A
:10AB000007481BF07CFF28B1012306484FF4BC72B4
:10AB100002FB030008BD0023F7E700BFBC170020BD
:10AB200034190020B817002010B50C4A11680C4ADF
:10AB3000BFF35B8F00F5B87353E8004F944204D124
:10AB400043E8001CBCF1000FF6D1BFF35B8FBFF3ED
:10AB50005B8FD0F87001BFF35B8F10BD942A00208B
:10AB6000B817002008B5FFF7DFFF0346C8B1D0E9EA
:10AB7000011221B9002A0CBF0320022010E032B1DB
:10AB8000C36813B9094B1B7833B9042008E007499F
:10AB9000087828B1DB6833B9003A18BF01225000A9
:10ABA00008BD0320FCE70120FAE700BFB05B0020EE
:10ABB00038B5051D0446082128461BF072FF0649DA
:10ABC00004F15700FCF73AFF20B1284608211BF09A
:10ABD00040FF082038BD00BFBB6F020038B5EC2233
:10ABE000054600211FF06AFB102105F127000CF03B
:10ABF000BFFD044648B9052128461BF052FFFCF76B
:10AC00000DFF034B1860204638BD0824FBE700BF4A
:10AC1000242C002070B50E4686B00446FFF784FF52
:10AC2000F36804F137020546114603F1100053F8AA
:10AC3000046B41F8046B8342F9D1237A052B40D889
:10AC4000DFE803F0172323033F6502AB4549009378
:10AC5000096804F1270304F1570000F0DDFF80BB11
:10AC60000A21201D1BF01DFFEB680299D4F8EC00AF
:10AC7000984720460D211BF014FF201D10211BF0CA
:10AC800010FF20461BF065FF19E094F8DC10D4F8A3
:10AC9000D83002ADCB403349009503F00103096879
:10ACA00043F0800304F157001CF048FB48B9102220
:10ACB000294604F117001FF08CF920B1042006B0DA
:10ACC00070BD0820FBE7032120461BF0EAFE1BF0C5
:10ACD00040FF0028F3D194F8DC300133DBB2142BB1
:10ACE00084F8DC3009D10D2120461BF0DAFE10215A
:10ACF000201D1BF0D6FE0020E1E7102104F1270003
:10AD00000CF036FD003818BF0120C000D7E7102135
:10AD100004F127000CF02CFD0028D2D105B32B69DB
:10AD2000F3B1114BE27A1B88ADF80830A37CD2074F
:10AD300003F0010312D4002B14BF012303238DF869
:10AD400009300023C4E93833201D0C211BF0A9FE73
:10AD50002B69D4F8EC0002A99847CCE75B00EEE73A
:10AD60000220ACE7242C002094AB020073B5047AD7
:10AD7000022C054623D844B190F8DC30D0F8D840F6
:10AD8000DC4004F0010444F08004032128461BF059
:10AD9000C1FE0646A8B110210C3019F0F4F800905D
:10ADA0000F482346006805F1270205F157011CF002
:10ADB000C5FA044650B13046FAF7C6FD01E0032C4F
:10ADC00002D0082002B070BD0024DEE731462846DC
:10ADD0001BF050FE281D21461BF03BFE2046F1E7EC
:10ADE000242C0020F8B50446FFF79EFE251D0646DC
:10ADF0000E2128461BF003FE48B94C4B202219684F
:10AE000004F157001FF0E5F808B90820F8BD0C213F
:10AE100020461BF07FFE07460028F6D040210C306C
:10AE200019F0B1F8414B1B680246014603F12000BE
:10AE300053F804CB41F804CB8342F9D1203203F11B
:10AE4000200153F8040B42F8040B8B42F9D1394628
:10AE500020461BF00FFE237A052BD6D801A252F80C
:10AE600023F000BF7DAE000001AF0000A9AE0000DE
:10AE70007DAE00000BAE000021AF00000421204693
:10AE80001BF00FFEFFF772FF0028BFD128460721F5
:10AE90001BF007FE0820FFF72DFE002843D12046B7
:10AEA000BDE8F840FFF784BE2046D4F8EC70FFF709
:10AEB0003BFE0421064604F1D8000CF059FC0028A2
:10AEC000A3D1D4F8D8301A4AB3FBF2F102FB113304
:10AED000C4F8D83084F8DC0056B1736843B10B2154
:10AEE00028461BF0DEFD7368D4F8D8103846984722
:10AEF000032120461BF0D5FD0E211BF0D2FDC5E736
:10AF0000204603211BF0CDFD0E211BF0CAFD284673
:10AF10000A211BF0C6FDB368D4F8EC009847B5E7EA
:10AF200004212046E9E7002070E700BF242C002020
:10AF300040420F0070B50E460446FFF7F5FDF3687A
:10AF400004F157052A4603F1200153F8040B42F897
:10AF5000040B8B42F9D104F1770203F1200153F87D
:10AF6000040B42F8040B8B42F9D12846FCF7C4FCD1
:10AF700028B30E21201D1BF094FDD4F8EC50D5F819
:10AF8000A03033B9287A05F1700100F083FCC5F8D0
:10AF9000A000D5F8A03043B90F4B1D68B5B9201DEE
:10AFA00006211BF07EFD284608E0DA8902F0240223
:10AFB000002AF1D05B7B9B07EED4032070BD2846AE
:10AFC000FCF7A6FC0028E7D10A20F7E72046BDE8F9
:10AFD0007040FFF707BF00BF242C002038B5174B87
:10AFE0001B78054623B301F00F042846FFF7BAFD8E
:10AFF000134A03280CBF04F00B0444F0040405F5C5
:10B00000BA731278BFF35B8F53E8001F013103D18D
:10B0100043E800200028F7D1BFF35B8FBFF35B8FBD
:10B02000D5F87431BFF35B8F2BB144F0010038BD0C
:10B0300001F00704D9E704F0FE00F8E7B05B002058
:10B04000F20900202DE9F3410D46D0F8EC700446DA
:10B05000FFF76AFDED68EB78102B03D0062002B0F5
:10B06000BDE8F081D7F8A0305BB1261D0F21304636
:10B070001BF0C5FC80B92046FFF7B0FD60B1C0B23F
:10B08000EDE7387A07F1700100F004FCC7F8A00082
:10B090000028EAD10820E2E7012363722B68C4F894
:10B0A0000A30AB88E38102232374A9782046FFF796
:10B0B00095FFE0742046FFF755FD1023607423755B
:10B0C0002B7903F0030363756B7903F00103A37518
:10B0D000E37C1A070CD5AB781B0709D50521304650
:10B0E0001BF0DFFC637D03F0020363750023A3758F
:10B0F000052130461BF083FC002845D05B4B1B78B4
:10B10000A374E37C980606D5AB78990603D5142181
:10B1100030461BF0C6FCE37CDA0737D5AB78DB079B
:10B1200034D50D2130461BF0BCFCA37D84F8E830FB
:10B13000637D84F8E930032130461BF0B2FC237BA9
:10B14000E17C95F8008003EA0102100704D5E27A59
:10B15000A07C0243D2071DD4B8F1040F1CD80B43C6
:10B1600013F0040307D02046FFF7FCFC404B08EB2C
:10B17000880843441B5C2372D7F8A01020461BF0BC
:10B1800047FC58B903206AE73A4BB8E700236375D8
:10B19000A375CAE70523EEE70023ECE7D4F8EC300B
:10B1A0009B7A032B5DD04BD8013B012B3FF672AF4E
:10B1B000052130461BF023FC0028E3D02046FFF792
:10B1C000B3FC0346D4F8EC00FBB11A68EAB12A7864
:10B1D0008DF800206A788DF80120AA788DF8022079
:10B1E000EA788DF803202A798DF804206A798DF8A1
:10B1F00005201B68694698470138C0B2082804D862
:10B200001D4B185C00287FF42AAF0C2120461BF050
:10B2100048FC02211BF07EFC054600283FF43AAFB3
:10B2200006210C3018F0AFFED4F811300360B4F8EA
:10B2300015308380294620461BF01CFC00200EE7B9
:10B24000042B7FF427AF237D627B934228BF1346F4
:10B25000102B7FF403AF052130461BF0D0FB0028F4
:10B2600090D0237A002BA3D18CE700BFB25B0020E3
:10B27000CDE80200B15B0020B5E8020038B5124904
:10B280000446A0F1EC0554301EF0CCFA28461BF021
:10B29000B5FDBFF35B8F0D4A04F1840353E8001F33
:10B2A00043E800200028F9D1BFF35B8FBFF35B8F29
:10B2B00088344FF0FF3354E8002F44E80031002970
:10B2C000F9D1BFF35B8F38BDF9700200B8170020C9
:10B2D0002DE9F041C678012E044604D06FF0150424
:10B2E0002046BDE8F0811BF083FB0546002800F0F6
:10B2F000AB80071D042138461BF081FB002840F07D
:10B30000A680032138461BF07AFB10B16FF00F04C2
:10B31000E6E7314638461BF072FB0028F6D1284696
:10B32000FFF702FCD5F8EC309B7A032B064642D09F
:10B3300032D8013B012B48D90F21201D1BF05FFBA8
:10B340000028CBD1D4F8A03083B904F17006217A5B
:10B350003246202000F040FBC4F8A00030B9217A2A
:10B360003246042000F038FBC4F8A000D4F8A03026
:10B37000002BB3D0DA8912F0240FAFD0A17A0229C2
:10B3800023D9587BC007A9D503291ED09206A5D57D
:10B390001B7B102BA2D118E0042BCDD12846FFF740
:10B3A000E1FB032804D1002EC6D03369002BC3D0A3
:10B3B000284B1B7807E02846FFF7D4FB032804D16D
:10B3C000002EB9D03369002BB6D0D4F8A0303BB1F1
:10B3D0002846FFF703FC044670B16FF068047FE76E
:10B3E000207A04F1700100F055FAC4F8A00000289A
:10B3F000EED16FF00B0473E70B2128461BF08AFB9C
:10B4000006460028E9D001210C3018F0BCFD0921C6
:10B4100080462846FFF7E2FD234688F800002246D2
:10B42000314605F1EC001AF01EF8044618B130461A
:10B43000FAF78AFA54E738460F211BF032FB012154
:10B4400028461BF02EFB4BE76FF07F0448E76FF0B8
:10B45000040445E7B05B0020F8B5D0F8EC40D4F820
:10B46000A0300646051D43B9022128461BF0C7FA45
:10B470000927002851D11F214BE081BB0D2128460F
:10B480001BF0BDFA074620B1D4F8A00008B11BF0AC
:10B4900035FF364B1B689BB11D6805B10C3D53F859
:10B4A0000C3C13B13946204698474DB12B46ED6808
:10B4B0001B681DB10C3D002BF4D1F7E7002BF1D137
:10B4C00030461BF09BFC637B072B4DD1627AA37A3D
:10B4D0009A4249D02046BDE8F840FFF7F9BE01394D
:10B4E000C9B20E2998BF224A1B7B94BF575C09271B
:10B4F00023BBD4F8A0001BF0A3FE0023C4F8A030A7
:10B50000022128461BF07BFA38B9072FB3D8194B14
:10B51000D95D3A462046FCF7A1FF032128461BF0DF
:10B520006EFA0028CCD0114B1B68002BC8D01D68C8
:10B5300005B10C3D53F8083C4BB90BE002212846FD
:10B540001BF05DFA0028D4D1DAE70C3D23B139466F
:10B5500020469847002DB3D02B46ED685B68002D40
:10B56000F3D1002BF3D1ABE7F8BD00BF8C2A00204C
:10B57000BEE80200ADE80200174B10B504461860A3
:10B580004FF0FF324FF0FF33144814F093FF14488C
:10B5900015F046FB114815F005F8DCB111480621FD
:10B5A0001BF02DFA38B11048FFF71CFC014610B112
:10B5B0000D481BF0BBFC0D4806211BF020FA48B1DA
:10B5C0000B48FFF70FFC014620B1BDE810400848CA
:10B5D0001BF0ACBC10BD00BF242C00209C0600203A
:10B5E000B0060020BC170020B81700203419002036
:10B5F000301900202DE9F0410B8A04460E46B3B302
:10B60000012106F10C0018F0E5FCA4F1EC05E83C82
:10B610000746042120461BF0F2F940BB39780E2979
:10B6200025D8DFF8508058F8313023B90721284653
:10B630001BF07CFC1BE028461BF0B5FB30B9032156
:10B6400020461BF0DCF990B10821F0E73B78318A05
:10B6500008EBC3021279914201D00A21E7E7314693
:10B6600058F833302846984701460028DFD100209B
:10B67000BDE8F0813CBF02002DE9F34190F8E930CC
:10B68000CF68D0F8EC6023F0020380F8E9303B7813
:10B69000044623B1BB7903F0C003C02B70D106F17F
:10B6A00070080722394640461EF093FC88B1307A74
:10B6B000394600F029FA054658B1014620461BF0EC
:10B6C000A7F918B9082002B0BDE8F08128461BF0A0
:10B6D000B7FD0D21201D1BF092F900283CD0317AD6
:10B6E000424602201BF098FD05460028EAD0F37878
:10B6F000002B3ED106F17E031878012825D19A79D6
:10B7000002F0C002402A20D1D3F80120C5F83A2027
:10B71000B3F80530EB8796F87030B3B196F8763011
:10B7200003F0C003C02B10D017496A46CDE900874B
:10B73000FCF798FC3B68C5F80130BB88A5F80530DC
:10B74000BB79EB713046FCF759FE2846FBF7D4FA7B
:10B75000C0B92846FBF7E0FA94F8E9305B0703D557
:10B760000A2120461BF09DF9B4F8E81021B1002011
:10B77000A9E706F17703BFE72046FFF76DFEF6E77E
:10B780000A20A0E703209EE7D36D02002DE9F041D7
:10B790000546A0F1E80604460F463046012155F85B
:10B7A000EC891BF000FB002859D0CFB103213046B3
:10B7B0001BF025F9002852D03846FAF71DFE013853
:10B7C000C0B208289ABF2B4B1C5C002402213046D3
:10B7D0001BF067F921462846BDE8F041FFF73CBE63
:10B7E00098F80B30002B3AD0032130461BF007F9B4
:10B7F00020B92846BDE8F0411BF000BB05213046CA
:10B800001BF0FDF8B8B114F8043C1F0707D514F875
:10B81000033C180703D5112130461BF042F914F8F8
:10B82000043C23F0080304F8043C14F8033C23F020
:10B83000080304F8033C14F8033CD90711D506218A
:10B8400028461BF02EF9022130461BF02AF9236806
:10B85000D3F8A0301BB134F8041C0029BBD0BDE8DC
:10B86000F0819A0701D50821EAE75B07EBD50A21A9
:10B87000E6E700BFB5E8020008B5044B0448012222
:10B880001A70FCF77FF8002008BD00BFB05B0020F5
:10B89000B8060020F8B5204D2B78834207460E46A7
:10B8A00004D10722681C1EF094FBA8B11B491C4858
:10B8B00007221EF08EFB95F84030044618B9BB42B3
:10B8C0000CD0204619E0BB4210D116480722314661
:10B8D0001EF07FFB50B940202844F8BD11480722D4
:10B8E00031461EF076FB0028EBD1F4E70B490D48FA
:10B8F00007221EF06EFB68B90120830105EB801062
:10B90000EF5401333168E950EA18B3889380B37972
:10B910009371E2E70020E0E7282C002050E60200C7
:10B92000292C0020692C0020F7B5164CE389074626
:10B930000D4616467BB1237883420CD1D4F8010022
:10B94000B4F80520E379009031466846ADF804204C
:10B950008DF80630A847B4F84E3083B194F84030E3
:10B96000BB420CD1084BD4F841009A8800909B79D7
:10B97000ADF80420314668468DF80630A84703B07C
:10B98000F0BD00BF282C0020692C00202DE9F041DB
:10B990000A4FFB89034206460C46154602D0114663
:10B9A0003846A047B7F84E30334205D029462346E3
:10B9B0000348BDE8F0411847BDE8F081282C00207D
:10B9C000682C002008B5034900220220FFF7DEFFA3
:10B9D000002008BD15720200F8B5124CE38903423D
:10B9E00005460F46164608D023788B4205D107221C
:10B9F0003146601C1EF0EDFA78B1B4F84E3013EA0F
:10BA000005000BD094F84030BB4208D1064807220D
:10BA100031461EF0DEFA10B940202044F8BD002067
:10BA2000FCE700BF282C0020692C0020F8B50B781B
:10BA3000012B07460E4601D00020F8BD8D7905F098
:10BA4000C005402DF8D12C4CE3899D070FD4B4F8E4
:10BA50004E309807F0D594F84030BB4212D1062200
:10BA600004F17A01701C1EF0B4FA38B934E023787E
:10BA700083421CD0B4F84E30990723D4B4F84E302A
:10BA80009B07D9D594F84030BB42D5D1751C1B48D3
:10BA9000294618F0F7FA0028CED0402303F13A02E5
:10BAA0002868A050A118AA888A80E018C5E7062255
:10BAB00004F13A01701C1EF08CFA70B1B4F84E30EB
:10BAC0009A070CD594F84030BB4208D10C490622A5
:10BAD000701C1EF07EFA10B940202044ADE7237898
:10BAE000BB42CBD1751C0748294618F0CBFA002879
:10BAF000C4D00023D2E700BF282C0020922C0020C5
:10BB0000A22C0020522C002070B50D4C23788342CB
:10BB100005460E4604D10722601C1EF05AFA50B1A9
:10BB200094F84030AB4209D10648072231461EF056
:10BB300050FA18B9012004EB801070BD0020FCE71A
:10BB4000282C0020692C00202DE9F0479AB01D46D2
:10BB5000DDE923972E4B16460CAA84468A4603F14C
:10BB6000300E904618685968144603C4083373456C
:10BB70002246F7D118681B79206023716146202284
:10BB800004A81BF0C3FB23486B46202204A900F045
:10BB900071F80446C0BB102251460DF135001BF070
:10BBA000B5FB102231460DF145001BF0AFFB2946D5
:10BBB000062211F8013B8DF855300DF156001BF0AF
:10BBC000A5FB2299062211F8013B8DF85C300DF19E
:10BBD0005D001BF09BFB4B4635224146684600F05A
:10BBE00049F8044680B948461BF09AFB01238DF8BA
:10BBF000303035223B464146684600F03BF804466B
:10BC000010B938461BF08CFB20461AB0BDE8F0870F
:10BC100096AB0200EEE8020070B598B00E461446EE
:10BC20000146202204A81D461BF070FB202231464D
:10BC30000CA81BF06BFB1022294614A81BF066FB16
:10BC40001022214668461BF061FB6B46502204A976
:10BC5000184600F00FF840B9039B054A1BBAB3FB26
:10BC6000F2F102FB11331C9A136018B070BD00BFD3
:10BC700040420F002DE9F0418CB007460C461546B6
:10BC80000021142207A81E461EF018FB4FF4105383
:10BC9000DFF85080ADF818308023ADF81A304FF43B
:10BCA0004063CDE90838102204AB394606A81CF0E1
:10BCB00030FC20B16FF004000CB0BDE8F08105ABA2
:10BCC000029310232246CDE9006341462B46049897
:10BCD0001CF051FD044604981CF04AFB2043EBD0B5
:10BCE000E8E700BF0002C00300F1070C2CF0030CD2
:10BCF00010B4541E1860A4B2ACF80020023A93B2FB
:10BD000001FB04F24FF0000C40F802C074B103FBD9
:10BD1000011403FB01F22044121B4FF6FF7C013B90
:10BD20009BB263458050A0EB0100F8D15DF8044B55
:10BD3000704700BF0346006810B102680AB91A6074
:10BD4000704700F1070C2CF0030CD11DBCF800C0AB
:10BD500021F003010CF1FF3CA1F800C0EFE700BFA8
:10BD60000B687BB1073323F003031A88013292B2C8
:10BD70000346D1F800C043F807CB23F003031A8031
:10BD8000086070470122F3E702FB0100704700BF23
:10BD9000401A90FBF2F080B2704700BF531E11446E
:10BDA0009BB242B1DB430138CA1811F8013D00F8DB
:10BDB000013F9142F9D17047014402E010F8013B84
:10BDC0001BB98842FAD1002070470120704700BF9C
:10BDD00010600860704700BF0A6803460068904220
:10BDE00005BF00220A6000201A60704710B4146872
:10BDF0002060146861605DF8044B1060704700BFFC
:10BE0000884203D01AB1436813607047002070471E
:10BE10000B68834209D02AB1586810601A680A601A
:10BE200018467047002BF9D1FAE70023F8E700BF66
:10BE30002DE9F041DFF834800B4E0C2706F1300479
:10BE40004546221D214628460C3CFFF7C1FFA6426D
:10BE5000A5F10805F5D1043F3B1DA8F12008A6F186
:10BE60003006EBD1BDE8F081B02D0020242D00205C
:10BE700010B403468C46A2B101EB4101154803EB17
:10BE80004304090101EB84010144487A0C7AA04281
:10BE900004BF013008725DF8044B614618460EF08D
:10BEA00021BA01EB41020B4C120100EB400302EB03
:10BEB000830323449C7ADA7AA24202D05DF8044BD1
:10BEC000704701329A72044B01225A545DF8044BB8
:10BED0000EF060BA2C2D0020A82C0020F8B50646E4
:10BEE0001C460D4602B322786378D21A12F0030280
:10BEF0003AD1274F71004FEA450C3144AC448900D8
:10BF000001EB0C1101330431DBB27A186068237045
:10BF10002146FFF76BFF1F4B0122294630465A5539
:10BF20000EF038FA0020F8BD0EF01EFA0028DAD024
:10BF3000294630460EF0F6F90028D4D005EB45022C
:10BF400006EB4601124F6378120102EB81023A447C
:10BF50007100907AD27A90424FEA450C0CD020784A
:10BF6000C01A10F00302C8D0012A03D00133DBB29B
:10BF70002370D0E71046F8BD2278D21A920702D07B
:10BF80000233DBB22370D4E902039847CAE700BF4B
:10BF90002C2D0020A82C00202DE9F04FDFF8649113
:10BFA00019F8003089B0002B5AD0DFF85CA13C2290
:10BFB00004234FF0000B00EB400712FB0033032477
:10BFC000CDE904BB09F800B00AEB0717039302940C
:10BFD0008346B8460023B96A58F8240F079307AA86
:10BFE000FFF70EFF044607AAB4B1079D2E786978C3
:10BFF000761A06F00306012E35D02B78591A01F077
:10C0000003010129DBB23DD1D7E90901FFF7F8FEB1
:10C01000044607AA002CE8D197F82E3097F82F2075
:10C020009A4203D087F82F300123049397F82C30DD
:10C0300097F82D209A4203D087F82D3001230593DD
:10C04000029B5D1EEBB2FF2B0293A7F10C07C0D140
:10C05000049AD846DDF814B012B1BBF1000F45D0F8
:10C0600009B0BDE8F08F01396970079BD3E902037D
:10C070009847079D2A786978D3B2521A02F00302D2
:10C08000012A21D0B86A019300224146FFF7C0FE81
:10C090006C60019B6A786B702B789B1A03F003032A
:10C0A000012B08D0D7E9090107AAFFF7A9FE012E45
:10C0B000044698D10EE0039B6A70294620460AEB9D
:10C0C0000302FFF793FEEDE7D7E9090107AAFFF79F
:10C0D00097FE0446029B8BB101235946584609F846
:10C0E0000B300EF057F909B0BDE8F08F5A464146C3
:10C0F000404609B0BDE8F04F0EF0F4B8002C8BD0EC
:10C10000EAE700BFA82C00202C2D00204B1EDBB23C
:10C1100071B1411E00EB030C002011F8013F23B167
:10C120005A1E01301340C0B2FAD16145F5D17047B3
:10C130000846704730B5037E0568FF2B14D003EB2B
:10C1400043028B4205EB021227D04FF0000C01E0B6
:10C1500099420BD09E4613789468FF2B03EB430261
:10C16000A44405EB0212F3D1002030BD714517D075
:10C170000FFA8EFE137890680EEB4E0E4FEA0E1EED
:10C18000FF2B05F80E3006D003EB430305EB03133A
:10C190009A6802449A60604430BD9E464FF0000C9D
:10C1A00013780376E4E700BFA2EB010C1CF4000F48
:10C1B00010B4836844690BD12CF07F4C6344A342D4
:10C1C0000ED8E41A0023446183605DF8044B704785
:10C1D000891A21F07F418B4209D95B1AA342F0D919
:10C1E0001B1B0024446183605DF8044B70470C44C2
:10C1F000E41AE7E72DE9F843284DBDF82C70044612
:10C200004FF02C0E0EFB045E084604EB840104EB99
:10C210004104DEF8041001EBC00605EB8405F47858
:10C2200011F83080717804F1010C5FFA8CFCE04564
:10C2300098BF4FF0000C61452DD0716804EB4404A9
:10C240004FEA041901EB04144FF0040801F80980C7
:10C250006360089BA360099BE3600A9B23610C9BBE
:10C26000A361119B63620D9BE3610E9B23620F9B95
:10C27000A362109BE36202236270A782A37086F818
:10C2800003C0DEE9083698472B4641460022B047F6
:10C29000A078BDE8F8830120BDE8F883EC2D0020EC
:10C2A0002DE9F04F0346407AD3E9004587B00028D6
:10C2B00000F0FE80421ED2B205EBC2029A468B46C7
:10C2C000039205952346039A516856780491BBF171
:10C2D000FF0F66D00BEB4B044FEA0418CDF804B007
:10C2E00013F808B003EB041400254FF0FF0C84F89A
:10C2F00000C0DAF800709AF8182007EB08096245C8
:10C30000D9F8081018BF02960ED1CBE0091A06D151
:10C31000B9F81E80BEF81EE0F04500F2B780B85DA7
:10C32000FF2894466DD0024602EB420607EB061E3C
:10C330003601DEF808008842E8D9029EC9F80810E4
:10C34000BCF1FF0F89F8002064D00FFA8CFC0CEBD5
:10C350004C0C4FEA0C1C019807F80C00FF2A06D081
:10C3600002EB420207EB0217BA68521ABA60A278CF
:10C3700001326270002DAAD0AA6A4FF00001297024
:10C38000A97022B1E96A019300209047019B62687D
:10C39000002A9CD1AA6A2262EA6A6262BBF1FF0F9C
:10C3A00098D1039A049F9278994606EB4601701C37
:10C3B000B2424FEA011CC6B207EB011569D0039BDC
:10C3C00017F80C101878B04208BF00260429ECD1E9
:10C3D0006A7802EB420809EB0814012094F801E0A6
:10C3E000A1788E454FEA081818D04FF0000307F8DF
:10C3F0000C30AA6AA8700AB1E96A9047039B9A7840
:10C40000D3E70246BCF1FF0F029EC9F8081089F875
:10C4100000209AD101988AF818009FE70192AA8A11
:10C42000DAF814104FF6FE7082424B4607D04FF6F2
:10C43000FF70121AB2FA82F2520984F82C206A6A4A
:10C44000A262EA6862602A69029300236362226240
:10C45000AA8A4FF6FD739A4288BF0022A283AA6976
:10C46000A261EA69E2602A6A2261AA68A2600023E6
:10C4700063616A682046FFF797FEE2784FF0000399
:10C4800042F00102E383E270029B2EE7029E014626
:10C4900054E70399059881424B46A1F1080207D061
:10C4A000039210E707F80820019A8AF818205EE73F
:10C4B00007B0BDE8F08F00BF2DE9F04F447E0123A7
:10C4C0008FB08376002C40F0B480037EFF2B814632
:10C4D00000F0AE800DF046FAD9F81420D9F81C30DF
:10C4E00099F81880D9F800A0801A20F07F45AB4257
:10C4F00094BF00230123B8F1FF0F0493A34676D025
:10C50000059408EB48080AEB08144FEA0818A368DA
:10C51000AB426BD8A0781AF80880ED1A9B44637878
:10C520001B1ADBB2012B5ED1A26AA3690393002A16
:10C5300000F0F0801668002E7ED0002B40F08F8037
:10C54000049B002B00F00B8104230393137A5907FB
:10C5500000F0FA80137A6FF302031372E78B94F8FA
:10C560002C207B1C9BB2E383002A74D0A28B9A42BE
:10C5700071D2A26A002A00F04B81137A03F00703FC
:10C58000012B68D00126002351685360A36A1A7AF0
:10C59000002060F302021A72A078E7680138A070E8
:10C5A0000FB36369D9F8142094F803C0ABEB03030D
:10C5B000134423F07F40626A23690CF0010C002EC3
:10C5C00040F0B980B4F81EE0CDE900C37346B84727
:10C5D000039BE683002B049B18BF01230493E3789D
:10C5E00066F30003E370B8F1FF0F8AD1059C99F858
:10C5F0000B3099F80A209A4208D10132D2B2022AAD
:10C600001ABF14462346002389F80B4009EB830325
:10C610000022C3F80CB0D9F8244089F81A204B4600
:10C62000012204210320A4460FB0BDE8F04F60476B
:10C6300084760FB0BDE8F08F039B002B68D0049B7D
:10C64000002B87D1D9F81C305B4583D8B8F1FF0F98
:10C6500011D1049E97E7A378013BA370C3E7049B25
:10C66000002B7FF473AFD9F81C309B45FFF46EAFFD
:10C67000B8F1FF0F49D0039BE78B07939C46A38B30
:10C680006668BB429CBFFB1A99B208EB480388BF9F
:10C6900039460AEB0313089301FB06630693089BD4
:10C6A0009968079B8B422ED3CDE90C70089BCDF87F
:10C6B00020C0DDF81CC0CDF81C90DDF80C90CDF842
:10C6C0002C80CDE9095B8E46A346B0461446986A95
:10C6D0009A6910B1006800284FD1002A4DD11B780B
:10C6E000FF2B07D003EB43030AEB031399688E4437
:10C6F000E645ECD92246DDE9079C5C46DDE9095BAD
:10C700000D98DDF82C80CDF80CC0002A00F0978041
:10C71000002638E7039BA3B1049B002B7FF41EAFD8
:10C72000D9F81C309B45FFF419AFB8F1FF0FA2D127
:10C7300004990E4631E7CDE900C34FF6FF73B847C1
:10C7400051E7039E002128E7A08BE18B88423FF64A
:10C7500001AF012161F302031372E78BFFE6D9F801
:10C760001C305B453FF6F0AEB8F1FF0F53D04FF0F1
:10C77000040CE78BCDF81CC081E7DD8B9F8B5E68D6
:10C78000BD422AD2002E41D1002CA8D030462668C6
:10C790002EB1B9F1000F02D1724496423FD2BD4290
:10C7A0009DD3DA789BF8031002F0010601F0010531
:10C7B000AE4204D84A40D50791D400288FD02246F3
:10C7C000DDE9079C5C460C9FDDF82C80DDE9095B08
:10C7D000002A32D1CDF80CC0C1E69EB1E81B80B270
:10C7E000B8F1000F0AD000FB0660401A069981429A
:10C7F0002CBF00200120002CC9D1D0E74046002CDE
:10C80000C5D1CCE7002CC1D12046CAE72846E7E7CE
:10C81000A078012696E70423049E0393B3E62246FC
:10C82000DDE9079C5C46DDE9095BDDF82C80CDF88D
:10C830000CC0002E3FF48EAE88E61668F7E7164669
:10C840001146AAE62DE9F04F8FB0837E0090002BB1
:10C8500040F0A982437E0C93002B7AD10098837A12
:10C86000C27A012141769A424169079100F00E8413
:10C870000133DBB2022B00990ABF0C9A1A46134609
:10C8800001EB82028B72D368079A0593D31823F0C9
:10C890007F434B6101230B93009C267E0DF062F8D1
:10C8A000677A236801937B1E65680490DBB2002FD2
:10C8B00000F0FB8405EBC30A0027FF2303930D96CA
:10C8C0000897DAF804B04FF000092F469AF80300F1
:10C8D0009AF802800FFA88F404EB440408F101038B
:10C8E00040454FEA0416DBB20BEB041400F0108154
:10C8F0009AF800209A4208BF00238AF802301BF8F9
:10C9000006206178042A3AD9019801EB410300EB33
:10C910000315082A4FEA03130293A8786B7822D8EC
:10C920001B1A13F0FF032CD1062A1CD1009BDB7EBF
:10C930008B4251D00BF80690A36A84F80290002B2A
:10C94000C4D00020E16A98479AF803009AF8028060
:10C95000C0E7446A0421034601220420A4460FB024
:10C96000BDE8F04F60470BF806904FF00103A3704D
:10C97000A36A002BAAD0E16A01209847A6E798464F
:10C98000A8E7052A1FD162684AB9A2683AB9E268E5
:10C990002AB922691AB9626932F07F42E3D0012BC9
:10C9A0001CD0009B04215C6A3D4601220846A0473A
:10C9B0000123AA4508938AF80280AAF1080300F02F
:10C9C000AD809A467DE7012B00F0A381062AE8D1CD
:10C9D000009BDB7E8B42ADD16168BCE1DDF800805D
:10C9E0004046FFF7A7FBA860D8F81410049B059AEF
:10C9F0005B1A23F07F431344984240F2C481C01A6B
:10CA00006B68002B52D0A38A002B4FD0013B9AB207
:10CA1000A282D5F804C0EB8B604523D90CF1010844
:10CA2000069709911AE06A6ADFF814E2834996448E
:10CA30008E4584BF02F1E87202F5D4324746296A76
:10CA400094BF674602F5A572013BC01B521A9BB208
:10CA500060456A62EB8340F21D82A28A9342E2D86B
:10CA6000069F0999934220D2CDE909710CF1010288
:10CA7000D5F820E006926A6ADFF8C4816F497244F3
:10CA800090448845674606D8A2F1E872A2F5D432F0
:10CA9000069FA2F5A57201339BB26A62EB83A28A5C
:10CAA0009A423844E7D8DDE90971AA8363680344F0
:10CAB000AB60A2686B69A86A13446B6128B1036814
:10CAC0001BB1D4E901329B1A4360049A2846FFF750
:10CAD0006BFBE268AB691344AB61226993428CBF84
:10CAE0009B1A0023AB61A37D1BB1EA7863F30002BC
:10CAF000EA70E37D13B1013B85F82C30DDE90132AA
:10CB0000039999546B786278039201336B7011E743
:10CB10003D46AA45AAF108037FF453AF0D9E089F36
:10CB2000009A0B9B92F818B0BBEB060518BF0125C5
:10CB3000002B00F0B881049B0799D2F800805B1AA3
:10CB4000BBF1FF0F23F07F495DD04FF0000A08963C
:10CB5000CDF804A00695C2461646C846DDF81490E6
:10CB600005970BEB4B050AEB05142D01A2684A450E
:10CB700000F27183019BA178E08B134401936378E9
:10CB80005B1AF1698A4234BF891A0021A9EB0209B4
:10CB9000A8EB020824BF4FF0FF32F276F161A16AE0
:10CBA000DBB2002900F06C810A68A769002A00F056
:10CBB0005481002F40F05481022B00F04783002263
:10CBC000A2601AF8052032766168002940F00B81D6
:10CBD000A26A2AB1127A02F00702012A00F0E68066
:10CBE0003BB1012B00D020B1236A13B1616A01204F
:10CBF0009847A378637096F818B0BBF1FF0FB0D1D7
:10CC0000069D089E059F009C0B9B03995E4518BFDF
:10CC10001D462046FFF744FBCDE90156D4F800B08D
:10CC200003974FF0000C009B197EFF29084600F087
:10CC30007C830D464FF0FF0905E000BF592B177F9D
:10CC40005A2B17FF1D462BB203EB43030BEB0316C6
:10CC50001B01B26A2AB1147A04F00704012C00F017
:10CC600019821BF80330FF2BA946EBD1DDE90156F1
:10CC7000039FBCF1000F00F01C818E4200F0048382
:10CC8000002F00F045810846FF2800F05A83FF2E50
:10CC900000F04283009B1B6800EB400003EB001395
:10CCA000D3F808B0BBF1000F00F0EA820CF05AFE96
:10CCB000DFF85482914F924EDDF800A00A2502461B
:10CCC000DAF814300192D11A21F07F418B4505F139
:10CCD000FF3501F103015CD959452CBF5B185B445A
:10CCE00023F07F494846DAF8283098470CF03AFE9E
:10CCF000019AA9EB0203821A22F07F42033223F049
:10CD00007F439A42044646D9002D00F0E680224631
:10CD1000D6E7062A3FF40AAEDDF800804046FFF76A
:10CD200009FAAB78A8606B7098F81B2063789A4278
:10CD30007FF400AE1BF80630062B3FF44DAE009A90
:10CD4000FF23D3761BF80630062B3FF445AE082BA5
:10CD50003FF442AE0499009B5A698B1A1D0209D414
:10CD6000059A23F07F4313440099CA699A4288BF09
:10CD7000CB61DFE5059B521A22F07F4293428CBFC4
:10CD80009B1A0023F0E76A6913441B1A6B610020A9
:10CD900036E601230C93009A00235376937E0C9A77
:10CDA0001A4340F095800FB0BDE8F08FA378C4F827
:10CDB00008906370079B019A71699A1822F07F426C
:10CDC0002046FFF7F1F9039B0AF805306378CDF8A8
:10CDD0000CB00133DBB2637096F818B0BBF1FF0FF3
:10CDE0007FF4BFAE0CE7A36A23B11B7A03F00703FD
:10CDF000012BDBD0B4F81EC0BCF1000F4ED1B4F84B
:10CE00001CC0E646481C0290D4E908730022049432
:10CE1000704604E001388E46441C724412D0DFF89C
:10CE2000ECE0384C3B449E44A645F3D8DDF808E0DE
:10CE3000A3F1E8730138A3F5D433441CA3F5A5731B
:10CE40007244ECD1049C94F82C006362002800F03A
:10CE5000F380A260A4F81EC0ACE7002F3FF4AFAE91
:10CE6000022B7FF4ACAE00287FF4A9AE0A7A02F060
:10CE70000702012A3FF4A3AEF76186F81BB09EE6D5
:10CE8000A769002F3FF49BAE022B7FF498AE0028D9
:10CE9000F2D094E6069F0999A28AE3E5A37863702D
:10CEA0004FF0000EAEE7009C03992046FFF7F8F91B
:10CEB000217E8E427FF4E4AE002F00F00F82009BB3
:10CEC000002D40F06E825D769B7E002B3FF46BAFB1
:10CED000009B01225C6A03213FE540F65B4342462A
:10CEE0003946304616F028FD85F31188BFF36F8F61
:10CEF0000323184602DF2246E2E600BFA0C202007A
:10CF00001CC00200592B177FB4BF02005A2B17FF19
:10CF1000009B5A7A5C68531EDBB20125002A3FF45D
:10CF2000B2AECDE9075604EBC30301930694019B0F
:10CF30005E78DA785B68B24218BF1D4667D036B2B9
:10CF400006EB4606330105EB0616EB5C012B49D0D8
:10CF5000022B51D1D6E901C133699CF80040D6F8C3
:10CF60000CE00593009BDEF80080D3F80090586930
:10CF7000FF2CD6E905AB02D00B68834256D0009B4C
:10CF80004FF000081C7E0860FF2C27D0CDE9025628
:10CF9000CDF810C05646F24609E0BA684244B047A0
:10CFA00088B919F80540BB68FF2C984438D004EBC9
:10CFB000440509EB05172046B9695B462D01002E93
:10CFC000EBD10029EDD00599DDF810C0BB68DDE993
:10CFD0000256D64609B17A6A0A6098448CF8004035
:10CFE000CEF80080B36A4FF00002B27013B1F16A5C
:10CFF00000209847019BDA7801994E780B7801362A
:10D00000F6B2B34208BF0026B2424E7097D1019AE1
:10D0100006998A42A2F1080300F0D180019386E7C5
:10D02000DDE90256DDF810C0D646D7E704EB44042C
:10D03000230119F80340A7E790457FF60AAF86461B
:10D04000481C0290029C0995704605E08E46724489
:10D050000130904580B212D9DFF8B8E2A84D3B44C8
:10D060009E44AE45F2D8A646A3F1E8737244A3F5F8
:10D07000D43301309045A3F5A57380B2ECD8049C5D
:10D08000099D636260441FFA80FCE2E60C9B0B93EF
:10D09000059301E4B1681C461346002940F008815D
:10D0A000D6F81880B8F1000F15D11A68002A40F0A0
:10D0B000F880944A9449954840F6BD1316F03CFC1C
:10D0C000002383F31188BFF36F8F0323184602DF19
:10D0D000B26A4FF00408009BDB69181D5368049383
:10D0E00019461368994280F0C080A3EB010C1BF82D
:10D0F0000430FF2B00F0B980C445C0F0B6804FF07B
:10D10000000E0595C24677460546CDF818903AE0E0
:10D11000A7F10409F144E14528BFE14608EB050009
:10D1200084450DD3D1450BD3B06900283DD0107A8A
:10D1300000073AD4B9EB080002D0A84280F0288159
:10D14000886A20B1007A00F00700012827D088699A
:10D1500028B3496819B3B169BE44043000EB0E0529
:10D1600009B3107A0007ACEB080103D58D4294BFD8
:10D17000294600211BF803300027FF2B22D008EBA3
:10D180000E0AD4451ED303EB43030BEB03111B0123
:10D1900088680744042FBBD84FF00009BEE71BF88E
:10D1A00003300021E9E72946E4E7002DC8D0A9EBC8
:10D1B0000809A945C4D32946DDE9055904E0DDE99C
:10D1C00007567CE6DDE90559049B0B4453601BF8C8
:10D1D0000400FF2818BF4FF0FF0E01D1C0E0184631
:10D1E00003B203EB43030BEB031C1B01DCF80870D9
:10D1F0008F4280F0D1801BF80330FF2B8646A1EBD5
:10D200000701ECD1FF28B16015D0B9F1FF0F1BF871
:10D2100004106CD00FFA89F303EB43031B010BF8E6
:10D22000031000B200EB400003011BF803100BF8E1
:10D2300004100BF80350F38B013BF383137A0221A4
:10D2400061F3020313724FF0010CECE400287FF449
:10D25000B6AC04270AE64B46D21A009BA260069D94
:10D26000089E059F93F818B0CDE4049B53601BF80B
:10D270000430FF2B08BF002172D00023B360DAE72F
:10D28000009B83F819B023E6002F7FF403AD009BC9
:10D290005A7A5C68531EDBB2002A3FF4FBAC654649
:10D2A0003FE61A464FF0040815E7FF23039337E4DF
:10D2B000144A1749154840F6B51316F03DFB0023F4
:10D2C00083F31188BFF36F8F0323184602DFD6F86C
:10D2D0001880B8F1000F0DD0B26AFCE6009B5A7AB4
:10D2E0005C68531EDBB2002A7FF41BAEE7E5009BAF
:10D2F000197696E7B36A002B3FF4DBAED5E600BFA4
:10D30000592B177FB4BF02003CC002001CC00200B2
:10D31000F4BF02005A2B17FF0CF024FB04460CF05C
:10D32000E9FA009BC8B1187EB4E4DDE90156039F19
:10D33000BCF1000F3FF4BDADFF2E13D0002F3FF422
:10D34000E7AD0CF0E7FA0446B8B1009A0023537633
:10D35000937E002B7FF4BCAD25E5187E5C6199E4DB
:10D36000B16068E7002FECD1009B5A7A5C68531ECD
:10D37000DBB2002AE5D06546D3E5009DE8610CF0FC
:10D38000F1FA6C766861AB7E002B3FF40CAD9FE543
:10D39000DDE90559014617E77F1ACCF80870704699
:10D3A00030E7187E70E400BFF8B5069E9DF81C506B
:10D3B000089CB8B9144F3A605A1E39727B727E606D
:10D3C000D2B273B106EBC2025460114612F80839AA
:10D3D0008E4203EB4300A5EB030304EB0014DDB224
:10D3E000F2D10DB10120F8BD099B3B620A9B7B6223
:10D3F000FF240B9BBB623C760CF0B4FA7D81786114
:10D40000FC76FD612846F8BDEC2D002010B40B4BD6
:10D410002C2202FB0032546A64B100EB800200EB64
:10D42000420003EB8003A44601225DF8044B032174
:10D43000022060475DF8044B704700BFEC2D0020D0
:10D4400010B58AB00C9C00940D9C01940E9C029423
:10D45000BDF83C400394109C0494119C0594129CCC
:10D460000694139C0794149C089400240994FEF7D6
:10D47000C1FE0AB010BD00BF10B4BDF81040049446
:10D480005DF8044BFEF7B6BE2DE9F84F294DBDF807
:10D4900034609DF83880044608462C2101FB045175
:10D4A00004EB840704EB470405EB84054C6804EBAC
:10D4B000C00E14F830909EF803409EF8017004F1FD
:10D4C000010C5FFA8CFCE14598BF4FF0000C6745FA
:10D4D0009DF844902AD0DEF8047004EB44044FEA2F
:10D4E000041A07EB04144FF0050B07F80AB0636049
:10D4F0000A9BA3600B9BE3600C9B23610F9BA362C1
:10D50000109BE36202236270A68284F8168084F87E
:10D510001790A3708EF803C0D1E9083698472B46C0
:10D5200000220421B047A078BDE8F88F0120BDE8B3
:10D53000F88F00BFEC2D002010B588B00A9C009435
:10D540000B9C01940C9C0294BDF8344003949DF80C
:10D55000384004940F9C0594109C06940024079472
:10D56000FFF792FF08B010BD2DE9F0411E4D0646B1
:10D5700008462C2101FB065E06EB860406EB4404FC
:10D58000DEF8046005EB840706EBC00516F8306092
:10D59000EC78697804F1010C5FFA8CFC664598BF61
:10D5A0004FF0000C61451BD0696804EB4404260170
:10D5B00001EB04144FF0070801F80680A362069BF4
:10D5C000E36202236270A37085F803C0DEE90835C8
:10D5D00098473B4600220421A847A078BDE8F08187
:10D5E0000120BDE8F08100BFEC2D00202DE9F041C5
:10D5F0001F4D064608462C2101FB065E06EB8604FD
:10D6000006EB4404DEF8046005EB840706EBC00576
:10D6100016F83060EC78697804F1010C5FFA8CFC44
:10D62000664598BF4FF0000C61451DD0696804EB5A
:10D630004404260101EB04144FF0080801F80680A9
:10D640006360069BA362079BE36202236270A37080
:10D6500085F803C0DEE9083598473B4600220421DF
:10D66000A847A078BDE8F0810120BDE8F08100BFA7
:10D67000EC2D00200CF076B9401A20F07F40704766
:10D6800001480021704700BF7F410100022801D0FE
:10D690000120704738B5044608461D4603F0BCFC1F
:10D6A00018B108232B70002038BD204638BD00BFBC
:10D6B000082303700B70704738B5054600200C46F0
:10D6C00003F06CF970B93DB9074B44B1206818609C
:10D6D000A2889A80002038BD044B002CF6D11C6033
:10D6E0009C80F7E70C2038BD202E0020182E00204B
:10D6F0000128034605D8044A0448002B08BF1046F9
:10D7000070470020704700BF202E0020182E0020F8
:10D7100001280AD8064A074B002818BF1346186884
:10D7200008609A888A801846704700231846704718
:10D73000182E0020202E002010B504460AF05AFBB7
:10D7400050B90AF0D3FFD0B90BF0FCFB50BB204618
:10D75000BDE8104012F0A8BF1C4A1D491D4840F604
:10D76000571316F0E9F8002383F31188BFF36F8F86
:10D770000323184602DF0AF0B9FF0028E4D0134A59
:10D780001349144840F65C1316F0D6F8002383F3CF
:10D790001188BFF36F8F0323184602DF0BF0D2FB13
:10D7A0000028D4D0094A0A490A4840F6681316F0FE
:10D7B000C3F8002383F31188BFF36F8F0323184648
:10D7C00002DF2046BDE8104012F06EBF94C0020098
:10D7D000D0C002001CC002000860014812F064BF03
:10D7E0002835002012F060BF2DE9F84F89462A4DF8
:10D7F00099F8003095F860100B2B88BF0B469A42C1
:10D800003ED05C1CE4B292460C2C35F833200280EA
:10D81000834608BF002405EBC303002601274FF011
:10D8200012081AE0012833D0C3F8048089F80040B8
:10D8300095F860300B2C98BF23469A4521D01AB238
:10D840000133DCB235F83200BBF800100C2C08BFF5
:10D850000024884205EBC20313D1586860B1FF2849
:10D86000E0D9027902F00302013A012A0CD912220E
:10D870005A6003F0EBFBD9E701365F60F6B2D5E7FB
:10D8800000263046BDE8F88F0136F6B20122EFE7F8
:10D890000136F6B2CAE700BF4C2E00202DE9F04752
:10D8A000374F3B8898425DD913F0FF0528D0DFF849
:10D8B000DCA0DFF8D0809AF81540DFF8CC909AF819
:10D8C00014300134E4B2052C08BF0024A3424046C2
:10D8D00018D0FEF72FFA064648468EB1FEF72AFA10
:10D8E000002841D006609AF815304AF823003B889A
:10D8F0008AF81540013D013B15F0FF053B80DED164
:10D90000BDE8F0873B88002BFAD0DFF884A01D4DDE
:10D910009AF815401C4E4FF000080134E4B2052C73
:10D920009AF8143008BF0024A3422846E8D0FEF736
:10D9300001FA81463046B9F1000FE1D0FEF7FAF95D
:10D94000C0B1C9F80480C0F800909AF815304AF8C0
:10D9500023003B888AF81540013B9BB23B80002B9B
:10D96000DBD1CDE70546A2E730460649BDE8F047E2
:10D97000FEF7F6B948460349BDE8F047FEF7F0B9AF
:10D98000DC2E0020E02E00204C2F00203833002019
:10D99000B42E00202DE9F84F414B424FDFF808919B
:10D9A000DFF8FCB00422981824214FF00008A7F8F3
:10D9B0001480FEF799F93C4B042208219818FEF7D1
:10D9C00093F997F814A07C7D04260134E4B2052C69
:10D9D00008BF0024A245484613D0FEF7ABF9054620
:10D9E000584675B1FEF7A6F9002853D0C5F8048053
:10D9F00005607B7D47F82300013E16F0FF067C752D
:10DA0000E3D12A4B0A22181D6421FEF76DF9284B39
:10DA10000D22181D0821FEF767F92548FEF78AF93F
:10DA20000446C8B1234A2046111FFEF7D1F9204809
:10DA3000FEF780F90446F0B11F4A2046111FFEF799
:10DA4000C7F91E4B0822FF201A80FFF727FF08F0B6
:10DA50002FFE0020BDE8F88F194A1A491A4840F6EF
:10DA6000321315F069FF84F31188BFF36F8F03231E
:10DA7000184602DFD6E7124A1249134840F6391316
:10DA800015F05AFF84F31188BFF36F8F03231846F4
:10DA900002DFD1E704492846FEF762F9B1E700BF8B
:10DAA0007433002008340020503300204C2F002015
:10DAB000E02E0020D82E0020D02E0020DC2E0020CA
:10DAC00094C002008CC502001CC002002DE9F04F7A
:10DAD000DFF89882DFF88492DFF888B2DFF8A4A23A
:10DAE00087B0D8E9000103AAFEF78AF905460028A5
:10DAF00034D0039C002C71D0207804AA02A903F032
:10DB000089FF0446002855D0DDE90313BDF808203D
:10DB10000F78ADF80A20059305AE0DF10A0503F064
:10DB20008BFF2146059ABDF80A0003F0CBFF204683
:10DB300003F04CFF32462946384603F06BFF04469B
:10DB40000028ECD1D9F8000012F0AEFDD8E90001B0
:10DB500003AAFEF755F905460028CAD104AA02A96E
:10DB60000DF1070003F03EFF0446002846D0049B59
:10DB700005939DF80770BDF80830ADF80A3005AE82
:10DB80000DF10A0503F058FF2146059ABDF80A0079
:10DB900003F098FF204603F019FF32462946384625
:10DBA00003F038FF04460028ECD16C4B186812F0E3
:10DBB0007BFD96E7039B05931B79013B172B20D830
:10DBC000DFE803F02F43861F1F1F1F1F1F1F1F1F8C
:10DBD0001F1F1F1F1F1F1F1F1F1F7B2F604840F687
:10DBE00004235A46514615F0A7FE84F31188BFF36B
:10DBF0006F8F0323184602DF039C7DE707B0BDE863
:10DC0000F08F584A5849564840F6A43315F094FE10
:10DC1000002383F31188BFF36F8F0323184602DFBD
:10DC20005FE75249D8F804000022FEF7F1F8504BA4
:10DC3000059993F8613028460B704E4AFEF7D6F8E6
:10DC4000464B186812F030FD4BE74849D8F80400FD
:10DC50000022FEF7DDF8059EB46844B1237803F096
:10DC6000FF07002B6AD02378013BDBB22370337BA4
:10DC700023B1012B52D13046F3F7FEF83E4A00277C
:10DC80003773537D117D0133DBB2052B08BF3B4653
:10DC9000994234D03560517D42F821605375002C93
:10DCA0003FF41FAF2378002B7FF41BAF6369002B79
:10DCB0003FF417AFA069984713E72C49D8F8040040
:10DCC0000022FEF7A5F80599284603F0B9FC08E7FD
:10DCD00005A9284603F0DEFC2449D8F804000022F8
:10DCE000FEF796F8059900293FF4FBAE0B792D2B32
:10DCF0003FF4F7AE1E4B284693F861309CE7194A73
:10DD00001E49174840F6124315F016FE87F3118896
:10DD1000BFF36F8F0323184602DFC0E7114A124991
:10DD20000F4840F60B4315F007FE002383F31188DC
:10DD3000BFF36F8F0323184602DF9FE7094A10499C
:10DD4000074840F6B43315F0F7FD87F31188BFF3A9
:10DD50006F8F0323184602DF85E700BF24350020BC
:10DD60001CC0020094C00200F4C00200D42E0020A7
:10DD70004C2E0020D02E002008340020F8C00200D5
:10DD8000DCC00200D8C0020030B52F4B2F4C186009
:10DD900087B00BF0A1FD2378002B50D02C4A2D4DDD
:10DDA0002D4C2E49CDE904252D4A0220CDE902242F
:10DDB00004230C24CDE900142A4A087408760B7059
:10DDC0000B7200200521FFF7EFFA40BB0122002172
:10DDD00025481BF048FC09F09FFF044610B120467F
:10DDE00007B030BDFFF7D6FD04460028F7D10AF092
:10DDF00065FC04460028F2D102F07CFD04460028B0
:10DE0000EDD10BF093F804460028E8D103F086FB2F
:10DE100004460028E3D10120F3F7D2FDDFE7134ADF
:10DE20001349144840F2762315F086FD002383F34E
:10DE30001188BFF36F8F0323184602DFC6E7FDF793
:10DE4000F7FF01232370A9E724350020B35B0020EE
:10DE500059A4010059A50100F1A301008037002059
:10DE600040350020A03700202835002094C0020053
:10DE7000D0C002001CC0020010B586B002F04AFDFE
:10DE8000002835D103F04CFB002844D10024414B3D
:10DE90002046A3F86040F3F793FD3F493F4A404BCB
:10DEA000A1F8004194829C820122214668461BF021
:10DEB000DAFB3C4B224621460320C3F808D0FEF78C
:10DEC0000DF8002857D14FF0FF324FF0FF3368466E
:10DED00012F024FC02F024FD00283CD1FFF75AFD8B
:10DEE00048BB0021012006B0BDE81040FFF7E4BBAD
:10DEF0002D4A2E492E4840F22E3315F01DFD0023E9
:10DF000083F31188BFF36F8F0323184602DF03F0FA
:10DF100007FB0028BAD0244A2449254840F25A3346
:10DF200015F00AFD002383F31188BFF36F8F0323DD
:10DF3000184602DFAAE71C4A1C491D4840F2A333D9
:10DF400015F0FAFC002383F31188BFF36F8F0323CE
:10DF5000184602DFC5E7144A1449154840F29633C3
:10DF600015F0EAFC002383F31188BFF36F8F0323BE
:10DF7000184602DFB2E70C4A0E490D4840F28933D9
:10DF800015F0DAFC84F31188BFF36F8F0323184672
:10DF900002DF98E74C2E0020203400203833002088
:10DFA000B42E0020F006002094C00200D0C0020071
:10DFB0001CC0020008C1020008B5FFF75DFFBDE804
:10DFC000084009F0D9BE00BF2DE9F04FDFF8F4900A
:10DFD000364E83B007468846A9F1600400233B60B3
:10DFE000D6E9000101AAFDF70BFF054600284BD03A
:10DFF000019B49461A784046FFF7F6FB0346002886
:10E000004AD194F860208DF8012094F861200DF138
:10E0100001010DF102009A46FFF7E6FB4AEA000211
:10E0200012F0FF0A0346F0D1019B1A79012A37D179
:10E03000DFF894B0706852463146FDF7E9FE0BF107
:10E0400004012846FDF78CFEBBF80030072B0AD8E8
:10E05000019817490133ABF80030FDF781FE01202C
:10E06000FFF71CFCBAE7134A134914484FF4D7636F
:10E0700015F062FC8AF31188BFF36F8F03231846F3
:10E0800002DFBBF80030E3E70D49404691F861201C
:10E090006031FFF7A9FB0346184603B0BDE8F08FD7
:10E0A0003B605346184603B0BDE8F08FCC2E0020ED
:10E0B0004C2F002094C0020010C102001CC00200BE
:10E0C0004C2E0020AC2E0020DC2E0020F0B5624942
:10E0D00083B000234868019301AAFDF799FE044626
:10E0E000002868D020465D49FDF73AFE019B1C7967
:10E0F0001D2C10D8DFE804F0200F0F200F0F0F0F9A
:10E100000F0F0F0F0F0F0F0F0F0F0F0F0F0F0F32FC
:10E11000202020202020524A5249534840F2735375
:10E1200015F00AFC002383F31188BFF36F8F0323DC
:10E13000184602DF03B0F0BD002CFBD1484A4B4922
:10E14000494840F26F5315F0F7FB84F31188BFF391
:10E150006F8F0323184602DF03B0F0BD1A7F3C2AFD
:10E1600038D05C7FC4B19B681C68606E20B100230E
:10E170003F496366FDF7F4FD94F86A306FF30003DE
:10E1800084F86A30002002F009FC10F0FF00D1D1C1
:10E1900008F060FF03B0F0BD314A3249324840F226
:10E1A000F64315F0C9FB84F31188BFF36F8F032387
:10E1B000184602DFE6E72A4A2E492B4840F235434B
:10E1C00015F0BAFB84F31188BFF36F8F0323184651
:10E1D00002DF87E79E68D6E90045F5B10027776042
:10E1E000AB6F6BB11E4A24491F4840F2B24315F091
:10E1F000A3FB87F31188BFF36F8F0323184602DF59
:10E2000005F16C0105F16800FDF7E6FD064698B1E1
:10E210002868AE6702F0EAFEAEE7114A17491248D5
:10E2200040F2AF4315F088FB85F31188BFF36F8F81
:10E230000323184602DFD1E7094A11490A4840F290
:10E24000B54315F079FB86F31188BFF36F8F032375
:10E25000184602DFDCE700BFCC2E0020E02E0020B5
:10E2600094C00200F4C002001CC0020080C1020081
:10E270004C2F00208CC502005CC1020050C102007E
:10E2800074C102002DE9F047046881465CB3DFF8F1
:10E290006C81DFF888A1584F2646246835791D2DFA
:10E2A00010D8DFE805F03C0F0F3C0F0F0F0F0F0FDA
:10E2B0000F0F0F0F0F0F0F0F0F0F0F0F0F28583CDF
:10E2C0003C3C3C3C40F2AC6342465146384615F07B
:10E2D00033FB002383F31188BFF36F8F03231846AA
:10E2E00002DF002CD8D10023C9F80030BDE8F04788
:10E2F000FF20FFF7D3BA337F3C2B66D0F3B13F4A00
:10E300003F493D4840F2D75315F016FB002383F3F5
:10E310001188BFF36F8F0323184602DF35796DB97B
:10E32000384940F22D634246384615F005FB85F327
:10E330001188BFF36F8F0323184602DF324D2B88FD
:10E34000072B31D8013331492B803046FDF708FDCA
:10E35000002CA1D1C7E7F0880128C2D802F054FEF2
:10E36000D0F89430054673B1244A2949224840F236
:10E370009B6315F0E1FA002383F31188BFF36F8FDD
:10E380000323184602DF05F1880105F18400FDF73B
:10E3900023FD064608B3C5F89460284602F026FE21
:10E3A000002C7FF479AF9EE71A494FF4D7634246B9
:10E3B000384615F0C1FA002383F31188BFF36F8F3D
:10E3C0000323184602DF2B88BCE710493046FDF7CF
:10E3D000C7FC002C7FF460AF85E7084A0E49064869
:10E3E00040F29E6315F0A8FA86F31188BFF36F8F91
:10E3F0000323184602DFCEE71CC0020094C00200CF
:10E40000A4C10200B0C10200DC2E00204C2F00206D
:10E41000D8C1020010C102008CC50200F4C0020085
:10E420000148FDF787BC00BFE02E00200149FDF741
:10E4300097BC00BFE02E00200148FDF77BBC00BF69
:10E440004C2F00200149FDF78BBC00BF4C2F002052
:10E45000034B044A93F861300B70FDF7C7BC00BF53
:10E460004C2E0020D02E002008B5064B064A93F80B
:10E4700061300B70FDF7BAFC044B1868BDE808402A
:10E4800012F012B94C2E0020D02E0020243500208E
:10E490000B490A7D4B7D9A420AD8A3EB020C5FFA26
:10E4A0008CFC604509D89A4207D051F82200704789
:10E4B00005339B1ADBB29842F7D90020704700BFA2
:10E4C000B42E0020074A117D537D8B4208D04B1C8F
:10E4D000DBB2052B08BF002352F8210013757047EB
:10E4E00000207047B42E002008B5134A92F861C08E
:10E4F00092F860E00CF10103DBB20C2B08BF0023A3
:10E500009E4508D022F83C0002EBCC0CCCF804105D
:10E5100082F8613008BD094A09490A4840F212737D
:10E5200015F00AFA002383F31188BFF36F8F0322DB
:10E53000104602DF1B80FFDE4C2E002094C002003C
:10E54000DCC602001CC00200022810B50C4602D036
:10E550000B68022B07D004484FF0FF324FF0FF3317
:10E5600012F0DCF8206810BD2835002004490A6844
:10E570000AB110467047024608601046704700BF57
:10E58000482E0020044A136823B1984206BF002198
:10E590001160002318467047482E0020014B186870
:10E5A000704700BF482E002004490A680AB110468F
:10E5B0007047024608601046704700BFB02E00202A
:10E5C000044A136823B1984206BF0021116000235A
:10E5D00018467047B02E0020014B1868704700BFE6
:10E5E000B02E002030B505682B7887B05BB30446A9
:10E5F0000122002168461BF036F8144BC5F818D0EC
:10E600006B612B78FBB1124B0022114603209C60FA
:10E61000FDF764FC38B94FF400420023684612F05D
:10E620007DF807B030BD0B4A0B490C4840F2E97346
:10E6300015F082F9002383F31188BFF36F8F032352
:10E64000184602DFE7E76FF07700EAE7E5D700005A
:10E65000E006002094C00200F0C102001CC00200CD
:10E66000F0B5254E336885B00C461746002B36D0E2
:10E67000994215D10223039303AB02460093032171
:10E680001E4B0020FEF770FF022805460CD0039BAE
:10E69000022B09D195B133680BB19C4221D014B340
:10E6A0006FF02D0005B0F0BD15484FF0FF324FF070
:10E6B000FF3312F033F8039D002DECD13846FFF7FD
:10E6C00091FF33680BB19C4211D0002CE8D1002897
:10E6D000E8D010F1780F08BF002005B0F0BD316020
:10E6E000C8E7002333606FF0770005B0F0BD3560F8
:10E6F0000028D7D0EDE700BF482E0020D9D7000072
:10E70000283500200B490A7D4B7D9A420AD8A3EB9D
:10E71000020C5FFA8CFC604509D89A4207D051F888
:10E720002200704705339B1ADBB29842F7D90020CC
:10E73000704700BF38330020074A117D537D8B425C
:10E7400008D04B1CDBB2052B08BF002352F8210078
:10E7500013757047002070473833002038B50C46D9
:10E76000054603F039F9207021462846024ABDE8E3
:10E770003840FDF73BBB00BFD82E00200122024BE2
:10E7800011460020FDF7AABBD006002070B50C464C
:10E79000054603F021F921462070064A2846FDF778
:10E7A00025FB0122BDE87040034B11460020FDF718
:10E7B00095BB00BFD82E0020D00600202DE9F043E5
:10E7C0001A4D9DF81C8095F801C10CF1010E5FFAFD
:10E7D0008EFEBEF1080F994695F8003108BF4FF044
:10E7E000000E73451DD0144605EB4C1CE36807462C
:10E7F0000E4610685168926864460FC49CF81C303D
:10E80000CCF8186008F0010823F0030343EA08037A
:10E81000CCE904978CF81C3085F801E16046BDE82E
:10E82000F0834FF0000C6046BDE8F08320340020F8
:10E83000054890F8003190F801219A4214BF00EB8E
:10E8400043100020704700BF2034002001460B48D1
:10E850000A7890F80131072A84BF90F800210A70E5
:10E86000934208D0531CDBB2082B08BF002300EBF7
:10E8700042100B7070470020704700BF203400200A
:10E880002DE9F04F444F97F8004197F8013185B0DA
:10E89000A34202903FD04FF0000A07EB44140A2530
:10E8A000CDF80CA0D346CDF804A0267FD4F80C9068
:10E8B000C6F3400806F00106002D47D0013DEDB239
:10E8C000B8F1000F2AD097F8013197F80041A34220
:10E8D00021D00134E4B2082C08BF0024A34287F8F9
:10E8E000004118D007EB4414E368B8F1000FDCD105
:10E8F000002E3AD1019A002A47D0BBF1000F08BF81
:10E90000CB46227F9107D0D4D20735D4019A9A42C0
:10E9100001D09B45C9D105B0BDE8F08F1F4B0298CF
:10E920009C6042464146FDF7D9FA0028CBD01C4AEC
:10E930001C491D4840F67E0314F0FEFF88F3118841
:10E94000BFF36F8F0323184602DFBCE7144A174951
:10E95000154840F66F0314F0EFFF85F31188BFF3FD
:10E960006F8F0323184602DFA8E7039A82B1BAF13A
:10E97000000F08BFCA46C4E7BBF1000F95D1039A48
:10E980009A42C8D09A4590D1C5E7CDF80490B8E72F
:10E99000CDF80C90B5E700BF20340020C006002061
:10E9A00094C00200F0C102001CC00200F8C10200C5
:10E9B000054B1A7D597D914204D053F8220010B1C5
:10E9C0000C307047002070470834002070B5134A9F
:10E9D000117D537D8B421ED04B1CDBB252F821407F
:10E9E000052B08BF00231375ACB102230025266850
:10E9F00023712560A06002F0EFFF094A20702146D4
:10EA00003046FDF7F3F90122064B11462846FDF783
:10EA100065FA204670BD0024FBE700BF08340020E3
:10EA2000D82E0020D006002010B582B00024CDE9F9
:10EA30000044049B09F096FB02B010BD10B50346DC
:10EA4000007F1A699969012482B02040CDE9000451
:10EA5000586909F087FB08B1773001D102B010BDC9
:10EA6000074A084908484E2314F066FF002383F341
:10EA70001188BFF36F8F0323184602DF02B010BD69
:10EA800000C2020044C202001CC0020010B50469AA
:10EA9000FFF792FA40B90C48F6F7B6FC0B48F6F7C8
:10EAA000B3FC0020206010BD094A0A490A4840F220
:10EAB000793314F041FF002383F31188BFF36F8F84
:10EAC0000323184602DFE6E7601B0020A81A002097
:10EAD00058C20200D0C002001CC002002DE9F0475D
:10EAE000464FD0F81080DFF81CA1DFF81C9182B0EF
:10EAF00006464FF0FF324FF0FF33384611F0A2FDCB
:10EB00000028F6D043790190042B22D8002B4FD156
:10EB10003B4840F212235246494614F00DFF0023B1
:10EB200083F31188BFF36F8F0322104602DF019A2F
:10EB300001A81360FFF7A6FB4FF0FF324FF0FF3341
:10EB4000384611F07FFD0028D3D043790190042B83
:10EB5000DCD9052BDCD14FF0FF324FF0FF3308201A
:10EB6000F7F70CFA04462146019800F05DFF019B7F
:10EB700000221A6001A8FFF785FB002CB9D02046BF
:10EB800015F0C4F921460546002015F0E5F92B8A59
:10EB90000446294630463BB1D8F80030984712F079
:10EBA000A5FA002CEBD1A4E72846F6F7CDFEF6E750
:10EBB000022B13D04FF0FF324FF0FF330220F7F754
:10EBC000DDF9044601989CB1214600F069FF019BE4
:10EBD00000221A6001A8FFF755FBD0E700220023AE
:10EBE00001210020F7F7DAF904460198002CEBD157
:10EBF000046001A8FFF746FB7BE700BF94380020C4
:10EC00001CC0020058C20200F4C00200F0B5054664
:10EC1000076989B00E461F481AF0CEFC4FF0FF324C
:10EC200000211D481AF01FFD1B48FFF7ADF80446F0
:10EC300060BB3E60F1F724FE002600276FF0090359
:10EC4000CDE90334CDE90667CDE90144134B1449FE
:10EC500000954FF4E072134812F054F8124911482D
:10EC60001AF044FE6FF00702CDE90324CDE90667F0
:10EC7000CDE901440D4B0E4900954FF460720D48EB
:10EC800012F040F80C490B481AF030FE204609B04B
:10EC9000F0BD00BF94380020AC380020D5EC000057
:10ECA000C8740020601B002098C20200DDEA00004A
:10ECB00048710020A81A0020A4C202000B7E02693D
:10ECC000022B01D013681847CB681B78052BF9D1AC
:10ECD000704700BF2DE9F043DFF8C4802F4F83B0A9
:10ECE00005460DE0F7F75AF92246BDF80210044632
:10ECF00001F0ACF921462846FFF7E0FF12F0F6F9E3
:10ED00000DF1020101A8FFF75FF904464FF0FF3251
:10ED10004FF0FF3300211320002CE3D1019BB3B14E
:10ED2000FFF7D4F9DDF80490484601F0A7F9019EF9
:10ED300089F805007379032B02D13379182B0ED093
:10ED4000314638461AF076FC019B002BD8D14FF0A3
:10ED5000FF324FF0FF33404611F0E0FCD0E74FF0B8
:10ED6000FF3321464FF0FF320520B6F80690F7F743
:10ED700015F949460246044606F11C0000F02CFE37
:10ED8000484600F049FE2146284624B1FFF796FF89
:10ED90002046F6F7D9FD019ED2E700BF9438002047
:10EDA000AC38002070B50B8A82B033B10B7E012BDA
:10EDB0000C46064619D0042B04D06FF015052846E2
:10EDC00002B070BD01A9204600F0A8FD01990546DA
:10EDD00011B13046FFF772FF002DF0D12046F6F753
:10EDE000B3FD0025284602B070BD002301A92046CE
:10EDF000019300F02BF901460028EFD03046FFF7D1
:10EE00005DFF019D002DE9D0284601F037F96871BA
:10EE1000019902481AF00EFCE0E700BF9438002088
:10EE200010B512F013F9054C20461AF0D1FB20461C
:10EE30001AF0C2FBBDE8104012F01CB99438002053
:10EE40002DE9F0411A4C6468A40004D51646194A0D
:10EE50001268120701D4BDE8F08103F10C040546E5
:10EE60000F462046022115F08EF840F63E430380FF
:10EE70000121204615F087F80346042220461A7027
:10EE80000B2115F080F80570A0F801603DB97B6892
:10EE9000BA68C0F80720C0F80330BDE8F0814FF031
:10EEA0000008C0F80380C0F80780BDE8F08100BF0B
:10EEB000D0010020C8010020F0B5013887B0144609
:10EEC00011280AD8DFE800F0233F550909670979BE
:10EED00098AB090909090909090D6FF0150007B078
:10EEE000F0BDCB68DA789978188807F0CDFB554BE0
:10EEF00006460121188815F060FD012105460C30F9
:10EF000015F041F806702560002007B0F0BD4D4BAC
:10EF10000D21188815F051FD0D2120600C3015F0E1
:10EF200032F84FF0021400234FF480610122037085
:10EF3000C0F80140A0F80510C271037243728372D9
:10EF4000C3720373E0E73F4B4121188815F035FD8C
:10EF5000412120600C3015F016F8002104463E22B5
:10EF600000F8031B1BF0AAF940F2A733A4F8013004
:10EF7000CAE7344B0921188815F01FFD09212060CC
:10EF80000C3015F000F80346002203F8012BC0F8FE
:10EF900001205A60B8E7C9680020FEF78DFB294BB5
:10EFA0000121188815F009FD012105460C3014F0E7
:10EFB000EAFF002303702560A6E7234E214F0FCE02
:10EFC00001AD0FC5336838882B70122115F0F5FCA0
:10EFD000122120600C3014F0D6FF0446002301AE4D
:10EFE00004F8013B84460FCE2D78CCF80100616017
:10EFF000A260E360257487E7124B1821188815F08A
:10F00000DCFC182120600C3014F0BDFF0023044606
:10F01000012100F8023B0AF0E5FB607074E7094B40
:10F020002121188815F0C9FC212120600C3014F032
:10F03000AAFF0146002301F8113B01300AF022FC2F
:10F0400062E700BF1A5A0020C0C202002DE9F04159
:10F05000038A8CB00022022B079230D90446032188
:10F060000C3014F0B7FF228A83789A4227D30088A5
:10F07000D94EC0F38523082B30801FFA80FCC0F3E3
:10F08000090509D8A3B1013B072B11D8DFE803F02C
:10F090001C10284C101010643F2B09D107AA2146E0
:10F0A0002846FFF709FF163040F02784B6F800C065
:10F0B000012160460CB0BDE8F04115F090BC002481
:10F0C00020460CB0BDE8F081062D00F0CF831D2D49
:10F0D000EED1E368188802F0D5F801463088E9E7F8
:10F0E000632D00F0078400F2EE80032D00F0DE8334
:10F0F0002D2D40F0D380E368604604211E8893F8EC
:10F10000028015F05AFC042104460C3014F03BFF39
:10F11000B7B20546C31C424639460220FEF7B6FA8E
:10F12000A5F801602870CBE7681E0828C0D801A3A5
:10F1300053F820F08DF3000041F300001BF30000B2
:10F14000B1F00000B1F00000B1F00000B1F000003B
:10F15000B1F00000FBF20000681E4D28A8D801A302
:10F1600053F820F0EDF30000B7F3000095F4000031
:10F17000B1F000008BF400006FF4000055F40000C3
:10F1800049F400003DF400001DF40000B1F000005F
:10F19000B1F00000B1F00000B1F00000FDF300009C
:10F1A00003F70000FBF60000F3F60000D1F60000C4
:10F1B000B1F00000A9F600009BF6000061F6000027
:10F1C00041F60000B1F0000037F6000027F600001D
:10F1D00007F60000B1F00000B1F00000B1F000004F
:10F1E000E7F50000CDF50000BDF5000089F5000051
:10F1F0007DF50000B1F00000B1F00000BFF70000A5
:10F20000B7F70000B1F7000091F700005FF70000CA
:10F210002DF7000023F7000015F7000023F8000089
:10F22000CDF700005DF500000BF50000B1F0000027
:10F23000B1F00000B1F00000B1F00000B1F000004A
:10F24000B1F00000B1F00000B1F00000B1F000003A
:10F25000B1F00000B1F00000B1F00000B1F000002A
:10F26000B1F00000B1F00000B1F00000B1F000001A
:10F27000B1F00000B1F00000B1F00000B1F000000A
:10F28000B1F00000B1F00000B1F00000E9F40000BE
:10F29000B1F00000B1F00000DFF40000012D7FF4B8
:10F2A00007AFE2684D4B1168526819606046294605
:10F2B0005A6015F082FB012104460C3014F063FE05
:10F2C00000230370FCE67B2D00F0D8827C2D7FF4B8
:10F2D000EFAEE3681F885988B8B202F0E9F8054636
:10F2E0000321308815F069FB032104460C3014F02B
:10F2F0004AFE0570A0F80170E2E66046072115F0AD
:10F300005CFB072104460C3014F03DFE0146002052
:10F3100001F8010BFEF7FCF9D2E60921604615F071
:10F320004CFB092104460C3014F02DFE034600224C
:10F3300003F8012B6021C0F801205A604171BFE63B
:10F340006046412115F039FB412104460C3014F090
:10F350001AFE002105463F2200F8021B1AF0AEFFFC
:10F3600004231F4AEB72EB7520231E49C5F81A20AF
:10F37000C0204FF490626B704FF40A73A871C5F807
:10F380002110A5F82720A5F80F3099E6092160463D
:10F3900015F013FB092104460C3014F0F4FD4FF472
:10F3A00050610023104A01800D218370C3700171E8
:10F3B000C0F8052084E60421604615F0FEFA042119
:10F3C00004460C3014F0DFFD00231B2103220370E0
:10F3D00041708370C27073E61A5A0020D001002079
:10F3E000F7C3F70E30F0F97FF105FFFFE268C64B77
:10F3F0001168526819606046012159E76046022190
:10F4000015F0DBFA022104460C3014F0BCFD002399
:10F410000370054607F09EFA687051E6E3681878B5
:10F42000F1F756FA05460121308815F0C6FA012198
:10F4300004460C3014F0A7FD057041E6E16811F8B0
:10F44000010B01F0D3FBEDE7E16811F8010B01F0CE
:10F450005FFBE7E70221604615F0AFFA02210446A0
:10F460000C3014F090FD00230370437028E6E4682C
:10F47000A57BA3796279217920880295657B019526
:10F480000734009401F042F9CCE7E1680120FEF76F
:10F4900013F9C7E76046092115F08FFA09210446E0
:10F4A0000C3014F070FD0346002503F8015BC0F832
:10F4B00001505D600646FEF7E3F82B4661F3070353
:10F4C000C1F3072262F30F23090C61F31743090A02
:10F4D00061F31F63C6F80100C6F80530F0E5E06887
:10F4E000C17907F065FD9DE76046032115F065FAD7
:10F4F000032104460C3014F046FD0146002301F8B8
:10F50000023B0130FEF7D4F8DAE5E2689178108822
:10F51000B2F80540CB0703D5D37843F00303D3708B
:10F5200013798F07D17844BF43F00303137143EA83
:10F530000102032A00F2E7814D0700F0E1815A073A
:10F5400000F0DE8114F003021CBF04F1FF3404F06C
:10F55000010201F03BFF01463088ABE5E3681A7811
:10F56000D10744BF0721597092074CBF07219978F2
:10F57000587848BF997001F01FFF53E7E368598836
:10F58000188801F0E1FE4DE76046052115F015FAF7
:10F59000052104460C3014F0F6FC08A905460DF1CF
:10F5A0001A0001F0C5FEBDF81A30A5F80130BDF80B
:10F5B0002020A5F8032000232B7081E5E3681F8835
:10F5C0009A885988B8B201F081FE88E6E268178807
:10F5D00092780023CDE90233CDE900330221B8B29D
:10F5E00001F086FD7BE6E16800220F884B880392DC
:10F5F00008890290C888019089880091B8B20221D8
:10F6000001F076FD6BE60921604615F0D6F9092177
:10F6100004460C3014F0B7FC3C493D4A016000231D
:10F62000426003724CE5E3681F8800220621B8B2ED
:10F6300007F018F853E6E268002132F8027BF6E79B
:10F640006046092115F0B9F9092104460C3014F07F
:10F650009AFC002300F8013B082108F09DFB2FE5F0
:10F66000E068002308AA00F110010AF0D9FF3088F1
:10F67000112115F0A2F9112104460C3014F083FC7D
:10F680000646002306F8013B08AD07460FCDC7F834
:10F6900001007160B260F36012E5E368188801F060
:10F6A000CDFD0146308805E5E368604608211E88E7
:10F6B00015F083F9082104460C3014F064FC05466B
:10F6C000E91CB0B201F05CFDA5F801602870F7E418
:10F6D000E16800224B88088803920C890294CC8848
:10F6E000019489880091114601F002FD014630889D
:10F6F000E0E4E06807F0E4F994E6E06807F052F926
:10F7000090E607F029F98DE6C8010020008FCC3083
:10F71000ECC00100E368188807F040FC3088012144
:10F72000C7E5E368187807F025FC7BE6E36818680E
:10F7300008909A889B798DF8263060460721ADF8AD
:10F74000242015F03AF9072104460C3014F01BFC74
:10F750000546411C08A807F0D9FB2870B0E4E3680F
:10F76000186808909A889B798DF8263060460721A2
:10F77000ADF8242015F021F9072104460C3014F0CF
:10F7800002FC0546411C08A807F086FB287097E498
:10F790006046022115F011F9022104460C3014F0E4
:10F7A000F2FB054607F020FA002368702B7087E40F
:10F7B00007F01CFA36E6E06807F056FA32E6E06831
:10F7C00000F11702C11D07F00FFE2BE6E36860464B
:10F7D00005211E8815F0F1F8052104460C3014F0BF
:10F7E000D2FB05462A1DB0B2E91C01F0C3FDEB783F
:10F7F0002A792870002B93FAA3F3B3FA83F308BF96
:10F800004FF0FF330133EB70002A92FAA2F3B3FA00
:10F8100083F308BF4FF0FF330133A5F801602B716C
:10F820004EE46046092115F0C8F8092104460C3061
:10F8300014F0A9FB08AB05460DF11A0206A90DF15B
:10F84000160001F08BFDBDF81630A5F80130BDF8AB
:10F850001830A5F80330BDF81A30A5F80530BDF80A
:10F860002020A5F8072000232B7029E4E36899786D
:10F87000188801F0ABFC014630881BE4E3681F8860
:10F8800008A9B8B201F0DCFD05210546308815F065
:10F8900094F8052104460C3014F075FB0570A0F8AF
:10F8A0000170BDF82030A0F8033009E4174B184A66
:10F8B0004FF0FF3041F6FF71C3E90001154B002006
:10F8C0000021C2E900011F200021C3E90001FEF769
:10F8D000D3FA3088012115F070F8012104460C306C
:10F8E00014F051FB00230C4A03701360FFF798FAE1
:10F8F000FFF7E6BBE268064B7AE5079CFFF7E0BB43
:10F900001221FFF7D6BB1121FFF7D3BBD001002096
:10F91000181C0020C8010020C43800202DE9F8433D
:10F9200000230B60038A032B2ED9054688460C3032
:10F93000042114F04FFB2B8A4788B0F80090BB429B
:10F9400022D31B2F20D801F07BFB4FEA1936334618
:10F950000446F8B19B0817D1D6B1012E14D12379F2
:10F96000677166F301032371E9683A46E01D1AF0F6
:10F970007DFC2146C9F30B0001F06EFB08B9BDE820
:10F98000F883204601F062FB6FF01500BDE8F883B4
:10F990000226E4E70F4B1B689B0117D54FF0FF329F
:10F9A0004FF0FF330220F6F7E9FA0221C8F8000011
:10F9B0000C3014F0E8FA4FF48D730380D8F800008F
:10F9C00001210C3014F0DFFA012303706FF068009E
:10F9D000D5E700BFD0010020F8B50E4B1B68DB0651
:10F9E00000D4F8BD02F10C0406460D462046022163
:10F9F00014F0C9FA034640F205421A802046042159
:10FA000014F0C1FA00270770A0F801503278C270D4
:10FA1000F8BD00BFD0010020024A1368013B13600B
:10FA2000704700BFC438002070B5037FC68803F05C
:10FA30000303013B012B0FD9164A1749174842F21D
:10FA4000CF3313F079FF002383F31188BFF36F8F57
:10FA50000323184602DF70BD044601F10C05284659
:10FA6000042114F090FA237F03F00303022B0CBF50
:10FA700046F4005646F480560680637F4380617FDB
:10FA8000284614F080FA627F04F11F01BDE870403F
:10FA90001AF0ECBBD4C20200F4C002001CC0020089
:10FAA0002DE9F04390F804C0C688BCF1030F85B07F
:10FAB00004460D4600F11C070ED0ACF1170CBCF14A
:10FAC000060F00F2AF82DFE81CF02B0088009000E8
:10FAD0002100C100D400F400C37F033B122B00F2CD
:10FAE0001F81DFE813F063011D011D018A01B101CF
:10FAF0001D01E3011D011D011D01E8011D01BF01E3
:10FB00001D011A001D011D012D012D01C74B5B6850
:10FB100018044FF0000400F1398105B0BDE8F0830E
:10FB2000F80700F1ED81277F002F00F0E081BF4B47
:10FB30005B689900F1D5BE4B1B6840F2012213426D
:10FB400003F40078E9D00C35002F40F0F481B94A75
:10FB5000136801331360B8F1000F00F00C8202212A
:10FB6000284614F010FA41F63E730380012128461E
:10FB700014F009FA03460A221A7028461E2114F0CE
:10FB800002FA0770A0F80160637FC370A37F03715E
:10FB9000D4F81F30C0F80530B4F82330A0F809308D
:10FBA000D4F82B30C0F80B30B4F82F30A0F80F3059
:10FBB000D4F82530C0F81130B4F82930A0F8153049
:10FBC000638EA0F81730A38EA0F81930E38EA0F84A
:10FBD0001B3094F8383043779FE70A463846314661
:10FBE00005B0BDE8F043FFF7F7BE904B5B689A00A5
:10FBF0004FF0000891D58E4B1B685B078DD50C35F7
:10FC00000221284614F0BFF940F63E23038001216B
:10FC1000284614F0B8F903464FF00309284683F844
:10FC20000090092114F0AFF9FF07054600F1EC81BF
:10FC3000237F2B70A5F80160E38BA5F80330238C9C
:10FC4000A5F80530638CA5F8073066E77A4B1B688A
:10FC500019027FF562AF0C350221284614F093F9A2
:10FC600040F2572303800221284614F08CF90680C5
:10FC700053E76E4B5B689A007FF54FAF6C4B1B6888
:10FC80001B037FF54AAF0C350221284614F07BF99F
:10FC900040F23E4303800121284614F074F91423F6
:10FCA00003700321284614F06EF90680237F8370C9
:10FCB00033E75E4B5B689F007FF52FAF5C4B1B68A3
:10FCC00018057FF52AAF0C350221284614F05BF9A0
:10FCD00040F23E6303800121284614F054F90C23BE
:10FCE00003700521284614F04EF9237F0370A0F815
:10FCF0000160627F002A92FAA2F3B3FA83F308BF8D
:10FD00004FF0FF330133C370A27F92FAA2F3002AAF
:10FD1000B3FA83F308BF4FF0FF3301330371FCE6FE
:10FD2000464A4749474842F2A33313F005FE0023F1
:10FD300083F31188BFF36F8F0323184602DFECE6CD
:10FD40003A4B5B689A007FF5E8AE394B1B685B065F
:10FD50007FF5E3AE0C350221284614F014F940F685
:10FD60003E3303800121284614F00DF90723037068
:10FD70000A21284614F007F90680A38C4380E38CFF
:10FD80008380238CC380638C0381C6E60C350221FB
:10FD9000284614F0F8F84FF44C73038003212846EA
:10FDA00014F0F1F80470A0F80160B6E61F4B5B6830
:10FDB00099007FF5B2AE1E4B1B68DA067FF5ADAE3B
:10FDC0000C350221284614F0DEF840F63E5303803D
:10FDD0000121284614F0D7F8052303700C2128468A
:10FDE00014F0D1F8034623F8026B216A626AC0F866
:10FDF00002105A60238D43818FE60C4B1B681B0653
:10FE00004FF000047FF589AE0C350221284614F02E
:10FE1000BAF84FF4816303800421284614F0B3F844
:10FE200001230470A0F80160C37076E6D0010020C1
:10FE3000C8010020C4380020181C0020D4C20200D1
:10FE4000F4C002001CC0020090F820300E2B7FF49A
:10FE500064AE0B46324600211A2005B0BDE8F043DF
:10FE6000FEF7EEBF724B5B68980059D5714B1B686B
:10FE7000990655D50C350221284614F084F840F631
:10FE80003E3303800121284614F07DF806230370D9
:10FE90000A21284614F077F80680238C4380638C6F
:10FEA0008380A38CC380E38C038136E60B46324605
:10FEB00039460020D1E75E4B90F820401B681F06B2
:10FEC0007FF52BAE0C350221284614F05CF84FF478
:10FED000816303800421284614F055F8002C08BFE4
:10FEE0001F2400230470A0F80160C37015E6A07FF2
:10FEF00004F12503FF2204F11F0106F063FF16E65B
:10FF00004D4A4E494E4842F2CF0313F015FD0023EF
:10FF100083F31188BFF36F8F0323184602DF02E6D5
:10FF20000023CDE90233CDE900331A220221304605
:10FF300001F0DEF8F1E5B8F1000F4CD102212846BE
:10FF400014F021F841F23E3303800121284614F0D9
:10FF50001AF8012303701221284614F014F8C0F88F
:10FF60000180C0F80580C0F80980C0F80D8080F8D5
:10FF700011800770D1E50221284614F004F841F2FF
:10FF80003E3303800121284613F0FDFF0346012282
:10FF90001A702846122113F0F6FF0770A0F80160CE
:10FFA000637FC370A37F03F001030371D4F81F3094
:10FFB000C0F80530B4F82330A0F80930638EA0F8FB
:10FFC0000B30A38EA0F80D30E38EA0F80F3094F81C
:10FFD00038304374A1E50221284613F0D4FF41F6DE
:10FFE0003E7303800121284613F0CDFF0A230370DE
:10FFF0001E21284613F0C7FF04461D2200210130B0
:020000021000EC
:100000001AF05CF9277088E50B4A0E490C4842F259
:10001000581313F091FC88F31188BFF36F8F484693
:1000200002DF05E6044A0849054842F2BF237CE6A0
:10003000D0010020C8010020D4C2020010C3020079
:100040001CC002004CC30200F4C0020070B500F1F5
:100050000C040E4620460221154613F094FF40F290
:10006000135303800521204613F08DFF01230370F5
:10007000A0F80160A0F8035070BD00BF0379032B06
:1000800009D0172B05D0183B052B8CBF002003206F
:10009000704701207047037F03F00303032B14BF55
:1000A00005200420704700BF30B583B01B4B079D6F
:1000B0001B4AEB1AA2FB032313F47F5FC3F38714DD
:1000C0001BD1A21C174B0095D2B201210020FDF7D5
:1000D0004BFA10F0FD0F0ED0134A1449144840F6A5
:1000E000EB1313F029FC002383F31188BFF36F8F08
:1000F0000323184602DF03B030BD0B4A0D490C48FC
:1001000040F6E61313F018FC002383F31188BFF3C5
:100110006F8F0323184602DFD3E700BFFC380020AF
:1001200089888888CD01010088C30200D4C30200F9
:100130001CC00200C8C30200F8B505682F6E064651
:10014000C7B16C6E00232B6644B300211723696688
:1001500023714FF6FF73E38004F11C001E221AF096
:10016000ADF83C232377A66021463846BDE8F84029
:10017000FEF77AB9114A1249124840F6332313F0B8
:10018000DBFB87F31188BFF36F8F0323184602DF71
:100190006C6E2F6E00232B66002CD6D1074A0A49BD
:1001A000084840F6372313F0C7FB84F31188BFF3E8
:1001B0006F8F0323184602DF6C6EC6E788C3020008
:1001C000F0C302001CC0020004C4020000B170476A
:1001D0000C4B10B502460446996002200121FBF742
:1001E0007DFE00B910BD084A0849094840F60723BA
:1001F00013F0A2FB84F31188BFF36F8F032318461B
:1002000002DF10BD2007002088C30200F0C10200F9
:100210001CC0020038B5044610F81C3B002B2ED041
:10022000194D6369A8607BB1184A1949194840F60D
:100230001C2313F081FB002383F31188BFF36F8F1E
:100240000323184602DFA86813490F4B0022C4E9B4
:10025000051011460120FBF741FE00B938BD0B4ADD
:100260000E490C4840F6232313F066FB002383F36A
:100270001188BFF36F8F0323184602DF38BDBDE836
:100280003840FFF759BF00BF1007002088C30200A5
:100290001CC402001CC0020039010100F0C10200B0
:1002A00038B50C46124994F82930124A0978117071
:1002B00004EB8303DB6A1D7800B938BDFEF76EF9E5
:1002C0008442FAD015F00E0F02D1236A002BF4D02D
:1002D000094A0A490A4840F6D31313F02DFB0023BC
:1002E00083F31188BFF36F8F0323184602DF38BDF5
:1002F000B55B0020B45B002088C3020030C402005C
:100300001CC0020000B5154B93F829109A8C93F885
:100310006AC003EB81014FF0020E22F44372C86AF7
:100320006EF3420C4FF4006122F00202A3F8681051
:1003300083F86AC042F00E0206214FF0000C9A8446
:1003400080F800C0417093F8350003EB800304226D
:100350009B6B1A7059705DF804FB00BFFC380020DD
:1003600070B51C4C256AAB6F73B11B4A1B491C4806
:100370004FF4266313F0E0FA002383F31188BFF3F0
:100380006F8F0323184602DF05F16C0105F1680049
:10039000FBF722FD064670B12868AE6700F026FE26
:1003A0000025606E2562FEF74DF8206E6566FEF74B
:1003B0003DF8256670BD084A0A49094840F662239F
:1003C00013F0BAFA86F31188BFF36F8F0323184630
:1003D00002DFE1E7FC38002088C3020088C4020085
:1003E0001CC002008CC5020030B5504C94F86A3035
:1003F000D90785B067D5236A53B193F82C2042F012
:10040000020283F82C20236A93F82C30DA0771D487
:100410004648FEF7ABF884420ED0454A4549464867
:1004200040F62B3313F088FA002383F31188BFF3CF
:100430006F8F0323184602DF94F82430DB0703ADE7
:100440000DD5022103913D4B00950321012200208F
:10045000FDF78AF82946FEF777F800285BD10222DB
:10046000364B0095032100200392FDF77DF82946C5
:10047000FEF76AF8054648BB3148FEF7B3F808B105
:10048000783039D12948FEF77DF884420ED0284AC9
:100490002849294840F64D3313F04EFA002383F3E0
:1004A0001188BFF36F8F0323184602DF236A0BB155
:1004B000FFF756FF94F86A3000206FF3000384F8CA
:1004C0006A3006F0C7FD002005B030BD1748FEF7C2
:1004D00059F884420ED0164A1649174840F644335C
:1004E00013F02AFA002383F31188BFF36F8F0323DD
:1004F000184602DF0C20E7E70D4A12490E4840F685
:100500004A3313F019FA85F31188BFF36F8F032371
:10051000184602DFB6E70548FEF734F88442E9D012
:10052000034A0449044840F63633D9E7FC38002032
:1005300088C302009CC402001CC00200D9D700007E
:1005400018390020A8C40200037803F00F0302F159
:10055000FF3C022B1FFA8CFC25D0012B0DD0103153
:10056000C9009BB1062B11D04FF4F37313FB0CF3AE
:1005700040F25320184480B2704740F2162313FB18
:100580000CF340F2E330184480B2704740781030EA
:10059000C00001F21B3100F5B37313FB0CF30844E8
:1005A000184480B2704741780CEB8C03C3EB031006
:1005B000400001F11003DB0000F23B1003FB0202DC
:1005C00090B270472DE9F0431E468BB04FF6FF7393
:1005D0009E429DF84890139C17D025780135EDB2C6
:1005E00080461746257075B33B493C4B0E8104F19C
:1005F0001C000022C860C1E9008781F80A90996058
:1006000001201146FBF76AFC68B994F8240010F049
:10061000010505D1324A334B11781B788B4221D02A
:100620000BB0BDE8F083304A3049314840F66C13D6
:1006300013F082F9002383F31188BFF36F8F032334
:10064000184602DFE1E7284A2A49294840F64A13BA
:1006500013F072F985F31188BFF36F8F03231846E7
:1006600002DFC1E70133042109A8137007F0B0FBD2
:10067000099B214A0694A2FB0312991A02EB51022C
:10068000120A40F2471101FB12331C4A1C49A21AFC
:10069000A1FB021292091B490232CDE90451013338
:1006A000CDE90255CDE90055D2B201212846099382
:1006B000FCF742FF10F0FD0FB2D00B4A12490C4874
:1006C00040F2BB7313F038F985F31188BFF36F8FD5
:1006D0000323184602DFA3E7D038002000070020DC
:1006E000B55B0020B45B002088C30200F0C10200AB
:1006F0001CC00200C0C4020021F1D490FC380020CC
:1007000089888888A1020100C4C402002DE9F04F45
:10071000714C1F46714B94F86A6086468C4693E88C
:10072000030083B016F001061546DDF830809DF811
:1007300034209DF8383000908DF8041040F08A8005
:10074000A18C02F0070203F00303520021F443716D
:1007500042EA032221F002010A43A28494F82920EC
:1007600004EB8202BCF1010F0CF10803D2F82C90CB
:1007700008BF4FF0000E0DEB030CA4F868E099F8E9
:1007800000A01CF8083C2AF01F0113F00E0F03F024
:100790000F030CBF012200220B4362F3451389F8BB
:1007A000003003F00F03012B0AF00F0A49D094F830
:1007B0006A3065F3420384F86A30DAB25B070CD51D
:1007C000134667F3C30384F86A30D8F80030C4F8DE
:1007D0006B30434BB8F804209A8099F8003003F04E
:1007E0000F02012A05F0010B39D099F80120F2B16E
:1007F000BAF1010F51D099F800306BF386136FF303
:10080000C71389F8003094F83530E46104EB8304B1
:10081000AD01A36B05F040055A7845F004051D7045
:100820000AB906225A70304603B0BDE8F08F6BF368
:10083000861362F3C71389F80030062389F8013064
:10084000E1E7BAF1010FB2D099F80120CAB984F8F2
:100850004060ACE70C26304603B0BDE8F08F4A4656
:100860006BF3861367F3C71302F8083BD8F8001040
:10087000C9F80810B8F8041091800C2389F80130E9
:10088000C1E7052A16D9063AD2B209F1080115487E
:1008900084F8402019F0EAFC89E794F840201149D7
:1008A00009F1080019F0E2FC94F84030063389F8A9
:1008B0000130A0E70C4A0D490D4840F2BD1313F07A
:1008C0003BF886F31188BFF36F8F0323184602DFCE
:1008D00099F80120D7E700BFFC38002074AB020074
:1008E000673900203D39002088C30200FCC40200A3
:1008F0001CC0020010B5064C204607F00FFF04F1A3
:100900000C0007F00BFFFFF7FDFC002010BD00BF3F
:100910002439002008B5FFF767FD002008BD00BF9F
:1009200038B5094C04F10C05204607F007FF2846AE
:1009300007F004FF204607F0F1FE284607F0EEFE20
:10094000FFF7E0FC002038BD24390020034A044BA7
:10095000801AA3FB0030C0F38F107047FC380020D2
:1009600089888888044A0068044B801AA3FB0030F9
:10097000C0F38F10704700BFFC380020898888883A
:1009800038B9054890F86A3013F0010F08BF00200D
:1009900070470020704700BFFC38002028B9044B86
:1009A00093F86A0000F0010070470020704700BF14
:1009B000FC38002050B9064B93F86A0010F0010093
:1009C00005D093F8250000F0030070470020704721
:1009D000FC38002070B506460C4690F8260006F05C
:1009E00089FC23780546C3F38010FCF781FE036879
:1009F000C6F871308388A6F875308DB1237843F03E
:100A00004003237023782A68C4F8022003F00F0300
:100A1000AA88E280012B04F1020503D0284670BDAC
:100A20000546EFE796F8260006F096FC0028F5D07C
:100A30002278234642F0800203F8082B0268A26065
:100A400082889A80284670BD1F2957D82DE9F04129
:100A500090F8293000EB830382B0DF6A3B7803F023
:100A60000F03012B0E460546904649D00DF10701B4
:100A7000283007F0CFFE3A78037802F00F0223F017
:100A80001F03134303703B780278C3F3401363F3EF
:100A9000451202703B78D2B2C3F38013394663F338
:100AA0008612027011F8023BD2B2DB0963F3C7125F
:100AB000044600F8022B062219F0E6FB32464146B6
:100AC00004F10800063619F0D1FB667095F86A301B
:100AD000DB0707D49DF8073085F82930002002B0E5
:100AE000BDE8F08195F8353005EB830321469A6B1C
:100AF0002846F0F7C5F80028ECD0F0E71220704740
:100B000080F840100A464130414619F0AFFBE5E756
:100B100003460A4601481946FFF796BFFC380020F5
:100B20001F295FD82DE9F04190F8353000EB8303A1
:100B300082B09E6B0F460446904600F13405002EAD
:100B400041D028460DF1070107F064FE037823F039
:100B50003F03314643F00403037011F8022BDBB26C
:100B6000C2F3801203F03F0343EA82130370BB1DFC
:100B7000437005460622023019F086FB3A4641468C
:100B800005F1080019F072FB94F86A30DA0707D40F
:100B90009DF8073084F83530002002B0BDE8F081C0
:100BA00094F8292004EB82024123D16A0A7802F0EA
:100BB0000F02D340DB07EBD52A462046F0F760F85A
:100BC0000028E5D0E9E7284607F0A8FDC0B258B9EB
:100BD00094F8353004EB83039E6B042333700623B3
:100BE0007370AEE7122070470720D6E703460A4627
:100BF00001481946FFF794BFFC38002010B5134B8D
:100C00001348144C02224FF4DC71FBF76DF8124BC1
:100C10000322181D2421FBF767F8104B0B22181D27
:100C20000821FBF761F802F0A7FB0D4A0D4B0E49B6
:100C3000002010601B221A800C4A03234FF4A47C6E
:100C4000A4F800C00B70137010BD00BF94390020D1
:100C5000201C00201C5A0020F43900209839002064
:100C6000EC3A00201E5A0020B75B0020B65B002043
:100C70002DE9F0410768324982B005464FF4DC7235
:100C80003846FBF785F805F16806294608F05CF957
:100C9000E86E01AA3146FBF7BBF800B3294C4FF6CA
:100CA000FF7894F8612094F86010531CDBB20C2B91
:100CB00008BF0023994232D004EBC20124F83280ED
:100CC000019A4A6012680260019A1060E86E84F826
:100CD000613001AA3146FBF79BF80028E1D1D7F833
:100CE000644107F5B2754CB10023C7F86431294659
:100CF0002046FDF74BFD02B0BDE8F081124A1349D2
:100D0000134840F2FC7312F017FE84F31188BFF30E
:100D10006F8F0323184602DFD7F86441E4E70A4ADD
:100D20000C490B484FF4FD6312F006FE002383F3D9
:100D30001188BFF36F8F0322104602DF1B80FFDE96
:100D4000201C0020643A00203CC5020084C502003B
:100D50001CC002007CC5020010B50C46C0B9144B83
:100D60000022012102209C60FBF7B8F800B910BDF9
:100D7000104A1149114840F2A27312F0DDFD002320
:100D800083F31188BFF36F8F0323184602DF10BD72
:100D9000084A0B49094840F29C7312F0CDFD00232C
:100DA00083F31188BFF36F8F0323184602DFD6E762
:100DB000500700203CC50200F0C102001CC0020028
:100DC00094C5020008B50C4B002298601146012022
:100DD000FBF784F800B908BD084A0949094840F200
:100DE000CE7312F0A9FD002383F31188BFF36F8F38
:100DF0000323184602DF08BD300700203CC502006F
:100E0000F0C102001CC0020038B5044610F81C3BBB
:100E1000002B2ED0194D6369A8607BB1184A19497F
:100E2000194840F2B77312F087FD002383F311884D
:100E3000BFF36F8F0323184602DFA86813490F4BD7
:100E40000022C4E9051011460120FBF747F800B95C
:100E500038BD0B4A0E490C4840F2BE7312F06CFDCF
:100E6000002383F31188BFF36F8F0323184602DF3B
:100E700038BDBDE83840FFF7A5BF00BF40070020E0
:100E80003CC502001CC402001CC00200C50D0100CC
:100E9000F0C1020008B583685A6892F82730DB0970
:100EA0000FD10B4A0B490C4840F2137312F044FD6A
:100EB000002383F31188BFF36F8F0323184602DFEB
:100EC00008BD0146BDE808400831F0F715BB00BF7A
:100ED0003CC50200F4C002001CC0020000B970470B
:100EE00010B50C46FDF778FB844212D0FDF756FB97
:100EF00084420ED0074A0849084840F2D66312F0EF
:100F00001BFD002383F31188BFF36F8F0323184663
:100F100002DF10BD3CC50200A0C502001CC00200DB
:100F200010B50C46A0B92046FDF74AFB84420ED00E
:100F30000F4A1049104840F2EC6312F0FDFC002308
:100F400083F31188BFF36F8F0323184602DF10BDB0
:100F5000074A0A49084840F2E96312F0EDFC002311
:100F600083F31188BFF36F8F0323184602DFDAE79C
:100F70003CC50200F4C502001CC0020094C502007A
:100F800010B50C46A0B92046FDF70EFB84420ED0EA
:100F90000F4A1049104840F2E26312F0CDFC0023E2
:100FA00083F31188BFF36F8F0323184602DF10BD50
:100FB000074A0A49084840F2DF6312F0BDFC0023EB
:100FC00083F31188BFF36F8F0323184602DFDAE73C
:100FD0003CC50200F4C502001CC0020094C502001A
:100FE0000148FAF7A7BE00BF943900200149FAF77B
:100FF000B7BE00BF9439002002494FF4DC72FAF703
:10100000C7BE00BF201C002002464FF4DC7101481F
:10101000FAF7BABE201C002001280DD810B50446EE
:10102000224606484FF4DC71FAF7AEFE038EA34267
:1010300000D110BD002010BD00207047201C0020F2
:101040000148FAF777BE00BFF43900200149FAF7EA
:1010500087BE00BFF439002001283CD870B5044693
:101060000E46204822464FF4DC71FAF78DFE038EBF
:10107000A34205461CD11C4A92F821C092F82010C8
:101080000CF10103DBB2042B08BF0023994225D0E9
:1010900022F83C4002EBCC0CCCF8046082F8213002
:1010A000037843B995F94330002B0FDB002070BD66
:1010B0006FF0150070BD0D4B0022986001210320D8
:1010C000FAF70CFF95F94330002BEFDA214628465A
:1010D00005F08EFAEAE76FF0150070476FF06800D0
:1010E00070BD00BF201C0020C83A0020600700200F
:1010F0002DE9F04F85B001289A46BDF83880BDF83B
:101100003CB0BDF8403016D804460D461B4803934A
:1011100016464FF4DC712246FAF736FEB0F83090EE
:10112000A145074607D1039B6DB1022D07D00120D1
:1011300005B0BDE8F08F022005B0BDE8F08FA6B97C
:1011400002F088FB0DE00093119B019342465B4641
:10115000514602F0F7FA0028EED197F94330002B00
:1011600007DB002005B0BDE8F08F314602F082FBBE
:10117000F7E74946384605F03BFAF2E7201C002025
:1011800001281ED870B504460D460F4822464FF47C
:10119000DC71FAF7F9FD038EA342064608D102F08E
:1011A00063FA38B103682B6003792B71002070BD9E
:1011B000022070BDD6F83E302B6096F842302B717D
:1011C000F4E70220704700BF201C0020012870B502
:1011D00002D90224204670BD05460C4615482A4611
:1011E0004FF4DC71FAF7D0FD038EAB4206461FD1F7
:1011F0001A2C04D8042C16D81224204670BD292C91
:1012000001D03B2CF8D12146304602F013FA0446B7
:101210000028DFD196F94330002BDBDA294630462F
:1012200005F0E6F9D6E7044BE340DB07EBD4E3E750
:101230000C24CFE7201C002020003804012870B5C2
:1012400015D8044622460E484FF4DC71FAF79CFD8F
:10125000068EA64205460AD1012102F099F90446FC
:1012600018B995F94330002B04DB204670BD0224E9
:10127000204670BD2846314605F0BAF9204670BDBB
:10128000201C0020012870B514D8044622460E48C0
:101290004FF4DC71FAF778FD068EA642054609D1B7
:1012A00002F08EF9044618B995F94330002B04DB9F
:1012B000204670BD0224204670BD2846314605F008
:1012C00097F9204670BD00BF201C0020012825D8BA
:1012D0002DE9F04104460E4617464FF4DC710246F4
:1012E0001248FAF751FDB0F83080A04505460FD1FD
:1012F000D0F840319B060ED53A46314602F0C6F989
:1013000020B995F94330002B0ADB0020BDE8F081BD
:101310000220BDE8F0811A20BDE8F081022070476C
:101320004146284605F064F9EFE700BF201C002085
:10133000034A044B12881B8802800B80704700BF51
:101340001E5A00201C5A0020024A034B10801980AC
:10135000002070471E5A00201C5A00204FF0450CF8
:10136000A0F800C04FF42670A2F800C008801880D2
:10137000704700BF01281BD870B504460E461546BD
:101380004FF4DC7102460B48FAF7FEFC028EA242D3
:1013900003460BD190F88240C4F30204347093F8F2
:1013A0008330C3F302032B70002070BD022070BD98
:1013B00002207047201C0020024A034B1070197055
:1013C00000207047B75B0020B65B00202DE9F0439A
:1013D000012883B023D80446884617464FF4DC71B1
:1013E000024616481E46FAF7CFFCB0F83090A145E9
:1013F000054614D1D0F84031DB0515D50124009401
:1014000033463A46414602F0EDF8044618B995F9DC
:101410004330002B0DDB204603B0BDE8F0830224EF
:10142000204603B0BDE8F0831A24204603B0BDE88F
:10143000F0834946284605F0DBF8ECE7201C002045
:1014400001282ED838B504460D46174822464FF4D9
:10145000DC71FAF799FC038EA34220D1438EB0F8D9
:101460009621052B0FD801339BB202FB03F30F49E2
:101470004FF4FA7202FB03F3A1FB0313C3F34F33E0
:101480002B80002038BD03FB02F2084940F2E24302
:1014900003FB02F2A1FB0212C2F34F33F0E702207A
:1014A00038BD0220704700BF201C00205917B7D15B
:1014B00001282ED838B505460C4617482A464FF461
:1014C000DC71FAF761FC038EAB4284461FD1438E78
:1014D00042F2107202FB04F1052B01F1FF310DD82D
:1014E00001339BB24FF4FA7202FB03F31944B1FBD0
:1014F000F3F189B2ACF89611002038BD40F2E24217
:1015000002FB03F31944B1FBF3F189B2F2E70220C5
:1015100038BD0220704700BF201C0020FFF76EBBC3
:101520002DE9F041DFF88C8000264FF6FF77324638
:101530004FF4DC714046FAF727FC00F11C0201462B
:101540000446F01CFDF78CF80546B0B110F1780F99
:1015500013D040F22173114A1148124912F0ECF9EC
:1015600011482A46314612F0E7F9002383F3118827
:10157000BFF36F8F0323184602DF00232786C4F8CA
:1015800094300EB90126D2E70849094A0B84A2F823
:101590006030BDE8F041FFF731BB00BF3CC5020041
:1015A0001CC0020030C6020048C60200C83A002033
:1015B000643A0020201C0020014B1878704700BFBF
:1015C000B75B0020014B1878704700BFB65B002066
:1015D0002DE9F84FDFF864B081468A4616469846F2
:1015E0000025AFB23A464FF4DC715846FAF7CCFB0F
:1015F000038EBB42044605D190F8AA71C7F340039D
:10160000B34205D00DB90125EBE70020BDE8F88F06
:101610000622414600F2B11018F0DBFC0028F1D19F
:1016200007F001074F45EDD104F2AB1006225146F9
:1016300018F0CFFC0028E5D10120E7E7201C0020AE
:1016400038B58B6808601D682B780C46A3B16B69B0
:1016500073B10C4A0C490D484FF45E7312F06CF9EB
:10166000002383F31188BFF36F8F0323184602DF33
:10167000074BC5E9053438BDBDE838400846FFF7DB
:1016800009BC00BF3CC502001CC402001CC0020013
:10169000950E0100F8B50B68DE88012E30D80C4697
:1016A0000746324618484FF4DC71FAF76DFB038E9B
:1016B000B342054623D102F019F92268137F03F0E3
:1016C0000303032B08D101231371226839462846EE
:1016D000BDE8F84002F01EB953B995F890319B0768
:1016E00003D53D2385F86031226801231371F8BDCD
:1016F00095F890319A07FAD53D2385F86031236833
:1017000001221A71F8BD00BF201C0020F8B5044664
:10171000008E1D464FF6FF7398420F4616460CD0BA
:101720002046C4E94776A4F8245101F0C3FE94F89A
:10173000903113F0010010D1F8BD0B4A0B490C4851
:1017400040F2BE3312F0F8F8002383F31188BFF3A0
:101750006F8F0323184602DFE2E76FF3000384F87C
:1017600090316FF08B00F8BD3CC5020060C60200EE
:101770001CC002002DE9F0411E4C1F4E94F82120A0
:1017800007461CE0FAF700FB0346E0301B8EAB4235
:1017900023D1D8F8041001F007FC94F8201094F835
:1017A00021204B1C8A4207F1FF30DBB204D0042B0E
:1017B00008BF002384F8203010F0FF0718D094F8F9
:1017C000203093424FF4DC71304604EBC3080FD055
:1017D00034F83350012D2A46D4D9D8F804100B79A7
:1017E0006FF301034FF6FF700B71FCF77DFED4E73A
:1017F000BDE8F081C83A0020201C00202DE9F04F00
:10180000414A1468A04206460B4604BF00211160FD
:10181000008EA6F86A01182283B0012186F868219B
:1018200086F88031304601F04FFE06F1E007304681
:1018300001F05EFE384601F09FFB384601F0D4FB14
:10184000044600283BD00379DFF8D090DFF8C4B01D
:10185000DFF8CCA003F00303032B0CBF03460023E7
:1018600003604846FAF766FA06F188080546B8B1FB
:10187000214642462846FAF7B9FA384601F0B4FB49
:101880000446E0B1037903F00303032B0CBF0346C6
:10189000002303604846FAF74DFA05460028E7D1D1
:1018A0001A4840F28D735A46514612F045F885F3B6
:1018B0001188BFF36F8F0323184602DFD8E7328EFB
:1018C000134B00960332D2B201210020FBF74CFEED
:1018D00010F0FD0F0ED00F4A0F490C4840F2537321
:1018E00012F02AF8002383F31188BFF36F8F0323CC
:1018F000184602DF4FF6FF73FF20338603B0BDE8C2
:10190000F04FFFF737BF00BFEC3A00201CC00200C9
:10191000590D01003CC5020000C6020098390020A4
:101920008CC5020000293BD02DE9F84F4D1EDFF891
:101930007890DFF878B0DFF878A00746EDB200F1D4
:10194000E00815E0237903F00303032B0CBF2346C3
:1019500000232360FAF7EEF9064690B1013D07F146
:10196000880221463046EDB2FAF740FAFF2D06D044
:10197000404601F039FB04464846002CE2D1BDE860
:10198000F88F084840F2B5535A46514611F0D4FF3B
:1019900086F31188BFF36F8F0323184602DFDDE75C
:1019A000704700BF1CC00200983900203CC50200EF
:1019B0008CC5020010B504460120FFF7DBFE20466F
:1019C0000121BDE81040FFF7ADBF00BF0149FAF7A4
:1019D000C7B900BF98390020014B93F861007047E8
:1019E000643A002000B50A4B93F860C093F861E0B8
:1019F000F4450BD080F800E033F83C00088003EB9E
:101A0000CC035B68136018685DF804FB0020FBE7FB
:101A1000643A0020074B93F860C0844508D003EB7C
:101A2000CC0033F83C300B80436813601868704773
:101A300000207047643A0020094A92F8601092F83A
:101A400061308B4209D04B1CDBB20C2B08BF00234A
:101A500052F8310082F8603070470020704700BFB4
:101A6000643A002008B5134A92F861C092F860E029
:101A70000CF10103DBB20C2B08BF00239E4508D0FC
:101A800022F83C0002EBCC0CCCF8041082F8613058
:101A900008BD094A09490A4840F2F45311F04CFFC5
:101AA000002383F31188BFF36F8F0322104602DFF8
:101AB0001B80FFDE643A00203CC50200D8C602004D
:101AC0001CC00200F8B55779144605460E467FB390
:101AD000237903F00302032A0CD04FF6FF729542DC
:101AE00004BF6FF30103237121462846BDE8F84087
:101AF000FCF7FABC4FF6FF739D4228D133689C4235
:101B00003CD0002BF0D0204A2049214840F21663F7
:101B100011F012FF002383F31188BFF36F8F0323AB
:101B2000184602DF21462846BDE8F840FCF7DCBC39
:101B3000154A1849164840F2016311F0FDFE87F37B
:101B40001188BFF36F8F0323184602DFC0E72A46D0
:101B50004FF4DC711048FAF717F9214601F0A8FE9E
:101B60003368A342CDD1012D08D80B482A464FF443
:101B7000DC71FAF709F9038EAB4200D00020214650
:101B8000BDE8F84001F04ABC3CC50200ECC60200CA
:101B90001CC00200E0C60200201C002090F8662055
:101BA000B0F85C30C2F30212022A14BFDB089B08B3
:101BB00090F87E20B0F8580014BF0A3B0B3B9BB254
:101BC000D20644BF043B9BB2984228BF18467047D8
:101BD000704700BF90F8903143F0020380F89031D5
:101BE000704700BF90F890316FF3410380F8903157
:101BF000704700BF0278838F12B1581E80B27047C1
:101C0000C18EB0F824215818104480B2704700BF2C
:101C100010B50B68C0F83E3004463E300B790371B6
:101C20000521FAF773FA94F8433060F3050384F85A
:101C3000433010BDB0F87C30B3F5267F28BF4FF499
:101C40002673B3F5A47F4FF4267038BF4FF4A47306
:101C500008801380704700BF00B5B0F86C20B0F862
:101C6000661003468A4290F88300B3F86AC028BF22
:101C70000A4600F00700B3F870101B2A38BF1B2279
:101C8000042814BF4FF4A4704FF42960614528BFA5
:101C900061468142B3F87AC038BF01468C45B3F83B
:101CA000760044D09042A3F87A1001D0A3F87620B1
:101CB00093F8DD2042F00202012083F8DD20B3F822
:101CC00064C0B3F86E2093F88210B3F868E0624500
:101CD00028BF624601F007011B2A38BF1B220429D6
:101CE000B3F8721014BF4FF4A47C4FF4296C714503
:101CF00028BF71466145B3F878E038BF61468E452C
:101D0000B3F874C017D06245A3F8781001D0A3F8D7
:101D1000742093F8DD206FF3410283F8DD2093F8FF
:101D2000DD200120024383F8DD205DF804FB9042B2
:101D3000BCD10020C3E76245E9D193F8DD1041EA48
:101D4000510202F0010221F003010A4383F8DD2071
:101D50000028E4D15DF804FBB0F86C20B0F8661000
:101D600003468A4290F88300B3F86AC028BF0A4647
:101D700000F00700B3F870101B2A38BF1B2204289C
:101D800014BF4FF4A4704FF42960614528BF614629
:101D90008142B3F87AC038BF01468C45B3F876006B
:101DA0000DD09042A3F87A1001D0A3F8762093F8D2
:101DB000DD2042F00202012083F8DD2070479042CE
:101DC000F3D10020704700BFB0F86E20B0F8641067
:101DD00003468A4290F88200B3F868C028BF0A46DA
:101DE00000F00700B3F872101B2A38BF1B2204282A
:101DF00014BF4FF4A4704FF42960614528BF6146B9
:101E00008142B3F878C038BF01468C45B3F87400FE
:101E100014D08242A3F8781001D0A3F874204FF0B8
:101E2000010C93F8DD106046C1F3400242EA0C0257
:101E300021F003010A4383F8DD2070478242ECD190
:101E400093F8DD10002001F0010CEDE71B2928BFFD
:101E50001B21B2F5A47F064BA0F87E1028BF4FF4DB
:101E6000A472A0F87C208366A0F86410704700BFBD
:101E700048019802F8B5002343678367A0F88030D3
:101E8000314B324A1B8812881B2B28BF1B23A0F81A
:101E90007E30A0F86430452301F00305A0F86630D9
:101EA0004FF01B1305F12806C366523590F88330B6
:101EB000B2F5A47FC1F340014FEAC6064FEAC5055B
:101EC00028BF4FF4A472CE40CD4003F00703B7B251
:101ED000ADB2A0F87C20042B4FF4A4720446A0F805
:101EE0006A50A0F87070A0F87270A0F8682020D036
:101EF000AF423B4628BF2B46934238BF1346A4F857
:101F00007A301B23A4F8763094F8DD3043F00203D6
:101F100084F8DD302046FFF757FF94F8DD30AF42FC
:101F200043F0010384F8DD3006D0012384F88030CB
:101F3000F8BD4FF42963E2E7B6F5A47FF5D1636EEF
:101F4000B3F11B1FF1D1F8BD1E5A00201C5A00200E
:101F5000F8B506460F46154601F040F9044600283C
:101F60003CD02A1F201D092A06D8DFE802F01F22D4
:101F7000250505050528052B234A2449244840F258
:101F8000DF2311F0D9FC002383F31188BFF36F8F97
:101F90000323184602DFE3797B732146304601F0C4
:101FA00033F9304604F028F82046F8BD02F0BAFEB6
:101FB000F1E702F0CFFEEEE702F0D6FEEBE702F02B
:101FC000DDFEE8E796F8303197F84E101BB1D6F8F1
:101FD00040315B0711D402F0DBFEDCE70A4A0D4911
:101FE0000B484FF4317311F0A7FC84F31188BFF351
:101FF0006F8F0323184602DFB3E70A4697F84D10A8
:1020000002F0D2FEC7E700BFF8C60200F4C002002B
:102010001CC00200DCC60200F8B505460C4601F003
:10202000D5F828B9204601F013F90323A372F8BDAF
:10203000042221462846FFF78BFF8368C268C4F854
:102040004720C4F843300369C5F8B830A6690023B7
:10205000A361A6B10323377933712B8EF38006F188
:102060001C01204602F046FE2D2F02D00423A3724D
:10207000F8BD30683146FCF7F7F90423F7E7074A63
:102080000749084840F2F62311F056FC86F3118800
:10209000BFF36F8F0323184602DFDBE7F8C60200A9
:1020A0003CC702001CC0020070B504460D4601F09A
:1020B0008DF810B90623AB7270BD04F19B06334650
:1020C000002205F13B0105F12B0008F0A9FAD4F834
:1020D000A310C4F8C410D4F8B410D4F8A720C4F8DE
:1020E000D510D4F8B810D4F89F30C4F8C820C4F87C
:1020F000D91094F8B32094F8D410C4F8C030002359
:10210000D4F89B0084F8AB3063F30001C4E93333A7
:1021100084F8AC3084F8AD3084F8AE3084F8AF3059
:1021200084F8B03084F8B13084F8B23042F0010362
:10213000C4F8BC0084F8D41084F8B33005222946D2
:102140002046FFF705FF4FF4C1636B8194F89A3086
:1021500043F0080384F89A3070BD00BFF0B50C4618
:10216000897A83B0064615460D2900F22C81DFE8F6
:1021700001F05E6669959907070C1736393E4F5294
:10218000002D00F0A18003B0F0BD002DFBD1214651
:1021900001F01CF8002840F0C7800723A372F2E783
:1021A000022DF0D1A5690023A361002D00F0EE807F
:1021B00003272F71338EEB80237A052B00F0E1800B
:1021C000062B40F0CF801A232B712146304600F0B9
:1021D000FDFF002840F08D800923A372D3E7002D76
:1021E000D1D1F2E7002DCED10B23A372CBE7072D7F
:1021F000C9D1012101F00CF83046FFF7EBFC214674
:10220000304600F0E3FF002864D10C23A372BAE744
:10221000002DB8D1F3E7082DB5D140F20233638128
:1022200090F89A306FF3041380F89A30ABE7002DE2
:10223000A9D1237A062BD7D00223A372A3E7002DBE
:10224000FAD0A0E7012D9ED12946019300F0E0FFCE
:102250003046FFF7BFFC304602F066FA019B5A6831
:102260009968C4F82510C4F821201A7B84F8292025
:102270005A7B84F82A20D3F80E20D3F81210C4F821
:102280003F10C4F83B20D3F81630C6F8B4302146CE
:10229000304603B0BDE8F040FFF7BEBE002D7FF42E
:1022A00072AFF4E7032D0CD0042D7FF46CAF062140
:1022B00040F20362072384F82010A4F84D20A37293
:1022C00061E70523A3725EE7214603B0BDE8F04055
:1022D000FFF7EABE0B2221463046FFF739FE40F6F3
:1022E0000D33638196F89A306FF3C30386F89A3002
:1022F00049E7062221463046FFF72AFE304604F021
:1023000049F80023A3720121304600F095FF3046C2
:10231000FFF768FC304602F00BFA96F89A3043F06B
:10232000100386F89A302EE70D2221463046FFF73B
:102330000FFE304604F02EF894F82030062B34D0EF
:10234000242B3FF420AF284A2849294840F277330C
:1023500011F0F2FA85F31188BFF36F8F032318464B
:1023600002DF10E7204A2149214840F21E3311F0D4
:10237000E3FA002383F31188BFF36F8F384602DF3F
:1023800023E705F11C0002F0EFFC1EE7164A19498D
:10239000174840F20F3311F0CFFA85F31188BFF3DD
:1023A0006F8F0323184602DF02E70121A172304636
:1023B00000F042FF3046FFF715FC304603B0BDE8A1
:1023C000F04002F0B5B9084A0849094840F2D34341
:1023D00011F0B2FA002383F31188BFF36F8F032348
:1023E000184602DFCFE600BFF8C60200F4C00200C4
:1023F0001CC002003CC7020092F81FC0ACF1030CE5
:1024000002F11C03BCF1080F06D8DFE80CF012053E
:10241000050F0505050C09003D2380F86031704764
:102420000822FFF79BBE0722FFF798BE0222FFF7A4
:1024300095BE0122FFF792BE00230322FFF78EBE56
:1024400000230422FFF78ABE887AA0F10400B0FAC4
:1024500080F04009704700BF13460022FFF77EBEA0
:1024600070B591F82C3091F82D20042B0C4603D830
:10247000032B01D0042A0DD91343112113F00703B4
:1024800084F828104FF001050CD184F8283001257C
:10249000284670BD032A0DD0134313F007034FF0F5
:1024A0000005F2D0668DFFF7A5FB801B0304EFD477
:1024B0002823EAE7112381F828300125F2E700BF3D
:1024C000F0B50E4683B00DF1060201A9B0F87850C0
:1024D000B0F87A700446FFF7ADFB96F82D20002A7D
:1024E0005CD196F82C30FBB9B4F87830AB420ED3FF
:1024F000BDF806209A420AD3B4F87A30BB4206D31C
:10250000BDF804209A4202D3002003B0F0BD94F835
:10251000DD30A4F8785043F001030120A4F87A706C
:1025200084F8DD3003B0F0BD94F9430000281DDBD2
:1025300094F8821094F8745001F003032B440D3387
:10254000DB00C1F34001CB409BB2BDF80650B3F5B0
:10255000A47F38BF4FF4A4739D4228BF1D4632B3F9
:10256000002803DA96F82C30002BBDD094F8832095
:1025700094F87610BDF8047002F003030B440D3399
:10258000DB00C2F34002D3409BB2B3F5A47F38BF57
:102590004FF4A4739F4228BF1F46A5E794F9430058
:1025A0000028C5DB96F82C30002BDFD0C0E796F86A
:1025B0002C30002B98D0002896DAD7E770B58D69BB
:1025C00000230C4606468B61002D35D094F821304F
:1025D000DB071ED52B792D2B1ED11D232B71338E9E
:1025E000EB8094F828302B7796F88330C3F30203FE
:1025F000AB7796F88230C3F302036B7728682946DD
:10260000FBF732FF94F821306FF3000384F8213098
:1026100070BD01232B71F1E70F4A1049104840F2B9
:10262000B91311F089F9002383F31188BFF36F8F79
:102630000323184602DFD0E7074A0A4908484FF447
:10264000DB7311F079F985F31188BFF36F8F0323E2
:10265000184602DFBAE700BF40C7020084C7020085
:102660001CC002003CC7020070B591F821304D6AD1
:102670009B070C4603D4CDB101232B710AE006461B
:10268000ADB103232B71338EEB8005F11C01304675
:1026900002F0DAFC28682946FBF7E6FE94F82130C0
:1026A00000226FF3410384F82130626270BD074A53
:1026B0000749084840F2DF1311F03EF985F311880D
:1026C000BFF36F8F0323184602DFDAE740C702002B
:1026D0003CC702001CC00200F8B5CE690C46054696
:1026E0004EB300F087FD10B90723A372F8BD00F0C8
:1026F00089FD06466062002834D0637BE669666126
:102700000027172BE76125D01E4A1F491F4840F2BA
:10271000C93311F011F987F31188BFF36F8F0323C9
:10272000184602DF2846314600F06EFD2846BDE817
:10273000F84003F061BC134A154914484FF469731B
:1027400011F0FAF886F31188BFF36F8F0323184650
:1027500002DFC6E7311D284602F060FB41F60303A5
:102760006381DFE7074A0B49084840F2AE3311F0B6
:10277000E3F886F31188BFF36F8F0323184602DF57
:10278000BBE700BF40C70200F4C002001CC002004B
:10279000ACC70200C0C70200F8B5CE690C460546BA
:1027A000002E5AD0637B162B2ED195F94330002B87
:1027B0002ADBE66966610023E36194F8203095F82E
:1027C000A421C3F3C20363F3C50285F8A42194F8DE
:1027D000202095F8A43162F3020385F8A43194F81F
:1027E000203095F88220C3F3801363F3C302311DB8
:1027F00085F88220204602F0EDFA0221284600F0FA
:1028000007FD0223A3721FE000F0F4FC10B90723B8
:10281000A372F8BD00F0F6FC0646606260B3637B0D
:10282000E66966610027162BE761C6D01A4A1B4984
:102830001B484FF4D27311F07FF887F31188BFF370
:102840006F8F0323184602DF2846314600F0DCFC78
:102850002846BDE8F84001F06FBF0F4A1149104803
:102860004FF4BF7311F068F886F31188BFF36F8FD0
:102870000323184602DF95E7074A0B49084840F250
:10288000891311F059F886F31188BFF36F8F032372
:10289000184602DFC3E700BF40C70200F4C00200D1
:1028A0001CC00200ACC70200C0C7020038B5054614
:1028B0000C4601F031FF10B10123A37238BD284648
:1028C00003F088FB0028F7D12146284600F07EFC63
:1028D0000028F1D0284603F07BFB0728ECD02846DF
:1028E000012103F06FFB28460D2103F06FFB162337
:1028F00021466373284600F071FCE06121462846BA
:10290000BDE83840FFF748BF38B505460C4603F030
:102910006BFB10B10223A37238BD2146284600F09C
:1029200055FC0028F6D0284603F052FB0728F1D0CA
:1029300028460D2103F04AFB1723214663732846DE
:1029400000F04CFCE06121462846BDE83840FFF726
:10295000C3BE00BFF0B591F80AC083B00C4607466D
:1029600015461E46BCF1090F0BD8DFE80CF0050533
:102970001B0A0A0A31747BAF002A00F0BA8003B048
:10298000F0BDA94AA949AA4840F2653310F0D4FF26
:10299000002383F31188BFF36F8F0323184602DFF0
:1029A00003B0F0BD032AEAD190F84330DB0940F0D0
:1029B000D3809D4A9D499E4840F28A2310F0BCFF77
:1029C000002383F31188BFF36F8F284602DFD6E719
:1029D000052A00F0B480062A00F09080022ACED1A9
:1029E00090F94330002B0EDB8F4A9249904840F219
:1029F000CB2310F0A1FF002383F31188BFF36F8F67
:102A00000323184602DF0221384603F0DBFA314681
:102A1000204602F019FA21463846FFF721FD054607
:102A2000204600F015FC002D40F0B08094F82D30C9
:102A30002BB197F8822063F3061287F8822038467C
:102A400001F084FE0823A3720221384603B0BDE8DA
:102A5000F04000F0F1BB002A91D103B0BDE8F04096
:102A6000FFF79ABE002A8AD14D8DFFF7C3F8401BAD
:102A7000030484D497F9435097F8820097F8833081
:102A800094F82C2094F82D10002D00F0070C03F082
:102A90000706C0F297800021384603F093FA94F8B5
:102AA0002030002284F82820DB0994F8212063F3E9
:102AB000000284F8212097F88230C3F3020262F307
:102AC0000613092287F88230A27258E7042A7FF49D
:102AD00056AFFFF773FD21463846FFF7C5FD384670
:102AE00001F0F8FE0021384603F070FA0023A372CB
:102AF00045E703B0BDE8F040FFF7D8BE002103F082
:102B000061FAD7F840311A2223F48073C7F84031B4
:102B100084F82820204600F09BFB94F8213043F0F5
:102B2000010384F8213097F88230C3F3020262F384
:102B30000613092287F882300221A27285E7314606
:102B4000204602F03FF994F84E3084F828300021F6
:102B5000384603F037FADDE7374B90F8822093E8E8
:102B6000030094F82030134302AD03F0070305E996
:102B7000030008336B44022113F8083C63F3061288
:102B800041F6060387F8822063815EE7002138461C
:102B900003F018FA94F828300BB187F8603194F8F4
:102BA000203094F82120DB0963F3000284F821200F
:102BB00097F88230C3F3020262F3061387F882307B
:102BC000092340E711F003011FD061F3020012F066
:102BD000030287F8820023D062F302038C4587F852
:102BE00083301AD021463846FFF76AFC94F821302A
:102BF00060F3410384F821300021384603F0E2F904
:102C0000002384F8283001234FE712F003023FF439
:102C100042AF62F3020387F883309642E2D13AE78B
:102C20008C45DFD137E700BF40C70200F4C0020087
:102C30001CC00200DCC702007CAB0200F0B50C46F1
:102C4000897A83B00646154609290BD8DFE801F0DA
:102C50001B2059620A0A95ADB605042D00F0E080EC
:102C600003B0F0BD8E4A8F498F4840F20A5310F0EE
:102C700063FE002383F31188BFF36F8F032318468D
:102C800002DF03B0F0BD002DEAD10123A372E7E714
:102C90001946204602F0B4F894F8202096F8A431A2
:102CA000C2F3C200C3F3C2010140C3F30203C2F383
:102CB0000200034043EAC10322F03F02134384F8B9
:102CC000203096F94330002B0BDB94F8203013F0C2
:102CD000380F40F0A18094F8203023F03F0384F8AF
:102CE00020300221304600F093FA012DB8D196F839
:102CF0004330DB0907D16A4A6A496B4840F23443E2
:102D0000B5E7002DACD12146304603B0BDE8F04018
:102D1000FFF7FABD022DA3D190F94330002B0EDB53
:102D20005F4A6249604840F2544310F005FE0023B8
:102D300083F31188BFF36F8F0323184602DF5C4BC8
:102D400096F8822093E8030094F82030134302ADF4
:102D500003F0070305E9030008336B44022113F86D
:102D6000083C304663F30612062386F88220A372DD
:102D700003B0BDE8F04000F05FBA032D7FF470AF00
:102D80001946204602F060F821463046FFF768FBFE
:102D90000546204600F05CFA002D52D094F8283009
:102DA000282B2ED186F860312BE0002D7FF458AF10
:102DB000214603B0BDE8F040FFF78EBC002D7FF444
:102DC0004FAF678DFEF716FFC01B03043FF548AFFA
:102DD00084F8285096F9435096F8820096F883308C
:102DE00094F82C2094F82D10002D00F0070C03F01F
:102DF00007072CDB002294F8213062F3000384F8EB
:102E0000213096F88230C3F3020262F306130922DE
:102E100086F88230A27223E75A077FF462AF5AE73E
:102E20002146FFF7CBFB21463046FFF71DFC30461D
:102E300003F0B0FA0021304603F0C8F80023A37273
:102E40000EE7304603F0DEF80823A37208E711F01E
:102E5000030118D061F3020012F0030286F8820029
:102E60001BD062F302038C4586F8833012D02146D2
:102E70003046FFF725FB94F8213060F3410301222F
:102E800084F82130B7E712F00302B3D062F30203F3
:102E900086F883309742EAD1ACE78C45E7D1A9E7C1
:102EA00040C70200F4C002001CC00200DCC70200E0
:102EB0007CAB020092F81FC0BCF1110F02F11C03A1
:102EC0000FD0BCF1180F12D0BCF1070F0CD010B509
:102ED00024230C4680F8603101F0FCFC0023A3722F
:102EE00010BD0522FFF736BD0622FFF733BD0222D3
:102EF000FFF730BD13460022FFF72CBD1346032217
:102F0000FFF728BD00230422FFF724BD10B592F877
:102F10001FE0BEF1160F02F11C030BD0BEF1180F1B
:102F20000DD024230C4680F8603103F033FA0023DF
:102F3000A37210BDBDE810400122FFF77FBEBDE8BF
:102F400010400322FFF77ABE13460022FFF776BE39
:102F500013460222FFF772BE00230422FFF76EBE63
:102F60000023037043608360C3600361704700BF48
:102F7000037801330370704703785BB9C3687BB192
:102F800002691AB1816861B10B6082600023C3607D
:102F900003617047013BDBB20370002BEED070473A
:102FA00070474360F1E700BF03783BB100230C306A
:102FB0000B60436843B119604160704700230430DF
:102FC0000B604368002BF6D101604160704700BF81
:102FD00000230B60836813B1196081607047416002
:102FE00081607047406870470346406828B199681F
:102FF00002685A60884208BF9A6070474078A0F122
:103000000C00B0FA80F04009704700BF4078A0F192
:103010000800B0FA80F04009704700BF4078A0F186
:103020000200B0FA80F04009704700BF4078A0F17C
:103030001700B0FA80F04009704700BF4078A0F157
:103040000100B0FA80F04009704700BF4078A0F15D
:103050000900B0FA80F04009704700BF4078A0F145
:103060000600B0FA80F04009704700BF4078A0F138
:103070001800B0FA80F04009704700BF4078A0F116
:103080000300B0FA80F04009704700BF4078A0F11B
:103090000500B0FA80F04009704700BFF8B5064659
:1030A00008460D46F8F746FE044680B10027456005
:1030B0000672476187612C223946203017F0FEF8EE
:1030C0004FF47F43FF2262726381A381A77320467E
:1030D000F8BD00BF4078A0F10200B0FA80F04009CE
:1030E000704700BF4078A0F10200B0FA80F04009BC
:1030F000704700BF4078A0F10100B0FA80F04009AD
:10310000704700BF4078A0F10200B0FA80F040099B
:10311000704700BF4078A0F11800B0FA80F0400975
:10312000704700BF4078A0F10100B0FA80F040097C
:10313000704700BF4078A0F10100B0FA80F040096C
:10314000704700BF4078A0F10900B0FA80F0400954
:10315000704700BF4078A0F10900B0FA80F0400944
:10316000704700BF4078A0F10300B0FA80F040093A
:10317000704700BF4078A0F10300B0FA80F040092A
:10318000704700BF38B5456804462DB12946204632
:10319000BDE83840F8F7E4BD094A0A490A487023F7
:1031A00010F0CAFB85F31188BFF36F8F0323184615
:1031B00002DF656820462946BDE83840F8F7D0BDF3
:1031C000F4C7020034C802001CC00200024B186899
:1031D000003818BF012070478007002010B5044850
:1031E000F8F7A8FD04460430FEF7F2FC204610BDB7
:1031F0008007002008B50120FBF74AF9003818BF06
:10320000012008BDFBF75EB9E030FFF7E1BE00BF6B
:1032100038B590F8563105460C461BB11C4385F86D
:10322000564138BDE030FFF7A3FE95F856311C43F8
:1032300085F8564138BD00BF90F8563123EA0101A8
:1032400080F8561101B17047E030FFF795BE00BF1E
:1032500038B58569044645B12B792D2B04D02D2333
:103260002B71A36922691A6038BD084A08490948C8
:103270004FF4967310F060FB85F31188BFF36F8FE6
:103280000323184602DFA569E6E700BFF4C7020082
:1032900040C802001CC0020038B5856904465DB113
:1032A0002B792D2B00D038BD01232B71A169BDE8EE
:1032B00038400868FBF7D8B8074A084908484FF46F
:1032C0009D7310F039FB85F31188BFF36F8F0323D3
:1032D000184602DFA569E3E7F4C7020040C8020010
:1032E0001CC002008B6913B11A792D2A0BD00B7AFE
:1032F000072B15D0CB692BB1D0F85C211A60CB69B4
:10330000C0F85C3170471B68D0F858215A608B694F
:1033100001221A718B69C0F858310B7A072BE9D159
:103320004B6A002BE6D01B68D0F858215A604B6AD4
:1033300001221A714B6AC0F85831DBE7F8B50D4F1E
:1033400005463846F8F7F6FC044680B1002647608B
:103350000572466186612C223146203016F0AEFFA0
:103360004FF47F43FF2262726381A381A6732046DC
:10337000F8BD00BF7007002010B50A4B0622586840
:103380005021F8F7B1FC084B022258685021F8F799
:10339000ABFC064BBDE81040586808222C21F8F71A
:1033A000A3BC00BF78070020700700208007002022
:1033B00038B50446002501F04DFA2046C4E93E55D3
:1033C00084F8045102F0DAFFC4F82851C4E94255E8
:1033D00084F81651A4F81451A4F81851C4F82B51CC
:1033E000A4F84851C4F83051C4F83451C4F83851E5
:1033F000C4F83C51C4F84051C4F84451FAF740F9BC
:1034000094F89A3084F85651C4E95001C4E95655ED
:1034100023F0180384F89A30A58738BD084601497F
:10342000F8F79EBC8007002038B5B0F8025103467B
:10343000144625B1A9420ED26D1AA0F80251B3F874
:10344000122122B191420DD2521AA3F81221002367
:103450001846237038BD01F0BDF8054658B12B7AE7
:103460000A2B03D022236FF07300F2E795F8203087
:103470006FF07300EDE7074A0749084840F202235E
:1034800010F05AFA85F31188BFF36F8F03231846A3
:1034900002DFE4E7F4C7020054C802001CC00200C7
:1034A000034B0B44B3FBF1F3A0F81831704700BF96
:1034B000FF59620210B5044602F068FF2046BDE8DD
:1034C000104001F0CFB900BF10B5044611B1012979
:1034D00007D010BD02F062FF2046BDE8104001F0A9
:1034E00023BA02F05FFF2046BDE8104001F040BA69
:1034F00070B5D0F85841064634B12068214644687A
:10350000FAF7A6FF002CF8D1D6F85C410023C6F8E4
:1035100058313CB1054D204624682946F8F720FC77
:10352000002CF8D10023C6F85C3170BD8007002064
:1035300090F94330002B14DA70B504460E46032090
:1035400009491546FFF7AAFD014640B180F8206001
:1035500080F82150204601F009F8002070BD0C20B1
:1035600070BD0C20704700BF7807002010B50749D8
:1035700004460120FFF792FD28B10146204600F0E5
:10358000F5FF002010BD0C2010BD00BF7807002003
:1035900038B504460D4602200849FFF77FFD58B1B3
:1035A00090F8203065F30003014680F82030204673
:1035B00000F0DCFF002038BD0C2038BD780700206B
:1035C00010B5074904460420FFF768FD28B10146FD
:1035D000204600F0CBFF002010BD0C2010BD00BF26
:1035E000780700202DE9F04105468846072010495C
:1035F0009DF8186017461C46FFF750FDA8B1E30080
:1036000008F0070803F03803BF0143EA080307F096
:1036100040073B4343EAC613014680F82030284662
:1036200000F0A4FF0020BDE8F0810C20BDE8F0818F
:103630007807002038B504460D4601F0F1F9204620
:1036400002F00CFF07490A20FFF728FD38B10146B8
:1036500080F82050204600F089FF002038BD0C2063
:1036600038BD00BF7807002008B590F94330002B23
:1036700008DB00F0AFFF20B1037A0B2B0CBF223028
:10368000002008BD02F0ACFCF5E700BFF8B5D0F8AB
:1036900040319B0601D40020F8BD04460D460C20A5
:1036A00008491646FFF7FAFC074648B12946204666
:1036B0003246FEF7CBFB3946204600F057FFEAE7DB
:1036C0000C20F8BD7807002070B506460D4602F0C4
:1036D00087FC20B1037A053B012B044601D90C205D
:1036E00070BD01463046FEF7AFFE0028F7D02968CE
:1036F0006A68AB68ED68C4F837503046C4F82B10E0
:10370000C4F82F20C4F833302146FEF795FE002080
:1037100070BD00BF38B5054602F062FC20B1037AE7
:10372000053B012B044601D90C2038BD0146284633
:10373000FEF78AFE0028F7D028462146FEF780FED5
:10374000002038BD2DE9F0470546D0F84001BDF80E
:103750002090099E9A4683078846174632D495F9E9
:103760004330002B50DB30490820FFF797FC04461C
:10377000002C56D0237A082B2AD0092B34D1A4F858
:1037800026802785A4F82AA0A4F82C90002E3ED0ED
:103790003388238773886387B388A387F388E38795
:1037A0003389A4F840307389A4F8423095F9433046
:1037B000002B12DA2846FDF71FFC0146284602F0CE
:1037C00017FF0AE018490920FFF768FC0446CFE715
:1037D0002785A4F82AA0A4F82C902846214600F0BA
:1037E000C5FE0020BDE8F087104A1149114840F29B
:1037F000054310F0A1F8002383F31188BFF36F8F06
:103800000323184602DFE8E71A20BDE8F0870A4ADA
:103810004FF0FF33C4E90E23A4F840304FF6FF7396
:10382000C2E70C20DEE700BF78070020F4C70200E3
:10383000F4C002001CC002000000FFFF08B502F047
:10384000CFFB28B1007AA0F10C00B0FA80F040095B
:1038500008BD00BF10B5044602F0C2FB10B1037AE8
:10386000092B00D010BD01462046BDE8104002F0F3
:10387000D9B900BF38B504460D4602F0B1FB10B10E
:10388000037A092B00D038BD80F82050014620462D
:10389000BDE8384002F0CAB908B502F0A1FB28B172
:1038A000007AA0F10900B0FA80F0400908BD00BF1D
:1038B00038B505460C4600F08DFE10B14369A342B1
:1038C0000ED0284602F08CFB10B14369A34200D011
:1038D00038BD224601462846BDE8384002F024BDE6
:1038E00001462246284600F07FFFEAE710B504466D
:1038F00000F070FE18B10146204600F099FF204606
:1039000002F06EFB014620B12046BDE8104002F0F7
:1039100023BD10BD2DE9F041537F144605460E46E8
:10392000002B3FD0D37F1E2B29D9284600F052FE12
:103930000746284602F054FB0146002F5ED0FA7A73
:10394000E37F002848D09342C07A51D03A7B002AC6
:103950005DD098424ED00A7B002A4BD1072B6DD008
:10396000112B04D14A7B94F820309A4242D023464E
:10397000324639462846BDE8F04100F0EBBE444AE5
:1039800052F8232022B104F11C00904760B1E37F7C
:10399000022BCAD10123224631462846BDE8F04118
:1039A00002F004BDFF23D377284600F013FE28B1B0
:1039B000E27FC37A9A420DD0037B5BB9284602F0BE
:1039C0000FFB002850D0E27FC37A9A4202D0037BDB
:1039D000002BE0D0BDE8F0819342C8D03A7B002AAA
:1039E000C5D1072B4DD0112B4BD00D2BBFD0D1E71C
:1039F00098421CD11F2385F86031EBE70028C9D01D
:103A0000234632462846BDE8F04102F013BC072B9E
:103A10002CD0112B18D0B3F10D0218BF01229842FF
:103A20001FD00B7BEBB9002AA1D02423E3E70A7B4C
:103A3000002ADFD1072B95D0112B98D14B7B94F81E
:103A400020209A42D6D092E77A7B94F82030D21A7E
:103A500018BF0122112804D0087B10B9487B984276
:103A6000E1D1002ACCD1C5E7034694E77A7B94F8EC
:103A70002030D21A18BF01220728EDD1002ABFD169
:103A8000B8E77A7B94F820309A4283D16FE700BF81
:103A900058C8020070B505460E46FFF79FFB044666
:103AA000002862D0337A013B211D0B2B07D8DFE8B9
:103AB00003F022282E3506060606063B0642324A49
:103AC00032493348DD230FF037FF002383F3118899
:103AD000BFF36F8F0323184602DFE3797373214628
:103AE0002846FFF791FB337A0A2B2AD02846BDE8F7
:103AF000704000F021BE084600F0B0FF1323F372BF
:103B0000EBE7284600F0DEFF0923F372E5E73046D5
:103B100001F096F8FF237461F372DEE7084601F0C6
:103B2000B1F80C23F372D8E7304601F09BF8FF237D
:103B30007461F372D1E7284601F056FA1523F37247
:103B4000CBE76B8EB5F89C1140F2E24202FB03F327
:103B500042F2107202FB013101392846B1FBF3F148
:103B6000BDE8704089B200F0EDBD074A0949084838
:103B7000A2230FF0E1FE84F31188BFF36F8F0323BC
:103B8000184602DF8EE700BFD4C80200F4C002006E
:103B90001CC00200DCC602002DE9F04107460C46BD
:103BA000164602F021FA28B10323A3720025284605
:103BB000BDE8F08121463846FFF708FB054600289E
:103BC000F2D021463846FFF709FB804680B3237ABE
:103BD000013B08F104010B2B07D8DFE803F038465E
:103BE000064C060606060606063E264A26492748CD
:103BF00040F25E430FF0A0FE002383F31188BFF371
:103C00006F8F0323184602DF98F80730637341462D
:103C10003846FFF7F9FA384602F0EEF90423A372AA
:103C2000002EC4D0384602F0B5FB0023A372BEE7D5
:103C3000144A174915484FF483630FF07DFE88F34B
:103C40001188BFF36F8F0323184602DFBFE70846D2
:103C500000F00EFFFF23E372D6E7384601F0DCF9EF
:103C6000FF23C4F81480E372CEE7384600F04EFF1D
:103C7000FF23E372C8E7084601F004F8FF23E3726C
:103C8000C2E700BFD4C80200F4C002001CC002009A
:103C9000DCC6020038B50B7A013B0C4605460B2BFF
:103CA0000CD8DFE803F006060B290B0B0B0B0B1BE4
:103CB0000B24BDE838400122FFF76EBF174A1849B0
:103CC000184840F20E530FF037FE002383F311889B
:103CD000BFF36F8F0323184602DF38BD02F05AFB93
:103CE00094F820300022A27285F8603138BDBDE81A
:103CF00038400022FFF750BF90F8283143B9012225
:103D0000FFF74AFF0028E8D0012385F8283138BDA5
:103D100002F040FB0023A37238BD00BFD4C80200EC
:103D2000F4C002001CC002002DE9F0410C46897A63
:103D300006461546042900F2F380DFE801F0072368
:103D40000C1B0300012D4DD0BDE8F081002DFBD1EF
:103D50000123A372F8E7002DF6D1237A0A2B74D140
:103D6000304602F017FB94F820300022A27286F849
:103D70006031E9E7002DE7D121463046BDE8F0414A
:103D8000FFF788BF022DDFD1DA786272023A122A79
:103D90006AD801A151F822F0B13E0100693E01004C
:103DA000693E0100693E0100693E0100693E010073
:103DB000A93E0100693E0100693E0100693E010023
:103DC000C33E0100693E0100693E0100693E0100F9
:103DD000693E0100693E0100793D0100693E010034
:103DE000893E0100237A0C2BAED1FDF7EDFF94F84C
:103DF0002030042140EA03073046FFF71DFAA56989
:103E00000023FFB2A361002D7BD02B792D2B0ED088
:103E10004B4A4C494C4840F281430FF08DFD002342
:103E200083F31188BFF36F8F0323184602DF002F3F
:103E30004BD101232B7128682946FAF715FB304630
:103E400002F0A8FA0023A3727EE73D4A3F493E48AC
:103E500040F224530FF070FD85F31188BFF36F8F8C
:103E60000323184602DF7BE7354A3949364840F2DA
:103E70000D430FF061FD002383F31188BFF36F8FB3
:103E80000323184602DF77E7194601F0F5F804210D
:103E90003046FFF7BDF93046FDF75EFF84F820009D
:103EA0002046FFF7D5F967E7194600F06FFE63E794
:103EB0001946204600F0E2FE08213046FFF7A8F937
:103EC0005AE7194600F006FF56E703272F71338E95
:103ED000EB80237A0C2B05F11C080DD0184A1D49E4
:103EE000194840F28A430FF027FD002383F311881D
:103EF000BFF36F8F384602DF4146304601F0A4F829
:103F000099E70F4A1449104840F27E430FF014FD20
:103F100085F31188BFF36F8F0323184602DF74E720
:103F2000074A0B49084840F28A530FF005FD002369
:103F300083F31188BFF36F8F0323184602DF03E773
:103F4000D4C8020084C702001CC002001CC90200C1
:103F5000F4C0020038C902003CC702002DE9F0415C
:103F6000D1F8188000260C4605468E61B8F1000F86
:103F700049D00126032788F804702B8EA8F8063054
:103F8000237A042B08F11C0129D00C2B23D0022BFF
:103F900017D0284A284940F2AB1328480FF0CCFC30
:103FA000002383F31188BFF36F8F384602DF0EB111
:103FB000BDE8F081D8F800004146BDE8F041FAF7CD
:103FC00053BA637A072B1AD0092B10D0194A1A4911
:103FD0004FF48173E1E7284601F036F8E7E7637AAA
:103FE0000C2B08D0134A144940F20F13D5E728468A
:103FF00000F0AEFDDBE7284600F056FED7E720468E
:1040000000F052FDD3E7FFF7FDF880460028B1D15C
:10401000084A0B4909484FF4C6730FF08DFC88F32A
:104020001188BFF36F8F0323184602DF88F80480DE
:10403000FFDE00BFD4C80200F4C002001CC00200B2
:104040003CC7020038B50B7A013B0C4605460B2BEA
:1040500015D8DFE803F006240E32141414141441AA
:1040600014494B7A072B04D0132B02D0242385F854
:104070006031284600F02EFC0023A37238BD324A7E
:10408000324933484FF413730FF056FC002383F387
:104090001188BFF36F8F0323184602DF38BD4B7AB8
:1040A000072B01D0092BE1D194F82030DB07E0D5B4
:1040B00021462846FFF752FFDBE74B7A0C2BD5D180
:1040C0008B6993B321462846FFF748FF284600F046
:1040D00001FC0023A37238BD00F0FCFB0022162374
:1040E000A27285F8603138BD4B7A152B16D0072B9C
:1040F000BCD1D0F8403123F02003C0F8403100F0AB
:10410000E9FB0023A3722846FFF798FB0028B5D1EE
:1041100028460421BDE83840FFF78EB8FDF79CFD26
:1041200068B9284600F0D6FBEBE7FFF763F80028F4
:10413000C8D1284600F000FB0423A37238BD2146F5
:104140002846FFF70BFFECE7D4C80200F4C00200DA
:104150001CC0020070B50E7A731E0C4605460B2B70
:1041600007D8DFE803F0161D31450606060606618E
:10417000066F534A5349544840F2CF230FF0DCFBFB
:10418000002383F31188BFF36F8F0323184602DFE8
:1041900070BD00F0C1FA00287FD00123A37270BD6A
:1041A00000F0BAFA0028F8D121462846FFF70EF8A9
:1041B0000028F2D021462846FFF76CFC6369002BEB
:1041C00008BF0326A67270BD00F0A6FA0028E4D14D
:1041D00021462846FEF7FAFF0028DED02146284671
:1041E000FFF758FC6369002B18BF0226A67270BD4A
:1041F00090F828319BBB00F08FFA0028CDD12146E2
:104200002846FEF7E3FF0028C7D021462846FFF7DF
:1042100041FC6269002A4FF001030CBF0322022215
:10422000A27285F8283170BDFEF7D0FF0028B4D007
:1042300021462846FFF72EFC1622022384F8202070
:10424000A37270BDD0F840319B0602D5FFF7F6FA95
:1042500068B1284600F03EFB0023A37270BD0C221B
:1042600000234A728B61BDE87040FFF7EBBE284621
:1042700000F052FA002890D121462846FEF7A6FF0A
:1042800000288AD004212846FEF7C2FF214628468E
:10429000FFF700FC0323A37270BD21462846FEF7FA
:1042A00095FF00283FF479AF21462846FFF7F2FB3F
:1042B0006369002B0CBF03230223A37270BD00BFF0
:1042C000D4C80200F4C002001CC0020070B50C4645
:1042D000897A06461546042900F2A380DFE801F03A
:1042E00003031B280600002D5CD070BD002DFCD1FF
:1042F000237A042B00F08780524A534953484FF4E5
:104300005F730FF019FB85F31188BFF36F8F0323E1
:10431000184602DF70BD052DE7D1237A032B01D0AB
:104320000A2BE2D121463046BDE87040FFF78ABE35
:10433000012DDAD1DA786272023A172A37D801A150
:1043400051F822F0FB430100AF430100AF430100ED
:10435000AF430100AF430100F1430100AF4301004F
:10436000E9430100AF430100AF430100E143010015
:1043700025430100AF430100AF430100AF430100FB
:10438000D7430100AF43010025430100AF430100C3
:10439000CF430100AF430100AF430100AF43010031
:1043A000254301002146BDE87040FFF7D3BE254AF2
:1043B0002549264840F24F330FF0BEFA002383F31D
:1043C0001188BFF36F8F0323184602DFAAE719464F
:1043D00000F07CFEA6E71946204600F0F3FCA1E7BA
:1043E000194600F077FC9DE7194600F0FDFB99E7C0
:1043F0001946204600F054FB94E7124A124913482C
:1044000040F23633D8E7FEF7F5FE00283FF46DAFF3
:1044100021463046FFF7A2FD304600F05BFAA57258
:1044200070BD084A0849094840F29A330FF084FAEF
:10443000002383F31188BFF36F8F0323184602DF35
:1044400070BD00BFD4C80200F4C002001CC002004E
:10445000131D0522FFF73ABF02F11C030122FFF7EB
:1044600035BF00BF13460022FFF730BF02F11C0327
:104470000222FFF759BC00BF131D0122FFF754BCF5
:1044800013460022FFF750BC70B5044605F0ACFFA0
:1044900068B1D4F8F85045B1D4F8FC202B68C4F8C2
:1044A000F830954208BFC4F8FC30284670BD054678
:1044B0000121032005F036FF2A460646012103208C
:1044C000F7F7D6FCD4F8F85045B1D4F8FC202B68A7
:1044D000C4F8F830954208BFC4F8FC30002EE4D090
:1044E000012211460320F7F7C3FC284670BD00BF28
:1044F00070B5044605F078FF40B1D4F8F850DDB14E
:1045000000220123A4F80221AB7370BD05460121EE
:10451000032005F007FF2A46064601210320F7F78E
:10452000A7FCD4F8F850002EE9D001221146032050
:10453000F7F79EFC002DE3D1094A0A490A484FF4D7
:10454000F5730FF0F9F985F31188BFF36F8F03232B
:10455000184602DF00220123A4F80221AB7370BDCC
:1045600060C90200A8C902001CC00200F8B50546D7
:104570000C4605F039FF40B100232360D5F8FC302C
:10458000F3B11C60C5F8FC40F8BD064601210320CC
:1045900005F0C8FE3246074601210320F7F768FC04
:1045A0002660D5F8FC3083B11C60C5F8FC40002FB4
:1045B000EAD00122BDE8F84011460320F7F758BCC5
:1045C000C5F8F840C5F8FC40F8BDC5F8F840C5F896
:1045D000FC40ECE770B5054605F006FF18B1D5F8CC
:1045E000F840204670BD04460121032005F09AFEE4
:1045F0002246064601210320F7F73AFCD5F8F84099
:10460000002EEED0012211460320F7F731FC2046A0
:1046100070BD00BF38B50C460546FFF7DBFF84428E
:104620000DD0184A1849194852230FF085F9002374
:1046300083F31188BFF36F8F0323184602DFA3694A
:1046400013B11B792D2B07D02846FFF71DFF2046FD
:10465000BDE83840FEF796BD0A4A0D490B4857237E
:104660000FF06AF9002383F31188BFF36F8F0323E0
:10467000184602DF2846FFF707FF2046BDE838400E
:10468000FEF780BD60C90200BCC902001CC0020068
:10469000D0C9020038B50546FFF79CFF037A013BFD
:1046A00004460B2B1BD8DFE803F0060606061A1A91
:1046B0002A1414061A06014600222846FFF7D2FEE5
:1046C000A37B03B938BD21462846BDE83840FFF733
:1046D000A1BF01460022284601F076FAF0E70B4A16
:1046E0000B490C484FF4EF730FF026F9002383F3C6
:1046F0001188BFF36F8F0323184602DFE0E70146FE
:1047000000222846FEF7F6FBDAE700BF60C9020088
:10471000F4C002001CC0020090F80401A0F10100E6
:10472000B0FA80F040097047012380F804317047E7
:10473000002380F804317047B0F81831A0F8023136
:10474000704700BFA0F80211704700BF0023A0F817
:104750000231704738B50C468969054610461A463D
:10476000F9B1217A01390B2923D8DFE801F00606D7
:1047700006062222321D1D06220621462846FFF784
:104780006BFEA36923B11B792D2B1CBF0023A361F2
:10479000A37B03B938BD21462846BDE83840FFF762
:1047A00039BFA3612061DCE72146284601F0B8F952
:1047B000E7E70A4A0A490B4840F249130FF0BCF8F0
:1047C000002383F31188BFF36F8F0323184602DFA2
:1047D000D7E721462846FEF76DFBD2E760C9020005
:1047E000F4C002001CC0020038B50B7A033B0C4633
:1047F0000546092B09D8DFE803F0050808080D086D
:10480000080508052146FFF723FEA37B002262610D
:1048100043B938BD2146FEF771FBA37B00226261DC
:10482000002BF6D021462846BDE83840FFF7F2BEFF
:1048300038B50B7A072B0C46054608D0A37B03B985
:1048400038BD21462846BDE83840FFF7E3BEFEF7F5
:1048500059FBF3E70222002380F80021A0F802317F
:10486000704700BF38B590F800310446032B1AD8C2
:10487000DFE803F002100F10FFF7ACFE48B1057A35
:104880002046FFF707FF0A2D14BF0123032384F8F6
:10489000003138BDFFF79EFE0028FAD02046BDE863
:1048A0003840FFF7F7BE084A084909484FF41B7320
:1048B0000FF042F8002383F31188BFF36F8F0323B7
:1048C000184602DF38BD00BF60C90200F4C0020014
:1048D0001CC0020010B590F800310446032B0DD81F
:1048E000DFE803F008020702FFF702FE002384F866
:1048F000003110BDBDE81040FFF7FABD074A084976
:1049000008484FF41B730FF017F8002383F3118846
:10491000BFF36F8F0323184602DF10BD60C902008A
:10492000F4C002001CC0020008B590F80031022B50
:1049300013D000D808BD032BFCD00A4A0A490B4803
:104940004FF41B730EF0F8FF002383F31188BFF3BD
:104950006F8F0323184602DF08BD002380F8003163
:1049600008BD00BF60C90200F4C002001CC0020004
:1049700038B590F800310446032B3AD8DFE803F04D
:104980000926121320462946FEF7ACFC2846FEF7FE
:10499000F9FB2046FFF778FD05460028F2D10223F7
:1049A00084F8003138BDFFF76FFD05460028F6D0CA
:1049B00029462046FEF796FC2846FEF7E3FB2046F4
:1049C000FFF762FD05460028F2D1E8E7FFF75CFD3E
:1049D00005460028E3D029462046FEF783FC2846FA
:1049E000FEF7D0FB2046FFF74FFD05460028F2D129
:1049F000D5E7084A084909484FF41B730EF09CFF9D
:104A0000002383F31188BFF36F8F0323184602DF5F
:104A100038BD00BF60C90200F4C002001CC0020023
:104A200038B50546FFF730FD68B1044621462846F3
:104A3000FEF758FC2046FEF7A5FB2846FFF724FDAD
:104A400004460028F2D10024A5F802412146284658
:104A500001F0B8FA85F8004138BD00BF03780121A4
:104A6000122243F0030303704170C270704700BF0D
:104A700003780121132243F0030303704170C270D5
:104A8000704700BF0B784FF0020C43F0030307227E
:104A90000B7081F801C0CA7090F84C300B717047F0
:104AA0000B7980F84C3070470B784FF0020C43F0D4
:104AB000030307220B7081F801C0CA7090F84C30D4
:104AC0000B71704710B50B780C460922082143F092
:104AD0000303E1706270237090F94330002BACBF88
:104AE0000B460E23E370F8F7CBFD002261F30702BB
:104AF000C1F3072C0B0C6CF30F2263F317421B0A54
:104B000063F31F626060A26010BD00BF38B50C4641
:104B10000546F8F7B5FD237843F003032370092316
:104B20006370E370D5F84031217263F0FF031840E1
:104B3000020C0B0CC0F307252071C1F30721100AEA
:104B4000A2711A0AE07165716172A372E27238BDD6
:104B50000B78092243F003030B704A70CA70D0E946
:104B60004E23100CC2F3072C0A711A0C81F805C0F1
:104B700088714FEA102C0B72C3F30720130A81F8D7
:104B800007C048728A72CB72704700BF2DE9F041AE
:104B90004B68144F8E685A0F82EA137202F00102BA
:104BA0001F400021931849419B18054641F1000818
:104BB00087EA0374F8F764FD04EA0003C5F840319E
:104BC00063F0FF0306F0EF063B4046EA0878C5E9CC
:104BD0004E3608EA01010122C5F8441185F830215A
:104BE000BDE8F0812FCF87F72DE9F0414A68134FD8
:104BF0008E68530F83EA127303F00103D91807EA92
:104C000002074FF000025241C918054642F1000464
:104C100087EA0178F8F734FD06F0EF0646EA0474F7
:104C2000C5E94E7608EA00000C400123C5F84001B2
:104C3000C5F8444185F83031BDE8F0812FCF87F7C2
:104C40000B784FF0030C43F0030319220B7081F82B
:104C500001C0CA7090F820300B7190F821304B7170
:104C6000704700BF0B78022243F003030B704A70B9
:104C7000CA7090F820300B71704700BF0B7980F834
:104C8000203070470378074AC0F805204FF0060C23
:104C900043F0030340F60C51037080F801C0A0F804
:104CA00003107047F105FFFF0B784FF0060C43F03F
:104CB00003030C220B7081F801C0CA7090F82A31EE
:104CC0000B71B0F82B31A1F80530B0F82D31A1F8F7
:104CD00007307047012380F829310B7980F82A3199
:104CE000B1F80530A0F82B31B1F80730A0F82D311C
:104CF000704700BF0B78032243F003034FF0170CFB
:104D00000B7081F801C0CA70D0F82130D0F825208E
:104D10008A604B6090F829300B7390F82A304B73FF
:104D2000704700BF10B503780D21042243F0030340
:104D300041700370C270841805F056FB0C2120B13D
:104D40002046BDE8104003F031B82046BDE81040D1
:104D500003F022B803780121052243F00303037016
:104D60004170C270704700BF03780121062243F0F2
:104D7000030303704170C270704700BF03780121C4
:104D80000B2243F0030303704170C270704700BFF1
:104D9000037801714FF0020C43F003030D220370FE
:104DA00080F801C0C27070470378017143F00303BB
:104DB0004FF0030C0370112380F801C0C3704271DF
:104DC000704700BF0B7980F84D304B7980F84E303A
:104DD000704700BF0B784FF0030C43F0030316221B
:104DE0000B7081F801C0CA7090F82030C3F3C20381
:104DF0004B7190F82030C3F302030B71704700BF72
:104E00000A7990F8203062F3C50380F820304A799F
:104E100062F3020380F82030704700BF0B784FF038
:104E2000030C43F0030317220B7081F801C0CA7012
:104E300090F8A431C3F3C2034B7190F8A431C3F3CB
:104E400002030B71704700BFCB8843850B7980F854
:104E50002C304B7980F82D30704700BF0B784FF025
:104E6000180C43F003030F220B7081F801C0CA70C5
:104E7000C38C8B80038DCB80438D0B81838D4B81C5
:104E800090F834300B73C38EA1F80D30038FA1F866
:104E90000F30438FA1F81130838FA1F81330C38FE7
:104EA000A1F81530B0F84030A1F81730B0F8423012
:104EB000A1F81930704700BF0B784FF0180C43F081
:104EC000030310220B7081F801C0CA70C38C8B8061
:104ED000038DCB80438D0B81838D4B8190F83430D3
:104EE0000B73C38EA1F80D30038FA1F80F30438FE1
:104EF000A1F81130838FA1F81330C38FA1F81530BA
:104F0000B0F84030A1F81730B0F84230A1F81930AD
:104F1000704700BF8B88C384CB8803850B8943858A
:104F20004B8983850B7B80F83430B1F80D30C38614
:104F3000B1F80F300387B1F811304387B1F813305F
:104F40008387B1F81530C387B1F81730A0F8403027
:104F5000B1F81930A0F84230704700BF0B7800223A
:104F600043F003034FF00C0CCA700B7081F801C0C2
:104F700090F823300B71036B094AA2FB03239B0AB1
:104F8000A1F80530438DA1F80930038DA1F8073051
:104F9000838DA1F80B30838CA1F80D30704700BFD2
:104FA0005917B7D10B7980F82330B1F8053040F2AA
:104FB000E24202FB03F30363B1F809304385B1F821
:104FC00007300385B1F80B308385B1F80D30838449
:104FD000704700BFB1F8093003844B68C0F8223035
:104FE0000B7A80F8263070470B784FF0090C43F0AD
:104FF000030314220B7081F801C0CA70B0F8663048
:105000008B80B0F864300B81B0F86A30CB80B0F898
:1050100068304B81704700BF0B784FF0090C43F0AC
:10502000030315220B7081F801C0CA70B0F8663016
:105030008B80B0F864300B81B0F86A30CB80B0F868
:1050400068304B81704700BF0B784FF0090C43F07C
:10505000030315220B7081F801C0CA70B0F87630D6
:105060008B80B0F874300B81B0F87A30CB80B0F818
:1050700078304B81704700BF8B88A3F11B02E02A78
:1050800022D8B1F808C0ACF11B02E02A1CD830B518
:10509000CD88A5F5A47244F2481492B2A24212D867
:1050A0004A8900218E4662F30F0EA2F5A4726CF3BA
:1050B0000F0192B2A24263F31F4165F31F4E9CBFE2
:1050C000C166C0F870E030BD704700BF8B88A3F1A7
:1050D0001B02E02A22D8B1F808C0ACF11B02E02A7A
:1050E0001CD830B5CD88A5F5A47244F2481492B20C
:1050F000A24212D84A8900218E4662F30F0EA2F511
:10510000A4726CF30F0192B2A24263F31F4165F3E4
:105110001F4E9CBFC166C0F870E030BD704700BF35
:1051200070B58C6900230D4606468B6104B31923C4
:1051300022792371338EE38095F82030237743B9A9
:105140002B8DE3836B8D2384AB8D63842D2A09D053
:1051500070BD738EE383B38E2384B6F89C31638471
:105160002D2AF5D120682146BDE87040F9F77CB9B9
:10517000074A0849084840F207130EF0DDFB84F3A4
:105180001188BFF36F8F0323184602DFCFE700BFFC
:1051900028CA02003CC702001CC00200F8B58C6996
:1051A00000230D4606468B6194B1032327792371B2
:1051B000338EE38004F11C012846FFF74FFE2D2FAC
:1051C00000D0F8BD20682146BDE8F840F9F74CB999
:1051D000074A084908484FF459730EF0ADFB84F3B1
:1051E0001188BFF36F8F0323184602DFDDE700BF8E
:1051F00028CA02003CC702001CC0020030B5438E22
:105200000A8D4C8D8D8D934285B002D1838EA34241
:1052100014D0012381F8223002950B6BCDE90024D4
:105220000C7A91F82320898C0391A4F10801B1FA3A
:1052300081F14909ECF710F805B030BDB0F89C31A8
:105240005B1B18BF0123E5E7F8B5CD6900230C46C9
:1052500007461646CB61002D3FD0291D112E0AD8D6
:10526000DFE806F02E0909090909092A09090909CF
:10527000090909093222234A234924484FF4527369
:105280000EF05AFB002383F31188BFF36F8F0323C3
:10529000184602DFEB79637329463846FDF7B4FF01
:1052A000237A092B14D0F8BD084694F8202094F8EE
:1052B0002110FFF779FDEDE72046FFF7E3FBE9E773
:1052C0002046FFF74BFEE5E72046FFF7F5FDE1E757
:1052D0003846BDE8F84000F08FBEFDF77FFF054679
:1052E0000028BAD1074A0A49084840F22E330EF086
:1052F00023FB85F31188BFF36F8F0323184602DF6A
:10530000ABE700BF28CA0200F4C002001CC00200C4
:10531000DCC6020038B58B690C46054673B11F4ADE
:105320001F49204840F286330EF006FB002383F32A
:105330001188BFF36F8F0323184602DFFDF762FF6A
:105340002D23A061037194F834200121002384F8F7
:1053500023102363218D4AB1B1FBF2F313FB02F357
:10536000E28C9BB29A429CBF23851946238F8B42C5
:1053700004D840F2E24202FB03F323632846FCF721
:1053800039FCAB8E06331844A084002221462846FF
:10539000FFF75AFF4FF60B73638138BD28CA02002E
:1053A00074CA02001CC002002DE9F0413A4E336875
:1053B00004460D462BB1834203D00123AB72BDE8F6
:1053C000F0812046FFF7A8F90028F6D1204600F02A
:1053D00001FE07460028F0D129462046FDF7F6FEDB
:1053E0000028EAD02046FCF705FC01218046204633
:1053F00000F0E8FDA5F83680D5F81C8085F83470FB
:105400003460EF61B8F1000F29D008F1040128469B
:10541000FFF724FD98F807306B7341462046FDF7EF
:10542000F3FE2B7A092B16D094F84330DB0902D017
:1054300004236B81C3E7194A19491A4840F29B13A8
:105440000EF07AFA002383F31188BFF36F8F0323E2
:10545000184602DFB3E72046FFF76EF9E4E7294676
:105460002046FDF7BBFE80460028CED10B4A0E49F0
:105470000C4840F22F130EF05FFA88F31188BFF347
:105480006F8F0323184602DF04212846FFF7E6FC4E
:1054900098F80730FFDE00BFEC3A002028CA02006F
:1054A000F4C002001CC00200DCC6020038B505468C
:1054B0000C4600F099FD10B10923A37238BD2146B6
:1054C0002846FDF783FE0028F6D021462846FDF742
:1054D00085FEE061FDF78EFE10B90C23A37238BD86
:1054E00021462846BDE83840FFF714BF70B50C468A
:1054F0000546FCF77FFBA38CC31A1B0400D570BDC7
:1055000021462846FFF77AFE237A092B15D094F816
:105510002260E6B92046FDF7BFFEA661284600F0EE
:1055200039FF237A092B05D10D4B1A68954204BF28
:1055300000221A600023A37270BD284600F062FDAD
:10554000237A092BE3D194F82030002BDFD00023FD
:1055500084F8203021462846FFF7E2FDDEE700BF51
:10556000EC3A002070B506460C4600F03DFD10B147
:105570000623A37270BD054621463046FDF726FE80
:105580000028F5D0112221463046FFF75DFE304657
:1055900000F000FF237A092B04D1044B1A689642CD
:1055A00008BF1D600023A37270BD00BFEC3A00204D
:1055B00070B5204A136806460C468BB183420FD063
:1055C00002238B7200F010FD054620B921463046BB
:1055D000FDF7FCFD08BB2046BDE87040FDF738BE76
:1055E000218D738E16609942628DA08D06D0214662
:1055F0003046FFF7D3FD0423A37270BDB38E9342F0
:10560000F5D1B6F89C318342F1D12046FDF744FE36
:1056100000220523A261A37270BD4FF4726321467C
:1056200023843046FFF79EFF2046FDF735FEA56137
:1056300070BD00BFEC3A002070B50C46897A064672
:1056400015460C2900F2A980DFE801F00B17464E41
:10565000586273A77A848B9F0700002D00F0AD80FD
:1056600070BD002DFCD1237A082B00F0C980092BD6
:1056700040F0B7800123A37270BD012DF0D119460F
:105680002046FFF747FCE38C228DA08D618D94F8B6
:105690003450052B17D9B2F5486F14D8934212D85D
:1056A000B1F5FA7F0FD2A0F10A039BB240F6764C17
:1056B000634508D84B1C9BB202FB03F3B3EB800F8E
:1056C00001D2AA420AD240F61E73238421463046F4
:1056D000BDE87040FFF746BF012DC1D821463046D6
:1056E000BDE87040FFF764BF002DB9D1FDF782FD22
:1056F000002840F0C7800323A37270BD032D67D03C
:10570000042DADD10F22062384F82120A37270BD91
:10571000002DA5D190F94330002B5CDA94F82030AD
:1057200083B10F2384F821302146BDE87040FFF794
:1057300019BF002D94D12146BDE87040FFF712BF7C
:10574000002D8DD1304600F04FFC00285BD008239F
:10575000A37270BD002D83D12146BDE87040FFF7D4
:10576000A5BE022D7FF47CAF90F84320C2F3C01198
:10577000D20956D184F84C1000F036FC05460028BA
:1057800000F089800D23A37270BD002D7FF468AFF7
:105790002146BDE87040FFF7A9BE504A5049514824
:1057A00040F251530EF0C8F8002383F31188BFF381
:1057B0006F8F0323184602DF70BDFDF71BFD002825
:1057C0003FF44EAF21463046BDE87040FFF7A2BD22
:1057D0000523A37270BDA5612146BDE87040FFF7A7
:1057E00065BE3E4A3E493F4840F2F2330EF0A4F80F
:1057F00085F31188BFF36F8F0323184602DF70BD56
:105800000A23A37270BD21463046FDF7DFFC002855
:105810009DD0102221463046FFF716FD0A236381F2
:1058200070BD19462046FFF7BDFB218D628DA58D09
:105830008B1F9BB240F67A4083422AD8B2F5FA7F9A
:1058400027D2A5F10A039BB240F67640834220D8C6
:10585000531C9BB201FB03F3B3EB850F19D2304607
:10586000A58CFCF7C7F92B1A9BB247F6FE72934240
:1058700029D9282386F86031304600F08BFD0023BB
:10588000A37270BD21463046FFF788FC0423A37243
:1058900070BD1E23EEE721463046FDF797FC002839
:1058A0003FF470AF072221463046FFF7CDFC30466B
:1058B00000F070FD237A092BE1D10B4B1A68964258
:1058C000DDD11D60DBE72046FDF7C2FC0B23A37290
:1058D00021463046BDE87040FFF708BE28CA0200E6
:1058E000F4C002001CC00200EC3A0020F8B50C46DF
:1058F000897A06461546062908D8DFE801F0172BF5
:10590000070733640400002D65D0F8BD7F4A804945
:1059100080484FF43E730EF00FF8002383F3118894
:10592000BFF36F8F0323184602DFF8BD002DECD1C3
:10593000237A092B10D0754A754976484FF4F573D0
:105940000DF0FAFF85F31188BFF36F8F032318461C
:1059500002DFF8BD002DD8D121463046BDE8F84021
:10596000FFF722BD032D00F08D80042D00F0928002
:10597000022DCAD119462046FFF714FB228D608DF7
:10598000B4F82CC0931F9BB240F67A418B4244D8A6
:10599000B0F5FA7F41D2ACF10A039BB240F67641F2
:1059A0008B423AD8431C9BB202FB03F3B3EB8C0F40
:1059B00033D22946304600F005FB2046FDF748FC6F
:1059C0000623A372F8BD002D9FD1FEF7A5FE60B39C
:1059D0000523A372F8BDFCF70DF9A38CC01A0304CC
:1059E00093D42946304600F0EDFA21463046FFF7C1
:1059F00005FC237A092B58D094F82250002D5ED153
:105A00002046FDF749FCA5613046FEF763FF237A87
:105A1000092B2CD00023A372F8BD0021304600F0E2
:105A2000D1FA1E2386F86031EEE721463046FDF7B5
:105A3000CDFB0028CCD02946304600F0C3FAE769F8
:105A4000E561002F43D094F8202094F82110381DF0
:105A5000FFF7AAF9FB79637339463046FDF7D4FBAB
:105A6000237A092BD0D13046FEF766FECCE796F9B3
:105A70004330002B25DB284B1A689642CAD10022FE
:105A80001A60C7E75B7984F8203021463046FFF77B
:105A900047FBB9E7D0F840311A2223F00203C0F8DF
:105AA0004031214684F82020F0E73046FEF74EFED4
:105AB000237A092BA0D194F82030002B9CD000230E
:105AC000E1E73046FDF7E8FE0028D4D0A2E7214602
:105AD0003046FDF783FB07460028B4D10B4A0F4937
:105AE0000C4840F22F130DF027FF85F31188BFF308
:105AF0006F8F0323184602DF042094F8202094F8C7
:105B00002110FFF751F9EB79FFDE00BF28CA020030
:105B1000F4C002001CC00200EC3A0020DCC6020007
:105B200010B592F81FC082B0044602F11C03BCF10C
:105B3000110F0AD8DFE80CF02C0909090909092519
:105B400009090909090909091E17242380F8603188
:105B50000191FEF7BFFE01990B7A092B1FD000239C
:105B60008B7202B010BD0322204602B0BDE8104087
:105B7000FFF7BCBE0122204602B0BDE81040FFF78F
:105B8000B5BE0422204602B0BDE81040FFF7AEBE0D
:105B90000222204602B0BDE81040FFF7A7BE94F9EC
:105BA0004330002B06DB074B1A689442D7D1002202
:105BB0001A60D4E720460191FDF76EFE0199002896
:105BC000F1D0CCE7EC3A002013460022FFF78EBE5E
:105BD00070B5D57F02F11C0335B10F2D09D1BDE899
:105BE00070400122FFF728BDBDE870400222FFF798
:105BF00023BD24230E4680F86031044600F0CAFB22
:105C0000337A092B05D1044B1A68944204BF002251
:105C10001A600023B37270BDEC3A002013460022D4
:105C2000FFF70ABD00230322FFF706BD002304226D
:105C3000FFF702BD70B5D37F012B05460C4607D098
:105C4000242380F8603100F0A5FB0023A37270BD0F
:105C50008B7A012B12D013F0FD0FF8D0154A16499C
:105C6000164840F227130DF067FE002383F31188D6
:105C7000BFF36F8F0323184602DF70BD02F11C01D2
:105C80002046FFF7A7F92846268CFBF7B3FF361A04
:105C9000B6B247F6FE739E4202D80223A37270BDCD
:105CA000282385F86031284600F074FB0023A37296
:105CB00070BD00BF94CA0200F4C002001CC0020004
:105CC00038B58B7A012B12D0022B0C4610D00BB3B7
:105CD000124A1349134840F227130DF02DFE0023FA
:105CE00083F31188BFF36F8F0323184602DF38BD9B
:105CF0000546FBF77FFF238CC01A0304F7D404F199
:105D000022012846FBF784FF284600F043FB0023CE
:105D1000A37238BD01238B7238BD00BF94CA020044
:105D2000F4C002001CC0020038B5D0F808318B4224
:105D300004460D4623D01C4A1C491D4878230DF00B
:105D4000FBFD002383F31188BFF36F8F03231846F5
:105D500002DFAB6913B11B792D2B15D0D4F80831B4
:105D600043B1D4F80C111A68C4F80821994208BF4D
:105D7000C4F80C212846BDE83840FDF703BA8B690A
:105D8000002BE8D10B46ECE7074A0A4908487D2377
:105D90000DF0D2FD002383F31188BFF36F8F03232F
:105DA000184602DFDAE700BFDCCA0200BCC9020005
:105DB0001CC00200D0C9020038B5D0F808512B7AB7
:105DC000013B04460B2B28D8DFE803F00606060645
:105DD00018181D131306220600222946FEF750FB51
:105DE000AB7B2BB129462046BDE83840FFF79CBF6E
:105DF00038BD00222946FFF711FFF1E700222946AE
:105E0000FCF72AFBECE700222946FDF79DF8E7E7BF
:105E100000222946FFF754FFE2E7084A08490948EB
:105E20004FF4E7730DF088FD002383F31188BFF36F
:105E30006F8F0323184602DFD2E700BFDCCA0200DF
:105E4000F4C002001CC0020070B5D0F8085104462E
:105E50001DB394F81431012B03D1022384F81031BF
:105E600070BD29462046FDF7B1F90028F5D0294636
:105E70002046FDF7B3F90646F0B1311D2846FEF77E
:105E800001FEF3796B7331462046FDF7BDF901231E
:105E9000AB73002384F8103170BD0F4A0F491048CE
:105EA00040F216230DF048FD85F31188BFF36F8F84
:105EB0000323184602DFCCE7074A0A4908484FF493
:105EC000EF730DF039FD86F31188BFF36F8F032355
:105ED000184602DFD1E700BFDCCA0200A8C90200F1
:105EE0001CC00200DCC6020070B5D0F808510446A0
:105EF000ADB394F81431012B03D1012384F8103190
:105F000070BD29462046FDF761F90028F5D02946E5
:105F10002046FDF763F9064600283CD02046FEF7F0
:105F200059FB2A7A037A934206F1040026D0082B03
:105F300026D02A2194F830311BB1D4F840315B07C8
:105F400023D4FEF725FFF3796B7331462046FDF726
:105F50005BF90123AB73002384F8103170BD154A3F
:105F60001549164840F206230DF0E6FC85F311882A
:105F7000BFF36F8F0323184602DFBAE72321D9E767
:105F8000092A14BF2A212321D4E70A4694F81711BD
:105F9000FEF70AFFD7E7074A094908484FF4EF73AD
:105FA0000DF0CAFC86F31188BFF36F8F03231846E8
:105FB00002DFB3E7DCCA0200A8C902001CC002006D
:105FC000DCC6020080F81611704700BF704700BFA2
:105FD0000020704790F81501003818BF0120704765
:105FE000D0F80801704700BF90F81401A0F101003B
:105FF000B0FA80F040097047B0F81831A0F81231BB
:10600000704700BF0023A0F81231704738B5D0F8B0
:106010000841A4B10546D5F80C212368C5F808311C
:106020009442214608BFC5F80C312846FDF75AF9BD
:106030002046FDF7A7F8D5F80841002CEBD138BD74
:10604000022938B5054612D004290C460AD0012988
:1060500000D038BDD0F80831002BFAD0BDE8384068
:10606000FFF7AABEFFF7D2FF85F8104138BDD0F880
:106070000841002380F815313CB100230122A5F826
:106080001231A27385F8103138BD074A0749084814
:1060900040F229230DF050FC84F31188BFF36F8F79
:1060A0000323184602DFE8E7DCCA0200A8C90200A1
:1060B0001CC00200F8B590F8103104460E46154693
:1060C000052B00F29F80DFE803F00E1607030B0399
:1060D000BDE8F840FFF7B4BFBDE8F840FFF7B4BE35
:1060E00003290CD0F8BD71B10429FBD1FFF78EFF55
:1060F00084F81061F8BDBDE8F840FFF7F5BE002355
:1061000080F81031F8BDD0F80871002FEAD03B7A42
:1061100090F816C190F843E0112B11D8414A0121A3
:1061200001FA03F0024052B30A2B21D0C3B184F824
:1061300015612046FFF740FE032384F81031F8BDB7
:10614000394A3A493A486B230DF0F6FB002383F3B2
:106150001188BFF36F8F0323184602DF3B7AE3E712
:10616000EB7F87F84C302046BDE8F840FFF76CBE67
:106170002046FFF721FE052384F81031F8BD10F406
:10618000386FDDD00A2BF3D0002BE9D0BCF1000F23
:1061900001D10E46CBE71EF0800F12D1BCF1010FEA
:1061A00022D0BCF1020F9DD12046FEF713FA3B7AB4
:1061B000027A9A4222D0082A1ED02A2384F860311B
:1061C000F8BDBCF1010FECD12046FEF703FA08B18F
:1061D000FF22C272012384F815312046FFF7ECFD3F
:1061E000032384F81031F8BDEB7F84F81731204683
:1061F000BDE8F840FFF778BE092BDED1232384F8F1
:106200006031F8BD084A094909484FF443730DF05D
:1062100093FB002383F31188BFF36F8F032318468A
:1062200002DFF8BD7FF40300DCCA0200F4C0020004
:106230001CC0020038B50C468969054610461A464E
:10624000237AF1B10C2B57D8DFE803F00D070707CD
:10625000073C3C484242074E070021462846FEF7CD
:1062600005F9A16921B10B792D2B1CBF0023A36176
:10627000A37B2BB121462846BDE83840FFF754BD2B
:1062800038BDA26120610C2B36D801A151F823F052
:10629000F56201005B6201005B6201005B6201006C
:1062A0005B620100C5620100C5620100DD620100A0
:1062B000D1620100D16201005B620100E96201006C
:1062C0005B62010021462846FCF796F8A169C9E700
:1062D00021462846FFF77CFCA169C3E721462846F2
:1062E000FCF714FEA169BDE721462846FFF7A2FC92
:1062F000A169B7E71146B5E7084A094909484FF4CB
:10630000A1730DF019FB002383F31188BFF36F8F86
:106310000323184602DFA169A4E700BFDCCA02001C
:10632000F4C002001CC0020038B50B7A072B0C46E3
:1063300005460ED00C2B01D1FEF79EF8A37B002260
:1063400062612BB121462846BDE83840FFF7ECBC1E
:1063500038BDFCF7FDFDF1E738B50B7A072B0C468D
:10636000054608D0A37B2BB121462846BDE838401E
:10637000FFF7DABC38BDFCF7EFFDF3E7042200239A
:1063800080F81021A0F81231704700BF00220121CF
:10639000FFF790BE00220221FFF78CBE00220321EE
:1063A000FFF788BE00220421FFF784BEF0B5044643
:1063B00083B00E4615467BB1D37F1B2B31D8DFF857
:1063C00098C090F843100CEB4307C9097F781AB2C4
:1063D00001238B403B402BD11846FCF7AFFF07460B
:1063E000E8B100230360D4F80C31E3B11860C4F8BD
:1063F0000C012A4600212046FFF75CFEBB7B1BB147
:1064000039462046FFF790FCD4F8081139B12B46E5
:106410003246204603B0BDE8F040FFF70BBF03B0A3
:10642000F0BD0023D8E7C4F80801C4F80C01E0E788
:106430001CF812300A2BCFD10193FFF7E7FD0022A1
:10644000A4F8122184F8152184F810212046FEF7C3
:10645000E7FA019BC0E700BF24CB020010B5044659
:10646000FFF7D4FD0023A4F8123184F8153184F825
:10647000103110BD10B50C4630B994F884316FF36B
:10648000000384F8843110BD0A4A0B490B4840F2DE
:10649000A2230DF051FA002383F31188BFF36F8F0D
:1064A0000323184602DF94F884316FF3000384F865
:1064B000843110BD5CCB0200A4CB02001CC00200E2
:1064C00000B9704708B5084A0849094840F29A23BC
:1064D0000DF032FA002383F31188BFF36F8F03238B
:1064E000184602DF08BD00BF5CCB020094C5020065
:1064F0001CC00200012800D0704710B50C46F8F708
:106500004DF884420ED0084A0849094840F29223C7
:106510000DF012FA002383F31188BFF36F8F03236A
:10652000184602DF10BD00BF5CCB0200B8CB0200F2
:106530001CC002002DE9F843099C9DF820900546F7
:10654000208E4FF6FF71884225D02946204690467E
:106550001F46FBF7DBF8F0B926780136F6B2267055
:106560005EB31D491D4B0F8104F11C000022C86061
:10657000C1E9005881F80A90996001201146F5F7A9
:10658000ADFC50B9FF20FBF7F5F82046FF21BDE830
:10659000F843FBF7C7B9BDE8F883114A114912481F
:1065A0004FF413730DF0C8F9002383F31188BFF380
:1065B0006F8F0323184602DFE4E7094A0B490A48B4
:1065C00040F23F230DF0B8F986F31188BFF36F8FC7
:1065D0000323184602DFC4E7D83E002088070020C6
:1065E0005CCB0200D0C002001CC00200C0C402008C
:1065F000438F43B110B590F8843113F0010488B093
:1066000002D008B010BD7047124A43F0010380F871
:10661000843103310123CDE90442CDE902430690E0
:10662000CAB2CDE90044234603212046F6F784FF91
:1066300010F0FD0FE5D0084A0849094840F205234B
:106640000DF07AF984F31188BFF36F8F0323184696
:1066500002DFD6E7756401005CCB020000C60200D1
:106660001CC0020038B50C461546FAF7D5FC48B1F7
:106670001CB1BDE83840FDF74DB82946BDE83840AB
:10668000FDF722B8022038BD38B50C461546FAF79A
:10669000C3FC58B190F94330002B05DA2A46214655
:1066A000BDE83840FCF744BF0C2038BD022038BD9F
:1066B000064B074A10B41F204FF0FF3425211C6001
:1066C000187111705DF8044B704700BFE83E002060
:1066D000B85B002030B5044600789DF80C5002FBF2
:1066E00001111F4A014482FB01020A44521102EBCC
:1066F000C20002EB80028A1AD0B2C1082070595C35
:1067000002F0070241FA02F212F001021FD1B0FBBF
:10671000F5F405FB1404E4B25D1E1046043300F1E9
:10672000080E15F8011F5FFA8EFE024611F0010FE8
:1067300002F1010C4FEA510102D04CB1013CE4B22C
:106740005FFA8CF27245F1D110469D42E7D130BD1F
:10675000C11D891AC9B207291046F6D830BD00BF3D
:10676000A7C867DD4288008850407047F0B5344DB7
:10677000344C48404FF0030C060A5FFA80FE0EEBE3
:106780008E2E06EB862004EA401705EA400605EA4D
:106790004E0004EA4E1E3E4340EA0E0000EB002786
:1067A00006EB062E06EB0E2600EB0720360CC0F398
:1067B000074040EA062000EB00100CF1FF3C0844C3
:1067C0001CF0FF0C80B2D7D141401F48A0FB014014
:1067D0000C1A00EB5400400900EBC00400EB8400ED
:1067E000081AC0F3C40400F00705145D2C41E40747
:1067F000C0B21CD401FB03F3561EC3F3074304329B
:10680000604600F1080516F801CFEDB201461CF014
:10681000010F01F101044FEA5C0C02D043B1013BCE
:10682000DBB2E1B2A942F2D108469642E9D1F0BD0D
:106830000730401AC0B207280846F6D8F0BD00BF9E
:1068400010210200408408004D91CFBA1A491B481C
:106850002DE9F0410023451EA1F1020C012606E0BE
:106860000133082B01F1060100F1280022D003EBCF
:10687000830215F83220D407F2D59CF800409CF82A
:1068800001E0D0F80080C2F3801206FA03F79A40C4
:1068900001333C434EEA020287888F80082B8CF834
:1068A00000408CF8012001F1060141F8068C00F14E
:1068B0002800DCD1BDE8F081F63E0020E13F002059
:1068C0002048214A2DE9F047204FDFF8848000233B
:1068D000951EA0F1020C012615F83310C90706FA1F
:1068E00003F926D53C7812F8011C4CB1072901EBBD
:1068F000810405D818F834104C0701D5C90618D5FD
:1069000015F833109CF801E09CF80040D2F800A084
:10691000C1F3400199404EEA010144EA0904B2F88A
:1069200004E08CF800408CF80110A0F804E0C0F8F6
:1069300000A00133082B00F1060002F10802CBD1C0
:10694000BDE8F0876241002022410020BA5B0020B0
:10695000E03F00200820704738B50020FAF72AF8F9
:10696000C8B90E4C0E4D621E14F83030072B03EBE5
:10697000830105D815F831306FF3451305F8313030
:1069800012F830306FF3000302F83030013008287D
:10699000EAD1002038BD0C2038BD00BF21410020C5
:1069A000E03F00202DE9F04F804683B00020FAF749
:1069B00001F8002875D198F80030FF2B054663D008
:1069C0003D4E08F101094FF0FF0A0446B71E03F0DF
:1069D000010B06E059455AD00134082C06F108068F
:1069E0000FD017F83420C2F34001D207F2D4BAF125
:1069F000FF0F08BF5FFA84FA0134082C06F108067D
:106A0000EFD1BAF1070F52D817F83A2063F34102D9
:106A100007F83A20022314FB0A34D8F801303B511E
:106A20003C44B9F80430A38098F800B0234C0BF034
:106A3000010B661E04E00135082D04F1280434D052
:106A400005EB85034FEAC30816F83330C3F3801211
:106A5000DB07F0D55A45EED120460622494613F011
:106A6000B8FA0028E7D116F8083043F0200306F8FA
:106A70000830EDB217F83A3007EBCA0243F00103D1
:106A800007F83A305570002003B0BDE8F08F30466B
:106A900006224946019313F09CFA019B00289BD1E2
:106AA000F1E70C2003B0BDE8F08FFF25E2E70720F7
:106AB00003B0BDE8F08F00BF22410020E13F00207D
:106AC0002DE9F04106460020F9F774FFC8BB96F89F
:106AD0000080B8F1FF0F04462ED01B4D0136AF1ECB
:106AE00008F0010804E00134082C05F1080525D060
:106AF00017F83430C3F34002DB07F4D54245F2D136
:106B000006222846314613F064FA0028EBD107EB41
:106B1000C4035B78072B08D80C4A03EB830312F8F5
:106B2000331060F3451102F8331017F834306FF367
:106B3000000307F834300020BDE8F0810220BDE8F2
:106B4000F0810C20BDE8F08122410020E03F0020D0
:106B500007282DE9F8430446884615461BD81D4EE4
:106B600004EB84034FEA840916F8333013F001076D
:106B700021D0A144012216F83930C3F3801388F8DC
:106B80000030282313FB0423F218F3582B6093885A
:106B9000AB80BDE8F883104A104911484FF48C735C
:106BA0000CF0CAFE002383F31188BFF36F8F032319
:106BB000184602DFD3E7084A0A49094840F2191388
:106BC0000CF0BAFE87F31188BFF36F8F03231846CA
:106BD00002DFCEE7E03F0020E8CB02002CCC020031
:106BE0001CC0020038CC02000820704710B50020FD
:106BF000F9F7D4FE88BB1A4B1A4C197893F8282061
:106C0000207060F3000160F30002197083F82820FF
:106C100093F8501093F8782060F3000160F30002BD
:106C200083F8501083F8782093F8A01093F8C820C8
:106C300060F3000160F3000283F8A01083F8C8201D
:106C400093F8F01093F8182160F3000160F300024C
:106C500083F8F01083F8182110BD0C2010BD00BF80
:106C6000E03F0020B95B00202DE9F04F83B0834660
:106C70000020CDF800B0F9F791FE002856D11BF89E
:106C8000012BDFF83481019202F00103044608F180
:106C9000FF391E4604E00134082C08F1280841D0D1
:106CA00004EB840209EBC20519F83270FB074FEAC6
:106CB000840AC7F38012EED5B242ECD140460622D8
:106CC000594613F086F90028E5D13E467607019A29
:106CD00007462FD4354D02F00108AE1E04E00137FF
:106CE000082F05F1080512D016F83730C3F340021B
:106CF000DB07F4D54245F2D106222846594613F067
:106D000068F90028EBD106EBC706FF237370A24495
:106D1000002019F83A306FF3000309F83A3003B055
:106D2000BDE8F08F022003B0BDE8F08F0C2003B067
:106D3000BDE8F08FDFF884C09CF800305E1E023B97
:106D4000062BF6B203D895F81780B04502D18CF81F
:106D50000060BFE7164A019002EB061302EB08122F
:106D600015460FCBDFF858E085E80F003D4605EBF0
:106D7000850309EBC30219F83330D80705D5590745
:106D800003D59EF81730B34207D00135082D0EF118
:106D9000280EECD1009B1A78D9E7009B82F8178067
:106DA0001A78044B03F80850D1E700BF22410020B5
:106DB000603F0020583F0020E13F0020B95B0020E9
:106DC000E03F00202DE9F8431D465B7903F0C00346
:106DD000402B01D0BDE8F8830F46F1B1DFF8B09049
:106DE000002400F0010609F1FF3804E00134082C0A
:106DF00009F12809EED004EB840318F83330D907E1
:106E0000C3F38012F2D5B242F0D106224846394689
:106E100013F0DFF80028E9D1E2B2072ADAD8DFF868
:106E2000748002EB820318F83330DB07D2D502EB13
:106E30008202D40004F11803286848F8030008EB24
:106E40000306AB88B3800020FAF7E6F880B100F2C1
:106E5000B11506223146284613F0BBF840B901347B
:106E600008EB040358F804202A609B88AB80B1E744
:106E70000120FAF7D1F80028ACD000F2B1150622B3
:106E80003146284613F0A5F80028A3D1E7E700BF54
:106E9000E13F0020E03F00202DE9F84F82461A4EE6
:106EA0001AF8018B8946002408F00108771E03E0D8
:106EB000082C06F128061BD004EB8402D50017F835
:106EC0003230C3F38012DB0704F10104F0D54245F0
:106ED000EED106225146304613F07BF88346002857
:106EE000E6D118357C1906212046F4F765FF10B964
:106EF0000220BDE8F88F7859C9F80000A388A9F8E6
:106F000004305846BDE8F88FE13F00202DE9F047F6
:106F10008246174E1AF8018B8946002408F00108B2
:106F2000771E03E0082C06F128061DD004EB84022E
:106F300007EBC20517F83230C3F38012DB0704F108
:106F40000104EFD54245EDD106225146304613F0FB
:106F500040F80028E6D16B6A1A68C9F800209B88BF
:106F6000A9F80430BDE8F0870220BDE8F08700BF33
:106F7000E13F002010B504460020F9F70FFD40B9AD
:106F80001CB1012C01D0122010BD034B1C7000203D
:106F900010BD0C2010BD00BFBA5B0020034B4FF4A6
:106FA0007A7202FB00F01860704700BFF03E0020CC
:106FB0002DE9F047824600208846F9F7EFFC90BBA8
:106FC0001D4E1AF8019B044609F00109771E03E0E3
:106FD000082C06F1280620D004EB8402D50017F80F
:106FE0003230C3F38012DB0704F10104F0D54A45C7
:106FF000EED130460622514612F0EBFF0028E7D1D1
:10700000B8F1000F12D0B8F1010F09D17B5D43F048
:1070100010037B550020BDE8F0870220BDE8F08713
:107020001220BDE8F0870C20BDE8F0877B5D68F397
:1070300004137B55EEE700BFE13F0020034A044BF9
:10704000002814BF10461846704700BF604100205A
:10705000F43E0020A8B110B50B4A12684FF400436B
:1070600040F2E7300021E2FB03014FF47A72002383
:10707000E9F746F8BDE8104002460B46034809F020
:1070800095BD024812F0DCBBF03E0020901F0020AE
:1070900008B5094B00221A8030B9084B084A1B7802
:1070A000002111801BB908BDFFF70AFCF5E7BDE818
:1070B0000840FFF7CBBB00BF60410020BA5B002057
:1070C000F43E00202DE9F04F834687B012F037FDE3
:1070D0004A0143011B1A42EAD06262EB01029200AC
:1070E00042EA93729B001B1841EB02094FEAC9095F
:1070F00049EA5379C3F3103343EA49434FEAD93994
:10710000BBF1000F16D1644AD2E90012B2F1FF3F81
:1071100008BFB1F1FF3F0DD060480068591A69EB14
:107120000202814272F10002ACBF4FF0010A4FF03F
:10713000000A01E04FF0010A594ECDF804B0DFF823
:1071400074810024F71F9B460DE0254417F8353065
:1071500043F0020307F835300134082C08F1060823
:1071600006F1280625D004EB8403A50017F8333078
:10717000DA07F1D5BAF1000F01D19807ECD42B1939
:1071800017F83330590750D42B1917F833301A0732
:10719000DBD502A930460CF088FF00286CD1BDF881
:1071A0000C300298A8F80430C6F81D80C8F800001A
:1071B000CBE75B46DDF804B0BAF1000F02D0364AE7
:1071C000C2E90039BBF1000F08D00020F9F7D8FB65
:1071D000044618B194F86A305B0702D407B0BDE8E2
:1071E000F08F94F82630072BF8D8FF238DF808305D
:1071F00094F8293004EB830302A9DE6A04F1280025
:1072000001F008FB727805460232314613F02EF881
:1072100029462046F9F7DEFB9DF80830FF2BDDD02C
:1072200084F8293007B0BDE8F08F317C1D4B0F2268
:1072300002EB01121A440DF117000DF1070312F8C9
:10724000011903F8011F8342F9D106F1170102A8C1
:107250000CF02BFF002897D0134A1449144840F231
:10726000F3230CF069FB002383F31188BFF36F8FC6
:107270000323184602DF87E70B4A0C490C4840F20B
:1072800001330CF059FB002383F31188BFF36F8F98
:107290000323184602DF82E7C01F0020F03E0020D3
:1072A000E73F0020603F0020E8CB0200D0C0020092
:1072B0001CC00200283F002010B50120FFF702FF8C
:1072C0000A4A12684FF4004340F2E7300021E2FB23
:1072D00003014FF47A720023E8F712FFBDE8104073
:1072E00002460B46024809F061BC00BFF03E002098
:1072F000901F0020072815D8F8B500EB8003124D29
:1073000015F833301A0704464FEA8006C3F3C0006D
:1073100007D5C3F340079B0706D5264405EBC603F4
:10732000586AF8BD00207047084A094909484FF4D7
:107330004A730CF001FB87F31188BFF36F8F0323AF
:10734000184602DFE9E700BFE03F0020E8CB02007B
:107350004CCC02001CC0020007280CD800EB8003B4
:10736000064A12F833104B0705D5282303FB0022E9
:1073700002F11E0070470020704700BFE03F002070
:107380002DE9F047894616460AB1FF231370154DC3
:10739000002400F0010805F1FF3A09E01EB133783E
:1073A000FF2B08BF37700134082C05F1280514D0D5
:1073B00004EB8403E7B21AF83330C3F38012DB071F
:1073C000ECD54245EFD106222846494612F001FE8F
:1073D0000028E8D13846BDE8F087FF273846BDE8E9
:1073E000F08700BFE13F00202DE9F04F074685B050
:1073F00000200E469046F9F7D1FA002874D1BA461B
:1074000004461AF8010B0DF10F025146FFF7B8FFC1
:10741000072840F2BB809DF80F90B9F1070F79D88B
:1074200009EB8902D2005B4DD7F801100192531C81
:1074300009EB890BE9502B44BAF8041099803B788A
:1074400015F83B10009263F38611A95430461021C1
:10745000F4F7B2FC009BE95C60F38201E95440461A
:107460001021F4F7A9FC009B019AE95C00F00100EF
:1074700060F3C30111F0040FE95405EBCB0B4FEAA5
:1074800089034BD1002868D118320021A9502A4421
:10749000414E918003EB090215F8321021F01201E0
:1074A00005F8321097F80080B71E08F0010804E0D4
:1074B0000134082C06F108061AD017F8342012F00F
:1074C000010BC2F34001F3D04145F1D13046062211
:1074D0005146009312F07DFD009B0028E8D107EB98
:1074E000C40787F8019005E00C2005B0BDE8F08FD7
:1074F0004FF0000B4B444FEA4B1215F8331042F09B
:10750000010221F021010A43002005F8332005B0D3
:10751000BDE8F08F072005B0BDE8F08FDFF87CE014
:10752000DFF87CC09EF800108BF817100CF8019063
:10753000DFF870B04FF0FF3C0CEB011C01318EF80E
:107540000010DC4406F10F01013E11F801E90CF8CE
:1075500001EFB142F9D1002896D0D61DA81903EB4E
:107560000901D8F800B0D8F804E0D8F808C0D8F875
:107570000C8045F806B005EBC101C0F804E0C0F886
:1075800008C0C0F80C80002048627DE7122005B0DA
:10759000BDE8F08FE03F002022410020B95B0020D1
:1075A000583F0020603F0020072807D8044B00EB1D
:1075B000800013F83000C0F3C0007047002070470F
:1075C000E03F0020024B1B7803700248704700BF69
:1075D000B95B0020603F002038B5234B1B78834205
:1075E00004460DD9214B1C5D072C1CD8204B04EB05
:1075F000840213F8323013F0010524D0204638BD40
:107600001C4A1D491D4840F287330CF095F90023B0
:1076100083F31188BFF36F8F0323184602DF134BE8
:107620001C5D072CE2D9134A1549144840F28933EE
:107630000CF082F9002383F31188BFF36F8F0323CB
:10764000184602DFD2E70B4A0E490C4840F28A3353
:107650000CF072F985F31188BFF36F8F032318467E
:1076600002DF204638BD00BFB95B0020583F002034
:10767000E03F0020E8CB0200DCCD02001CC002008D
:10768000FCCD0200D0CD0200072825D8F8B5134F55
:1076900000EB8003044617F8333013F001054FEA7E
:1076A000800605D0264417F83600C0F34010F8BD18
:1076B0000B4A0C490C4840F295330CF03DF985F328
:1076C0001188BFF36F8F0323184602DF264417F893
:1076D0003600C0F34010F8BD00207047E03F0020A6
:1076E000E8CB020038CC02001CC002001378FF2B4C
:1076F00019D12DE9F047194D0446AE46002303EB9E
:10770000830C9E0015F83CC01CF0010003D0CCF3A4
:10771000801CA44509D00133082B0EF1280EEED1B0
:107720000120BDE8F0870120704701F1FF3877465E
:107730004FF0000C17F801AF18F8019FCA450CF183
:10774000010CE8D1BCF1060FF4D11E44137015F8FA
:1077500036305A07E5D5C3F30010E2E7E03F0020DA
:10776000024B1878003818BF01207047BA5B002020
:1077700000F012BB08B5002302F052FF002008BD44
:10778000684620F007018D4601B502F0F9F8EDF7E3
:10779000C3FCBDE801408546704700BF08B50A4BF1
:1077A000D3F840213AB90120F4F7F6FBBDE80840D0
:1077B0000220F4F7F1BB0020C3F84001D3F84031B8
:1077C000F5F724FEEFE700BF00B000400020F4F71B
:1077D000E3BB00BF70B508BB214B224C1A7821785F
:1077E0009142D3B20FD0204A2049214840F234437D
:1077F0000CF0A2F8002383F31188BFF36F8F0323EB
:10780000184602DF23781B4E1B4D3278013323705C
:107810002B78934212D033782B7070BD124A1749DF
:10782000134840F22F430CF087F8002383F31188AC
:10783000BFF36F8F0323184602DFCDE70A4A1049D2
:107840000B4840F23A430CF077F8002383F3118899
:10785000BFF36F8F0323184602DF33782B7070BDA0
:10786000BB5B0020BC5B002004CE02004CCE0200BB
:107870001CC00200C05B0020BF5B002094C502005A
:1078800068CE020070B51A4E1A4D33782A789A42A3
:1078900004460BD033782B70174E184D1CB9337833
:1078A0002A789A4212D033782B7070BD144A154949
:1078B000154840F21B430CF03FF8002383F3118876
:1078C000BFF36F8F0323184602DFE3E70C4A0F492B
:1078D0000D4840F226430CF02FF884F31188BFF3D3
:1078E0006F8F0323184602DF33782B7070BD00BF03
:1078F000BE5B0020BD5B0020BB5B0020BC5B0020AA
:1079000004CE020090CE02001CC00200B8CE0200DD
:1079100002F044B938B5194C194D237829788B42B7
:107920001AD0184B21700022059999600120114648
:10793000F4F7D4FA00B938BD134A1449144840F298
:10794000B3430BF0F9FF002383F31188BFF36F8F6C
:107950000323184602DF38BD0B4A0E490C4840F29B
:10796000AD430BF0E9FF002383F31188BFF36F8F62
:107970000323184602DF2978D3E700BFBB5B002052
:10798000BC5B00209807002004CE0200F0C102007A
:107990001CC00200D4CE02002DE9F04F494A4A4FE4
:1079A00012783B789A428BB00C4605D1474B484A37
:1079B0001B7812789A4271D0E368D4F800801B6873
:1079C000DFF83091DD68D3E9012191422CBFC5EB8E
:1079D0000105C5EB020508EB050626F07F46D9F840
:1079E00000103046F5F748FE10F4000002D10BB04D
:1079F000BDE8F08F374A384B11781A78914232D16E
:107A0000324A33491278097891422CD01A780132DF
:107A10004FF0000AD2B21A705146304BCDF800A098
:107A200052465046F5F7A0FD10F0FD0F1BD02C4A32
:107A30002C492D4840F29F430BF07EFF8AF31188BA
:107A4000BFF36F8F4FF0030B584602DF244A2549DE
:107A5000254840F267430BF06FFF8AF31188BFF3AC
:107A60006F8F584602DFE368C9F8006006931F4B2A
:107A70000022CDE907321E4BCDE90222CDE90423D5
:107A8000CDE900523C780134E4B243461146104639
:107A90003C70F5F7D5FC0BB0BDE8F08FC368D0F8AB
:107AA00000801A68DFF84C90D568D2E9011088424E
:107AB0002CBFC5EB0005C5EB010508EB050626F05C
:107AC0007F46D1E7BF5B0020C05B0020BB5B00208E
:107AD000BC5B0020BD5B0020BE5B00208578010000
:107AE00004CE0200D4C302001CC00200D5770100FE
:107AF000157901009C410020804A9368002B7ED0BC
:107B00002DE9F04F136889B082467BB14FF0FF3307
:107B10008DF80A3003E0067F16F0030609D00DF158
:107B20000A00F6F793FE05460028F4D109B0BDE837
:107B3000F08FC368534576D00768B146B04602E07F
:107B4000037F990722D00DF10A00F6F77FFE044665
:107B50000028F5D1B8F1000F08BFA84641464046BD
:107B6000FFF71AFF30F00203E0D0654A6549664826
:107B700040F2FA430BF0E0FE84F31188BFF36F8FFD
:107B80000323184602DF09B0BDE8F08FC368B9F1DE
:107B9000000F0ED0534527D0D4F800B039465846D0
:107BA000F5F76AFD00F4000000281CBFA0465F4600
:107BB000C9E79A458146EFD12B7FE96843F002037C
:107BC0002B772846AB699847FF238DF80A3003E0EE
:107BD000037F13F0030413D00DF10A00F6F736FE0D
:107BE00005460028F4D1A1E72B7FE96843F00203A2
:107BF0002B772846AB699847A14587D1E4E77047C2
:107C0000C36853450FD03E4A40493F4840F21D5398
:107C10000BF092FE84F31188BFF36F8F0323184695
:107C200002DFD5F80CA0354A50465368116803AA04
:107C300098470446F0B110F1100F3FF477AF2F4A88
:107C4000002093681168984714F10B0F1BD08C34F7
:107C50003FF46CAF2A4A2E492B4840F25A530BF09E
:107C60006BFE002383F31188BFF36F8F0323184645
:107C700002DF5BE72B7FAA69E96843F002032B77F9
:107C80002846904752E70224FF258DF80B500DF14E
:107C90000B00F6F7DBFD98B1037F9A07F7D40EB916
:107CA000DB07F4D4154AC36811689942EFD1037F0A
:107CB00043F002030377836998478DF80B50E6E79A
:107CC0000126B44201D03446DFE70C4D039B2868FF
:107CD00000940021CDE9041106910790296004AABF
:107CE000D5E90101F6F76AFD044600287FF41EAFCE
:107CF000034A084904484FF4AB633BE7A041002026
:107D000004CE0200D4C302001CC00200F0CE020068
:107D10001CCF020014CF020010B5154811F0B0FAC4
:107D200010B3144B00249C6000F03EFB00281ADBCB
:107D3000214601202246EDF707FC22460B200121B7
:107D4000EDF702FC224621461820EDF7FDFB01204D
:107D5000EDF7CAFB0B20EDF7C7FB1820EDF7C4FBCE
:107D600001F03EFE204610BD6FF0120010BD00BFB6
:107D700058A60200A041002008B500F025FB00280D
:107D800009DB0120EDF7BEFB0B20EDF7BBFB182054
:107D9000EDF7B8FB002008BD034603488AB2194638
:107DA00083681B68184700BF58A6020030B4074D0F
:107DB000AB685C6834B18AB2A44601460023284609
:107DC00030BC60476FF0850030BC704758A6020099
:107DD00030B4074DAB685C6834B18AB2A446014642
:107DE0000023284630BC60476FF0850030BC7047E8
:107DF00058A602000020704730B5254B83B00446DA
:107E000070B31A68824225D0FF250DF107008DF866
:107E10000750F6F71BFD38B91AE0A1420AD00DF160
:107E20000700F6F713FD98B1037F9B07F7D4C168ED
:107E3000002CF2D1037F826943F00203037790475D
:107E40000DF107008DF80750F6F700FD0028EBD183
:107E500003B030BD9D6865B101460020A847D3E757
:107E60009D68002DD0D019680029CDD00020A847EA
:107E7000CAE7084A0849094840F2BF130BF05CFD05
:107E800085F31188BFF36F8F0323184602DFBBE72A
:107E9000A041002004CE020028CF02001CC0020036
:107EA0000020704738B50446F6F7C2FC64B10546B9
:107EB00020B324680020F6F7E3FC2046F6F786FDA1
:107EC000044658B1002038BD1B4DAC682CB32C685B
:107ED0000023AB602B60002CEBD1EBE7174A18496D
:107EE00018484FF40C730BF027FD84F31188BFF38F
:107EF0006F8F0323184602DF002038BD0F4A124956
:107F0000104840F2F9130BF017FD85F31188BFF309
:107F10006F8F0323184602DFCBE7084A0B49094855
:107F20004FF4FF730BF008FD84F31188BFF36F8FDC
:107F30000323184602DFCAE7A041002004CE020056
:107F400054CF02001CC0020030CF020040CF02001C
:107F5000D0E90132002A04DB9A4238BF1A461046A3
:107F60007047C068984238BF1846704710B514462D
:107F7000F5F780FB2146F5F77FFB034610F4000080
:107F800004D10333092B88BF184610BD002010BD53
:107F9000262810B504461CD0272812D0252808D042
:107FA0000A281ED9272821D80330400001F066FD99
:107FB00002E0022001F062FD2046BDE8104001F021
:107FC00063BD502001F05AFD2046BDE8104001F08D
:107FD0005BBD1A2001F052FD2046BDE8104001F0C3
:107FE00053BD0230400001F049FDE5E7074A08496A
:107FF000084840F2A2230BF09FFC002383F3118872
:10800000BFF36F8F0323184602DFD5E704CE0200CB
:10801000F4C002001CC0020001F094BD01F09ABD42
:1080200008B501F0BBFDBDE8084001F023BF00BF6B
:1080300008B501F0B3FD01F01DFFBDE8084001F0F7
:10804000C1BE00BF08B501F0A9FD01F013FF01F0AA
:10805000F7FE02F0FBF8BDE8084001F0B3BE00BF38
:1080600008B50146184801F09BFC01F0CDFD60B158
:1080700001F096FF01F0ECFC00F0EAF900280EDBBD
:10808000BDE808400020FFF70DBF01F071FD01F0D1
:1080900087FF01F0DDFC00F0DBF90028F0DA0B4A85
:1080A0000B490C4840F21E330BF046FC002383F3CF
:1080B0001188BFF36F8F0323184602DF0020BDE84D
:1080C0000840FFF7EFBE00BF1179010004CE0200A7
:1080D0005CCF02001CC0020010B5044601F05EFD3A
:1080E00001F0C8FE01F0ACFE02F0B0F801F06AFE4B
:1080F0002046BDE81040FFF7B3BF00BF08B50146FA
:10810000144801F04DFC01F07FFD40B100F0A0F9F2
:1081100000280ADBBDE808400020FFF7C3BE01F0DD
:1081200027FD00F095F90028F4DA0B4A0B490C48BA
:1081300040F22D330BF000FC002383F31188BFF3D2
:108140006F8F0323184602DF0020BDE80840FFF7C9
:10815000A9BE00BF1179010004CE02005CCF02006D
:108160001CC002002DE9F04F89B01F46FF239DF887
:1081700048B08DF81F3080468946924602E0037F62
:108180009C0722D00DF11F00F6F760FB0028F6D106
:10819000684DAB680446002B40F08180FB682B6083
:1081A000C5E901893846D047054603E0037F13F04F
:1081B000030356D00DF11F00F6F748FB01460028D7
:1081C000F4D1284609B0BDE8F08F05683E689DF8F7
:1081D0001F300593044629463046F5F74DFABBF1AA
:1081E000000F01D1010254D4BC4214BF2646002620
:1081F00002E0027F920724D00DF11F00F6F726FB64
:108200000028F6D14B4D059B8DF81F30AB68002B35
:1082100046D1002E44D1002CC0D0BBF1000F66D156
:10822000BC42BBD0444A4549454840F2B2330BF00A
:1082300083FB8BF31188BFF36F8F0323184602DF94
:10824000ACE702680490294610460392F5F714FA49
:10825000039A049B00F4000000281CBF15461E462C
:10826000CAE71C46FFF798FB30F00203A9D0324A58
:108270003449334840F2D2330BF05EFB84F311886B
:10828000BFF36F8F0323184602DF284609B0BDE80D
:10829000F08FFF23354605935C465E46ACE72646E5
:1082A0004946CDF800B053463A464046F6F786FABE
:1082B000014638B3BBF1000F16D1002E35D0304641
:1082C000FFF76AFB30F002030ED01B4A1D491C4821
:1082D00040F28D330BF030FB002383F31188BFF3A2
:1082E0006F8F0323184602DF6FF0760569E7CDF83C
:1082F00000B053463A4649464046F6F75FFA06460E
:108300000028F1D10C4A10490D4840F27B330BF0A4
:1083100013FB002181F31188BFF36F8F03231846ED
:1083200002DFBBF1000FC8D0DEE7002C14BF2646E9
:108330000E46C4E7A041002004CE020070CF020028
:108340001CC00200D4C3020068CF020001F110007B
:1083500008F0AAB970B505468AB00C460122002182
:1083600004A811F080F90F4B0193002603236946FE
:108370002846039602930BF0E3FB002810DB4FF432
:108380000043314640F2E730E4FB03014FF47A72D8
:108390000023E7F7B5FE02460B4604A808F0BEF935
:1083A0000AB070BD4D83010010B5012004F00AF938
:1083B0000449002301244B608C60CB60BDE8104071
:1083C0000BF0BEBBB041002010B5012004F0FAF85C
:1083D000044904460BF02FFC2046BDE810400BF08A
:1083E00006BC00BFB04100200C4B1A780AB1002037
:1083F000704710B50120187004F0E4F84FF4FA71DA
:108400000446FFF7A7FF38B920460BF0F0FB02281F
:108410000CBF00206FF0040010BD00BFC15B002046
:1084200008B50A4BBFF35B8F53E8002F511C43E89C
:1084300000100028F8D1BFF35B8F002A01DD002077
:1084400008BD04F0C7F8002008BD00BFAC41002003
:1084500008B50C4B1A68002A11DDBFF35B8F53E897
:10846000002F511E43E800100028F8D1BFF35B8FA6
:10847000012A01DD002008BD04F0C2F8FAE76FF020
:10848000770008BDAC41002032207047014B33F823
:1084900010007047A4CF020010B50446FFF7D2FDCC
:1084A00001F0C4FC2046BDE81040FFF7D9BD00BF75
:1084B00030B583B00546FFF7B3FD962001F0EAFC26
:1084C000002318461A46194601F00EFC0120F6F763
:1084D00019F90446002845D004F11C0001F026FBE0
:1084E00001F072FBE0B92748294601F059FAFFF77D
:1084F00037F960BB01F0A8FD00210446084601F0F1
:108500002BFB00210546084601F022FB2C44CB340E
:10851000201A01F051FD03B0BDE8304001F086BDE6
:10852000194A1A491A4840F29C430BF005FA0023F5
:1085300083F31188BFF36F8F0323184602DF1148BE
:10854000294601F02DFAFFF70BF90028D2D00DF1E2
:108550000700FFF737F8002201469DF8070001F0F9
:1085600033FEC7E7084A0B4909484FF493630BF001
:10857000E3F984F31188BFF36F8F0323184602DFFA
:10858000AAE700BF3D8C0100B4CF020008D0020072
:108590001CC0020000D00200814208B50ED00B7A48
:1085A000DB0702D46FF08B0008BD134B1360FFF79D
:1085B00037FF00280FDB6FF00A0008BD0B7B01EBD3
:1085C00083010B691B7803F00F03012B14BF6FF0BD
:1085D0008B00002008BD094A09490A4840F251436E
:1085E0000BF0AAF9002383F31188BFF36F8F0323E5
:1085F000184602DFDFE700BF458A0100B4CF020062
:108600005CCF02001CC0020010B50446FFF71AFD43
:1086100001F00CFC2046FFF723FD0C4B002101224A
:1086200008469C60F3F75AFC00B910BD084A094996
:10863000094840F2B1530BF07FF9002383F311880E
:10864000BFF36F8F0323184602DF10BDA807002079
:10865000B4CF0200F0C102001CC0020010B5E8B1A6
:108660000C46FFF7F5FE002804DB2046BDE810406D
:10867000FFF718BC0D4A0E490E4840F277430BF045
:108680005BF9002383F31188BFF36F8F0323184630
:1086900002DF2046BDE81040FFF704BC064801F0A9
:1086A0007FF9BDE8104001F063BA00BFB4CF02000B
:1086B0005CCF02001CC0020099840100084B042218
:1086C00010B598182821F3F70FFB064B00249C8166
:1086D00002222146044810F0C6FF204610BD00BF0C
:1086E000F0410020E0410020C8410020084B042256
:1086F00010B598182821F3F7F7FA064B00249C814F
:1087000002222146044810F0AEFF204610BD00BFF3
:10871000F0410020E0410020C841002010B504468F
:108720000548F3F707FB20B103460020587063604B
:1087300010BD6FF00B0010BDF0410020034600207B
:10874000187058709860704738B52B4D2B7B6A7B3A
:108750009A4202D055F8234034B92848F3F7EAFA90
:10876000044680B1204638BD254807F0FDFF2B7B2D
:108770006A7B9A42F6D00133DBB2032B08BF002399
:108780002B73204638BD1E484FF42032002307F0DB
:10879000C5FF90B91A4807F0E7FF2A7B6B7B93422D
:1087A0001AD0531CDBB255F82220032B08BF00233C
:1087B0002B738AB11446204638BD124A1249134819
:1087C0004FF4DB730BF0B8F884F31188BFF36F8FAD
:1087D0000323184602DFDDE70A4A0D490B4840F241
:1087E000BB130BF0A9F8002383F31188BFF36F8F3D
:1087F0000323184602DFB5E7E0410020F0410020E6
:10880000C8410020B4CF0200D0C002001CC002004A
:108810001CD0020010B5027843789A4214D0D4B22A
:1088200044700278944204D05A1C4370D3B2022B95
:108830000ED01A4600EB82040B70606800B110BDC8
:10884000FFF782FF606010BD0133DBB2022BF0D175
:1088500000221346EEE700BFF8B502784378934252
:10886000044625D0D5B2154A00EB8507507B92F817
:108870000CC0431CDBB2032B08BF00239C450E46F3
:10888000796806D042F8201053730D4807F00CFFAA
:1088900000216B1CDBB2022B0ABF00221A461346D2
:1088A00079602370012104EB820431706068F8BDA7
:1088B0001A4604EB82046068F8BD00BFE041002066
:1088C000C841002070B5057AC5F302150446002D95
:1088D00095FAA5F0B0FA80F008BF4FF0FF3082B0F3
:1088E00000F1010646D0227A6B1E2B4063F306127C
:1088F00006F124002272FFF74BFB00230DF1070164
:1089000004F10C008DF80730FFF7A6FF054600289C
:1089100042D0284601F010F92B7803F00F03022B08
:108920001FD00DF1070104F11800FFF795FF06466F
:10893000002840D09DF8073063B92146254801F052
:108940002FF8962001F0A6FA002002B0BDE8704092
:1089500001F082B9D5F80230C6F80230EB88F38016
:10896000EBE71D48214601F01BF802B0BDE870405E
:1089700001F01ABA194A1A491A4840F2BC530AF0CF
:10898000DBFF85F31188BFF36F8F0323184602DFE7
:10899000257AC5F30215A6E7104A1349114840F29B
:1089A000C5530AF0C9FF85F31188BFF36F8F032306
:1089B000184602DFADE7094A0C490A4840F2CF5396
:1089C0000AF0BAFF86F31188BFF36F8F03231846AE
:1089D00002DFAFE7B1840100F1890100B4CF0200EA
:1089E00020D002001CC0020028D002002CD00200BF
:1089F00010B5044601F006F9FFF724FB237A03F0D3
:108A00007102012A05D1C3F3420262F306132372F5
:108A1000DBB213F0700F05D0636853B193F82C30BC
:108A20009B0706D501F002FA2046BDE81040FFF78B
:108A300017BB2046FFF746FF01F094F8BDE8104051
:108A400001F0F4BA70B5C36804461E68F4F712FE6C
:108A500005463046FFF77CFA00232D1AC4E900537F
:108A600023812046BDE87040E9F726B810B582B0F2
:108A70000446FFF7D5FC00281CDB164A16491748A8
:108A800000940023F5F7D0FF08B1773001D102B090
:108A900010BD134A1349144840F2AF230AF04CFFAB
:108AA000002383F31188BFF36F8F0323184602DF7F
:108AB00002B010BD0A4A0D490B484FF42B730AF05F
:108AC0003BFF002383F31188BFF36F8F0323184606
:108AD00002DFD2E7B91A00005D8601009985010026
:108AE000B4CF020044C202001CC002005CCF0200EE
:108AF0002DE9F0410D46417A9DF818801746CA07C6
:108B00001E4609D5B8F1000F17D02B78B7EBD31F4D
:108B10001AD00020BDE8F0812946044611F8020B66
:108B2000079AC0F38010FEF7E1FD0028EDD1637ACB
:108B3000DB07EED5B8F1000FE7D1079B1878FEF7F9
:108B4000A3FD0028E1D1E4E7062205F10801304643
:108B500011F03FFAB0FA80F04009BDE8F08100BFA3
:108B60002DE9F84F1F460B9B9DF828909DF830503B
:108B700006460C4692466BB9437A03F00303012B79
:108B80002CD9002D3AD02378BAEBD31F4AD000203D
:108B9000BDE8F88F88460D9A18F8020BC0F38010D4
:108BA0004146FEF7A3FD0028F2D094F800B0BAEBDE
:108BB000DB1FECD104F108013846062211F009FA56
:108BC0000028E4D10D9B1B78FF2B1ED0B27AFF2A20
:108BD0001BD0981AB0FA80F04009D9E711F8020BBF
:108BE0000D9AC0F38010FEF781FD0028CBD1737A77
:108BF00003F00303012BCAD9002DC4D10D9B1878B3
:108C0000FEF742FD0028BED1C1E7CBF3801BCB4568
:108C1000BDD10B980622414611F0DBF9B0FA80F085
:108C20004009B5E7062204F10801384611F0D1F9F0
:108C3000B0FA80F04009BDE8F88F00BF2DE9F04799
:108C40008AB0044600F0D4FFC0B250B9FFF7FAF979
:108C50007D48214600F0A4FE0AB0BDE8F04700F0D0
:108C600087BF00F0E7FF054601F0F4F8824601F007
:108C7000FBF801F003FB064601F0E2FAEDB2804694
:108C800001F0AAF8FFF7DEF9002DE1D016F0FF069B
:108C90007AD1FF2301208DF82730F5F733FD054603
:108CA000002800F0A480237B95F81C8004EB83034C
:108CB00008F00F081F693B4605F11C0113F8020B71
:108CC00000F00F0CBCF1010F0CBF07F108094FF0C9
:108CD0000009B8F1030FC0F380125FFA8AFA4FEA75
:108CE000D01759D0B8F1050FB2D1687F2228AFD183
:108CF00060680028ACD090F82C5015F00205A7D180
:108D00000DF127000390CDE9019A00972046FFF767
:108D100027FF00289CD00420F5F7F4FC002897D00A
:108D20004A48214600F03CFE00F022FF00F04CFFD4
:108D300000284DD1626892F82C3043F0010382F88C
:108D40002C30F5F7F9FC17224FF6FF730271C38040
:108D50008460054601F01EF9286101F06FF90021D9
:108D60000446084600F0F8FE241A6C6196B19DF89E
:108D700027306B76F5F7E0FC2946E8602868F5F7C0
:108D800005FD0AB0BDE8F0875FFA88F0FEF724FC25
:108D900003467FE7FF23ECE7687F0C287FF458AF9A
:108DA000B9F1000F7FF454AF0DF127000190CDF819
:108DB00000A02046CDE906230591FFF799FE28BBC8
:108DC00095F81C80079BDDE9051208F00F0889E77C
:108DD0001F4A2049204840F25F630AF0ADFD85F349
:108DE0001188BFF36F8F0323184602DFA2E7184AEA
:108DF0001A49194840F2FF530AF09EFD85F3118885
:108E0000BFF36F8F0323184602DF4CE70E4821465D
:108E100000F0C6FD00F0C8FF237E04EB8303D86991
:108E200000F08AFE00F0D0FE0028AAD0084A0949C6
:108E300009484FF4C3630AF07FFD89F31188BFF33B
:108E40006F8F404602DF9CE7F1890100098601002F
:108E5000B4CF020008D002001CC0020000D0020003
:108E6000F8B50546FFF7EEF8F5F7A2FD0446002831
:108E70003FD0274B274A1B781178A27926485B0000
:108E800001F0010103F002030B4322F0030213433C
:108E9000224A01881278A18001202070A3712272D9
:108EA00019B195F92730002B04DB2846BDE8F840BE
:108EB000FFF7D6B895F82C30C3F30213022B16D067
:108EC000042B0CBF4FF4BC77282701F0A3F806460B
:108ED00001F0A6F8361AE660EA6BC4E9042700231D
:108EE000EB636B642846BDE8F840FFF7B9B8182774
:108EF000EBE70B4A0B490C484FF478730AF01CFD62
:108F000084F31188BFF36F8F0323184602DFB0E7A5
:108F1000C35B0020C45B0020205A0020C25B0020FD
:108F200070D00200D8C702001CC0020008B500F0D3
:108F30008BFE02780346012161F301021A700020C2
:108F400008BD00BF00207047704700BF30B4074A1B
:108F5000074D084C0848094900231380084A2B8014
:108F6000237003700B70137030BC7047205A0020C0
:108F7000225A0020C45B0020C55B0020C35B002098
:108F8000C25B002091F82C305B070AD481420AD1E1
:108F9000064B1B88002B14BF6FF08B006FF00F0087
:108FA0007047002070476FF08B007047225A0020F6
:108FB00038B50D46002842D00446FFF749FA00288C
:108FC00051DBE2682389518B938301330B4492F97F
:108FD00027105383002913DBF5F7EAFC0446F8B1A8
:108FE000A37923F00303002243F00203012121703F
:108FF000A280A37122722846BDE83840FEF752BF16
:109000002089136B916B00FB03330B44516B8B4234
:1090100028BF0B469363F5F7CBFC04460028DFD14D
:10902000184A1949194840F207130AF085FC84F3DD
:109030001188BFF36F8F0323184602DFD0E791F941
:109040002730002B07DB2946114800F0A9FCBDE8BA
:10905000384000F08DBD0F4B1B88002BF3D10E4B19
:1090600001221A70EFE7074A0C490848EE230AF07C
:1090700063FC002383F31188BFF36F8F032318462B
:1090800002DF9EE770D00200D8C702001CC00200B9
:10909000618E0100225A0020C35B00205CCF0200D9
:1090A000F8B506460120F5F72DFB044670B3002104
:1090B000617796F86750B6F85A7005F007052846AC
:1090C00000F0C8FC96F87E301B0704F11C044FEA40
:1090D000850210D5391D42F00102C9B2082000F006
:1090E000FBFC2246294606F17F0000F0B3FFBDE8F5
:1090F000F84000F01BBDF9B2082042F0010200F078
:10910000EBFC2046BDE8F84000F010BD074A0849D6
:10911000084840F213330AF00FFC84F31188BFF3C0
:109120006F8F0323184602DFC1E700BF70D0020033
:1091300000D002001CC0020038B50446FEF770FFE4
:109140002B4AA08913880133138000F0A3FE94F802
:10915000662094F86700C2F3C00300F0070002F035
:109160000702002100F0C0FD2046FFF799FF00F044
:1091700035FD60BB00F068FF258A034694F8670060
:109180000D35012100F007001D4400F0E5FC94F8C6
:10919000673003F00703022B054416D0042B0CBFE5
:1091A0004FF4BC73282394F86600C0F3C00100F0AC
:1091B00007001D4400F0CCFC281A00F0FDFE2146FB
:1091C0000C48BDE8384000F0EBBB1823EBE70A4A37
:1091D0000A490B4840F2AF230AF0AEFB002383F3A9
:1091E0001188BFF36F8F0323184602DFC2E700BF69
:1091F000225A00201993010070D00200BCD0020056
:109200001CC00200F8B50F4690F86610B0F8586020
:1092100001F007040546C1F3C001204600F01AFC26
:1092200095F87E30A200DB0642F00102F1B20DD5C6
:109230000431C9B2082000F04FFC394605F1A00006
:1092400000F056FFBDE8F84000F076BC082000F0C2
:1092500043FC3846BDE8F84000F06EBCF0B505466A
:1092600083B001AA806E0F46E96EF2F7C9FD95F84A
:109270007E305A07064638D448B3019C95F87D30B5
:1092800095F87C2004341C4412B9627885F87C205F
:1092900033B12378012262F30103237095F87D3006
:1092A00095F87C20D31A63702846F8F777FC63782A
:1092B00083422AD960700121237803F00F03002232
:1092C00043EA01132370A2703C6003B0F0BD43F089
:1092D000040385F87E3000F0B7FC044623786FF372
:1092E000041323703C6003B0F0BD43F0040385F821
:1092F0007E3000F0A9FC0446002EEFD0037843F046
:10930000100303703C6003B0F0BD3268EB6E9A420C
:10931000D1D10021D0E700BF2DE9F04182B0044651
:1093200000F066FCC0B250B9FEF782FEBD4821468F
:1093300000F036FB02B0BDE8F04100F019BC00F0CF
:1093400079FCC5B200F048FDFEF772FEB64A1388FC
:10935000012003441380F5F7D5F90646002800F0F4
:10936000E380002D4ED1B14B1F78002F40F0AA8032
:10937000012201A920461A70FFF770FF0027DDF8CF
:1093800004803D46E08900F085FD94F8670000F018
:10939000070000F061FCA648214600F001FB00F048
:1093A00045FE94F87E2098F8003062F3C30388F8F5
:1093B000003094F87E3098F80020C3F3400363F344
:1093C000820288F8002041462046FFF71BFF00F08C
:1093D00005FC002840F0988000F01CFE002867D0B3
:1093E000002D6BD0A08A4FF6FF73984200F0D18019
:1093F0002946F8F737FB002F77D102B0BDE8F041DE
:10940000F5F7BCB994F87E30327F03F00101C2F366
:109410008000884200F09A8094F9272081F00101B1
:1094200061F30003002A84F87E3005DA94F82C30CA
:1094300043F0080384F82C3094F87E305D0700F187
:10944000BC80D4E91A0101AAF2F7DAFC054600282B
:1094500000F0B98094F87D20019B1344597971B1D3
:1094600094F87E30D8060AD5D4F8B0300133C4F869
:10947000B030D4F8B43043F10003C4F8B43094F8F9
:109480007C300A44D2B29A42C0F0A28000F0B78089
:10949000684A6949694840F26D430AF04DFA002371
:1094A00083F31188BFF36F8F0323184602DF8AE02E
:1094B00000F0A4FD00F0A8FD002D93D1AFB902B0DB
:1094C000BDE8F081013FFFB201A920461F70FFF700
:1094D000C5FE002F7FF452AFDDF8048051482146CD
:1094E00000F05EFA00F060FC5BE7F5F725F9032376
:1094F0003371A38A3068F3803146F5F72FF902B053
:10950000BDE8F041F5F73AB94A4A4D494B4840F2B7
:10951000E9130AF011FA002383F31188BFF36F8F68
:109520000323184602DF57E7424A464943484FF4AF
:10953000AA730AF001FA86F31188BFF36F8F032331
:10954000184602DF002D3FF40EAF5BE70025C2F3A3
:10955000C002C3F340039A423DD00027334A3A4B3E
:10956000002111702046012201A91A70FFF776FE32
:10957000337FDA061ED4DDF8048098F80030DB066D
:109580003FF500AF98F80130002B7FF4FBAEA5E764
:109590000027284A2D49294840F209230AF0CCF92E
:1095A000002383F31188BFF36F8F0323184602DF74
:1095B000A08A1DE7DDF80480E4E66FF3820384F8F7
:1095C0007E3000F041FB94F87E30327F0025BEE70C
:1095D00084F87D20F7E70320F5F794F80028BCD045
:1095E00094F87E3083F0020384F87E30737F002B82
:1095F000B3D094F87E3019072AD40127AEE70022B1
:10960000A4F87C20E06E04F16801F2F701FC019BF4
:109610001B682B60019B1D60019D94F87E30327F9A
:1096200095E700BF618E0100205A0020C55B002035
:109630003991010070D00200F4C002001CC0020089
:10964000BCD0020000D00200C45B0020D8D00200D1
:1096500000F088FD0746002868D000F0ABFD002828
:1096600054D1D4F88F30D4F89320134304D1337FEE
:1096700003F00303032B32D0344B3548022221463A
:109680001A7000F08DF900F073FA00F09DFA78B9C5
:1096900000F0C0FCE0B1002D3FF411AFA08A4FF6FE
:1096A000FF7398423FF474AF2946F8F7DBF9A4E65C
:1096B000284A2949294840F265130AF03DF9002358
:1096C00083F31188BFF36F8F0323184602DFDFE7B0
:1096D00000F094FC00F098FC002DDFD1EFE600F0E4
:1096E000B7FA4378272B0146C6D80333DAB206F11E
:1096F0001C0010F0BBFDD4F88F30D4F89320013B50
:10970000C4F88F3042F1FF33C4F89330D4F88F306F
:109710000E4A0133C4F88F30D4F8933004F18F012E
:1097200043F100034B600123137066E7094A0C49BB
:109730000A484FF491630AF0FFF887F31188BFF3EA
:109740006F8F0323184602DF87E700BFC25B00204C
:10975000618E010070D0020008D002001CC002001F
:10976000D0D0020010B582B00446FEF759FE0028A2
:109770001BDB154A1549164800940023F5F754F9E8
:1097800008B1773001D102B010BD124A1249134816
:1097900055230AF0D1F8002383F31188BFF36F8FAC
:1097A0000323184602DF02B010BD0A4A0C490B48D9
:1097B0004C230AF0C1F8002383F31188BFF36F8FA5
:1097C0000323184602DFD4E7311C0000B18F0100EB
:1097D000858F0100F0D0020044C202001CC00200CC
:1097E0005CCF02004FF080530246D3F8A410013141
:1097F00007D04FF08051D1F8A00010F0010009D13E
:109800007047D3F8A8304FF6FF719BB28B42F0D16E
:1098100000207047D1F8A4301360D1F8A83013713C
:10982000C3F3072363F03F035371D1F89030013342
:109830001CD0D1F89430013318D0D1F898300133CE
:1098400014D0D1F89C30013310D0D1F89030C2F848
:109850000630D1F89430C2F80A30D1F89830C2F806
:109860000E30D1F89C30C2F8123008E00023C2F864
:109870000630C2F80A30C2F80E30C2F812300120A9
:10988000704700BF00234FF0805203604360836045
:10989000C360D2F88030013318D0D2F8843001335D
:1098A00014D0D2F88830013310D0D2F88C30013384
:1098B0000CD0D2F880300B60D2F884304B60D2F8F4
:1098C00088308B60D2F88C30CB60704700230B60FF
:1098D0004B608B60CB607047054B4FF480320021AA
:1098E000C3F80815C3F84423C3F80423704700BF26
:1098F00000B00040054B1878421C1A7018B9044B90
:1099000001221A6070470120704700BFC65B00202B
:1099100000B0004038B50E4D2C784CB1601EC0B27E
:10992000287018B90B4B01225A6038BD012038BD90
:10993000094A0A490A48712309F0FEFF84F3118895
:10994000BFF36F8F0323184602DF2C78E6E700BFD2
:10995000C65B002000B0004050D102009CD1020044
:109960001CC00200014BD3F80405704700B0004052
:10997000024B00F5A87043F82010704700B000407B
:10998000044BD3F8103123B1034A044B10681B6811
:109990001847704700100040AC450020B04500203B
:1099A00038B5044601200D46EBF7ACFD084B094ADB
:1099B0001C600949094B156010200222C1F80403FC
:1099C000C3F88021BDE838400120EBF78DBD00BF12
:1099D000B0450020AC4500200010004000E100E050
:1099E0004FF080434FF0FF320021C3F8002EC3F840
:1099F000042EC3F8081EC3F80C2EC3F8101EC3F8BB
:109A0000142EC3F8182EC3F81C2EC3F8202EC3F84A
:109A1000242EC3F8282EC3F82C2EC3F8302EC3F8FA
:109A2000342E704710B50120EBF76CFD064B07484C
:109A300000244FF490514FF41052C0F81845C3F869
:109A40000018C3F8042810BD00F0014000100040C9
:109A5000704700BF054B02280CBF0421032140F2D0
:109A60000122C3F81015C3F85026704700100040BB
:109A7000014BC3F80C05704700100040014BC3F8C0
:109A80000805704700100040084B00F07F00C3F845
:109A90005405D3F8182522F00072C3F81825D3F81E
:109AA000182542F00072C3F81825704700100040D6
:109AB000084A00210123C2F82C15C2F83035C378BA
:109AC000C2F824358178038843EA01431B02C2F8B7
:109AD0001C35704700100040C2F38203A3F102035B
:109AE00002F00302B3FA83F3013A5B091B06022A70
:109AF00098BF43F4801300F00F000A4A184340F463
:109B00008070C2F81405D2F81805074B0340C2F85C
:109B10001835D2F81835194341F44031C2F81815F8
:109B2000704700BF001000400000F8FE014BC3F872
:109B30000405704700100040014BC3F8040570474E
:109B40000010004002280CBF28202920704700BFC9
:109B5000012070472920704702280CBF05200A20E9
:109B6000704700BF014B01221A607047001000408F
:109B7000084A094910B401234FF410640020C2F8C8
:109B800008455360D360C1F800020B615DF8044BD7
:109B9000704700BF00F0014000100040094B002258
:109BA000C3F80021D3F80011C3F80421D3F804113D
:109BB000C3F80C21D3F80C11C3F81021D3F81031DD
:109BC000704700BF00100040034BD3F8000100387D
:109BD00018BF0120704700BF00100040034BD3F8AE
:109BE0000401003818BF0120704700BF001000407A
:109BF000034BD3F80C01003818BF0120704700BF99
:109C00000010004001207047034BD3F85005B0FA14
:109C100080F04009704700BF00100040044B40F244
:109C20000312C3F83425C3F83805C3F83C15704750
:109C300000100040034BD3F80004003818BF012087
:109C4000704700BF0010004000487047AC4400203F
:109C500000487047A8430020F0B41D4B1D4D1E4E18
:109C60001E4C1F4F0322C3F800222A78C6F86875DD
:109C700002F10C03DBB2D000DB00910003F1804362
:109C800000F1804003F5F83300F5F83001F1804130
:109C9000C6F86C0501F5104104EB82041148C3F8C5
:109CA0001045C3F81405D1F840352D2B8ABFD1F8E3
:109CB000403501232D3BC1F840350132064B4FF4AE
:109CC000106102F00102C3F804152A70F0BC70475D
:109CD00000100040C75B002000F0014040910040B0
:109CE0000C110040041000402DE9F041284E294C91
:109CF000294FDFF8ACE0DFF8AC800323C6F8003270
:109D00002178CEF8688501F10C03DBB2DB00CD00D1
:109D100003F1804303F5F83305F1804507EB810734
:109D200005F5F835CEF86C554FEA810CC3F810757F
:109D300049F63465C3F814654AF2B813022A18BF0D
:109D40001D460CF1804C42F2B84241F288330228A1
:109D500018BF13460CF5104C104A2B44A2FB0323EA
:109D6000DCF84025B2EB931F85BF9809DCF840353D
:109D700001231B1ACCF840350131094B4FF4106216
:109D800001F00101C3F804252170BDE8F08100BF96
:109D900000100040C75B002040910040D34D62108E
:109DA00000F001400C1100400449054B03204FF422
:109DB0001062C1F80002C3F8082570470010004087
:109DC00000F00140034B0022C3F81C21D3F81C31E2
:109DD000704700BF00100040034BD3F81C0100384F
:109DE00018BF0120704700BF0010004010B44FF0B2
:109DF000000C4FEA8C0303F1804303F58053146891
:109E0000C3F800460CF1010C9488C3F82046BCF15D
:109E1000080F02F10602ECD1034B40EA0120C3F81F
:109E200040065DF8044B704700100040034AD2F82A
:109E3000403623F0FF03C2F8403670470010004060
:109E4000034B0022C3F81421D3F81431704700BF2C
:109E500000100040034BD3F81401003818BF012054
:109E6000704700BF00100040014BD3F8100470474A
:109E7000001000400449054B054A4FF48020C1F80A
:109E80004803C3F80825704700B0004000F00140C7
:109E9000C001700E034B044A1B7803F5A87342F807
:109EA00023007047C75B002000900040F0B4A2F58B
:109EB00074232F4DA3F51073AB42044606D902F16B
:109EC000E87202F5D432013902F5A572294B2A480D
:109ED0002A4D2B4E0127DF600027C3F80475A0FB35
:109EE00002020427C3F81075900C0227C3F8087506
:109EF000244AC3F84005C5F848154FF48021C5F839
:109F000044134021C2F84065C2F84435C2F8041534
:109F10004CB34FF48013C2F804351B4A01210024CE
:109F20000423D160C2F80445C2F81035154BC2F8BD
:109F3000084511601549C3F850150C32C3F8542573
:109F400002F5AF32124CC3F8584502F5FC7201F528
:109F50000041C3F85C2538310832C3F86015C3F8F6
:109F60006425F0BC70474FF40013C2F80435D4E701
:109F7000BFBDF07F0080004083DE1B4300B0004087
:109F800048B1004000F00140009000400C1100403A
:109F900040910040014BD3F84805704700B00040A5
:109FA0000349044A01234B600B61536013617047FE
:109FB00000800040009000400449054BC1F8440572
:109FC0004FF08862C3F80425704700BF008000404E
:109FD00000F00140054B06480649074AC3F848050A
:109FE000C3F84C15C3F80425704700BF00F00140CA
:109FF000001100404080004080000004014BD3F875
:10A000004405704700800040014B1860704700BF56
:10A01000A4430020014B1868704700BFA4430020F0
:10A02000014BD3F84005704700800040024B4FF0D1
:10A030000062C3F80425704700F00140014BD3F8DB
:10A040004805704700800040014BD3F84805704731
:10A05000008000401F4B30B40024C3F800450224A8
:10A06000A142C3F8004505462DD003F580334FF0DB
:10A070000071194CC3F80415164B1849C3F8044570
:10A08000D1F818151648174CC9B20439C3F8181579
:10A090000021C3F80855C3F80C05C3F81025C3F810
:10A0A0001445C3F80012C3F80011D3F80021C3F817
:10A0B0000411D3F80421C3F808110122D3F80811C0
:10A0C0001A6030BC7047084B084C4FF00071C3F861
:10A0D0000415D1E700F0004001000001001000402D
:10A0E000A84300209842002000F001400100010137
:10A0F00030B4174B00240222C3F80045C3F80025F2
:10A10000144AC3F80425144AD2F81825D2B20546D9
:10A11000043AC3F818251148C3F808550122C3F8BA
:10A120000C150F49C3F81005C3F81415C3F8002225
:10A13000C3F80041D3F80011C3F80441D3F8041167
:10A14000C3F80841D3F808111A6030BC704700BF4B
:10A1500000F000400000010100100040A843002072
:10A160009842002038B5114C0223C4F80433D4F8C7
:10A17000043163B92025EFF3118085F31288BFF312
:10A180006F8F09F07FFED4F80431002BF3D0074B1A
:10A19000074A02204FF40041C3F80803C2F88011B7
:10A1A000D3F80801B0FA80F0400938BD00F0004053
:10A1B00000E100E0034BD3F80004003818BF012091
:10A1C000704700BF00F00040F0B4194A194BD2F8B4
:10A1D0000455194E0024013D0327C3F80075C3F848
:10A1E0000405C3F80815C3F81055C3F81465C3F87F
:10A1F0000041D3F80011C3F80441D3F80411C3F8A7
:10A2000008414021D3F80831C2F86015D2F8003275
:10A210000A4943F04003C2F80032C2F828414FF423
:10A220000003D2F82821C1F80435F0BC704700BF04
:10A230000010004000F000409442002000F0014077
:10A24000014BD3F80004704700F0004010B4084AF6
:10A25000084C09490023C2F828314FF40000D2F815
:10A260002821C4F80035C1F808055DF8044B704793
:10A270000010004000F0004000F0014038B5164BDF
:10A28000D3F828312BB3154C0123C4F80433D4F888
:10A29000003163B92025EFF3118085F31288BFF3F5
:10A2A0006F8F09F0EFFDD4F80031002BF3D00B4B8A
:10A2B0000B4A01204FF40041C3F80803C2F8801193
:10A2C000D3F804212AB1D3F80801B0FA80F040098C
:10A2D00038BD002038BD00BF0010004000F0004035
:10A2E00000E100E00139012905D80B200AB1EBF7A4
:10A2F000FBB8EBF707B908B5074A084908482D230A
:10A3000009F01AFB002383F31188BFF36F8F032337
:10A31000184602DF08BD00BFA8D10200F4C0020049
:10A320001CC0020029B10139012905D80B20EBF727
:10A33000FDB81820EBF7FAB808B5084A08490948EB
:10A34000412309F0F9FA002383F31188BFF36F8FDB
:10A350000322104602DF184608BD00BFA8D1020044
:10A36000F4C002001CC0020088420FD0012807D0B0
:10A3700002280DD1A1F10100B0FA80F04009704728
:10A38000A1F10200B0FA80F0400970470120704747
:10A3900000207047012908B511D002290FD0A1B1C2
:10A3A0000D4A0E490E487B2309F0C6FA002383F3B9
:10A3B0001188BFF36F8F0323184602DF08BD094BD6
:10A3C0004FF40062C3F8002108BD064B4FF08072C5
:10A3D000C3F8002108BD00BFA8D10200F4C00200EC
:10A3E0001CC0020000E100E008B50FF079FA08BDDA
:10A3F000032810B5044604D8124B1C5D9CB12046BE
:10A4000010BD114A11491248292309F095FA002379
:10A4100083F31188BFF36F8F0323184602DF094BC4
:10A420001C5D002CEBD1084A0A4909482C2309F08D
:10A4300083FA84F31188BFF36F8F0323184602DF7A
:10A44000204610BD78D20200F8D1020048D20200A6
:10A450001CC0020068D20200013810B51C46042856
:10A4600063D8DFE800F014221B29030004292CD054
:10A47000304A31493148B82309F05EFA002383F3AA
:10A480001188BFF36F8F0323184602DF10BD042924
:10A490002BD0284A284929484C23EDE704291CD011
:10A4A000244A254925487A23E6E7032925D0214A6D
:10A4B000214922486323DFE703292ED0042924D031
:10A4C0001C4A1D491D48A023D6E71D4B9C60BDE8D2
:10A4D000104002210320F1F701BD1A4B9C60BDE83A
:10A4E000104002210120F1F7F9BC174B9C60BDE838
:10A4F000104002210020F1F7F1BC144B01219C60B7
:10A50000BDE810400846F1F7E9BC114B02219C6000
:10A51000BDE810400846F1F7E1BC0E4B9C60BDE879
:10A52000104001210220F1F7D9BC024A0249034838
:10A53000BE23A1E7F8D10200F4C002001CC0020053
:10A54000B8070020E807002008080020F8070020CE
:10A55000C8070020D807002001460020FFF708BAEE
:10A56000124B30B40121044600205960C3F8044561
:10A57000C3F80001C3F80401196005E0D3F8042111
:10A5800032B9D3F804251AB1D3F80021002AF5D046
:10A590005960D3F80421002AE7D1D3F80455002DDF
:10A5A000E3D0C3F8042530BC704700BF00E0004092
:10A5B00070B5174C0126D4F8045566600E20EAF7F2
:10A5C000A1FFD4F8040140B10021C4F80411D5E979
:10A5D0000E323046BDE870401847D4F8006146B1ED
:10A5E000C4F80001D5E90E3205F12001BDE8704044
:10A5F0001847084A08490948E42309F09DF986F3F9
:10A600001188BFF36F8F0323184602DF70BD00BFB0
:10A6100000E000407CD20200F4C002001CC0020036
:10A6200070B58CB00E4615460146102268461C4691
:10A63000F1F7B4FB10220DEB02003146F1F7AEFB4F
:10A640006846FFF78DFF25B1102208A92846F1F7CB
:10A65000A5FB2CB108AD0FCD20606160A260E36066
:10A660000CB070BD054B1B7833B14FF0FF324FF08B
:10A67000FF33043005F01EBF704700BFCF5B0020E2
:10A68000034B1B7813B1043005F08CBF704700BF3B
:10A69000CF5B002007B501238DF807000DF10702FD
:10A6A000002103480CF0E7FE03B05DF804FB00BF97
:10A6B00070A70200020600F07F0312D5082B05D117
:10A6C000010700F00F0306D50E48704710F0780F11
:10A6D00012D100F00F034C2000EB43100A4B18443A
:10A6E0007047082B05D1020700F00F0306D5074875
:10A6F000704710F0780FF6D000207047044800EB48
:10A700004310704760470020144600208048002016
:10A7100080470020014902480FF053B83C46002012
:10A72000C81F0020014601480EF084BF580C0020CD
:10A7300002480022002305F085BF00BF580C00200E
:10A7400013B5124800F0FCFE114B98421AD1114883
:10A7500003F002FC0024104803F044FC0F491048A9
:10A7600000944FF0FF334FF4806206F0B7F90D49C3
:10A770000B480FF0BBF80C480C490EF0F7FF2046D1
:10A7800002B010BD6FF00400FAE700BF95A9010008
:10A790000000AD0B18E902000CD3020088760020FF
:10A7A000C81F00200AE902003C460020B1AA0100AF
:10A7B00010B50E49BFF35B8F002351E8002F012A2B
:10A7C00003D141E800300028F7D1BFF35B8F0CD1F3
:10A7D00051F8044C1439204609F02DFA783004D190
:10A7E0002046BDE8104009F002BA10BD34460020F2
:10A7F00038B5002464F07F00C0B2FFF75BFF01347E
:10A800000CF0F2FE082CF5D10E4D0024E0B2FFF75B
:10A8100051FF036903B9056101340CF0E5FE082C12
:10A8200005F14005F2D108480CF0DEFE074BD3F8E5
:10A830007C2212B9064AC3F87C2206480CF0D4FEEA
:10A84000002038BDA44C00206047002014460020A2
:10A85000A44800208048002010B5054CFFF768FF91
:10A8600020B1416820460EF0BEFDF7E710BD00BFE5
:10A87000D80A002007B500230E48002201A905F0E0
:10A880002BFD90B1FFF7E8FF0A480022002301A941
:10A8900005F022FD38B90198042340600374FFF7E6
:10A8A00041FFFFF737FF002001E00198406003B04F
:10A8B0005DF804FBD80A0020022810B511D8094B16
:10A8C0001C5CFFF7D7FF60B1002202740472FFF72F
:10A8D00029FF054B93F824301BB1BDE81040FFF76A
:10A8E00019BF10BD15E9020014460020F8B587789D
:10A8F00006463846FFF7DEFE3B06F578044612D5DD
:10A90000002D43D1FFF7B6FF034600283ED00122B9
:10A91000A5770274032202739C60FFF703FFBDE872
:10A92000F840FFF7F7BE4DB1012D2FD1FFF7A2FF81
:10A93000034658B3657705740573EDE7FFF79AFF93
:10A9400020B3B278124B12F0800F02F0080111D040
:10A9500041B1D3F8A836E3600123037402230373E3
:10A960008460DAE702F00F02142101FB0233D3F80E
:10A970000836F0E711B1D3F8A837ECE702F00F0280
:10A98000142101FB0233D3F80837E4E7F8BD00BF18
:10A9900000700240F0B5064689B01422002103A8D9
:10A9A0000FF08CFC3378013B052B21D8DFE803F056
:10A9B0007A0314146A1603238DF814300024FFF769
:10A9C00059FF0346A0B1047400F10802DDE9050156
:10A9D00082E8030018461DE00423EDE7B778384607
:10A9E000FFF768FE837A044623B1013B022B43D96B
:10A9F00009B0F0BD3B06F57813D5002DF8D1FFF76F
:10AA000039FF03460028F3D00122A5770274032200
:10AA100002739C60FFF786FE09B0BDE8F040FFF7C7
:10AA200079BE55B1012DE3D1FFF724FF034600287D
:10AA3000DED0657705740573EBE7FFF71BFF07466C
:10AA40000028D5D00123037402230373846004F12A
:10AA50000C01B0780CF032FE134AE168B2F88C3287
:10AA60008B4206D95B1AA2F88C3201F0B7F838464F
:10AA7000D0E7A2F88C52FAE7304609B0BDE8F040C2
:10AA8000FFF734BF01A801F087F89DF80530052BCA
:10AA900004D19DF8043013F0600FA9D0034B059347
:10AAA00001248CE702248AE7144600208047002016
:10AAB0002DE9F043A64CDFF89C9285B08046FFF765
:10AAC00037FE074610B905B0BDE8F08394F825308D
:10AAD0003A7C3BB9002A00F0868079689D480EF0E8
:10AAE00082FCECE7042A42D8DFE812F07D00050082
:10AAF0000001160140013B7BBD68032B37D8DFE81E
:10AB000003F0023D5A5F6E69934B0022326072601F
:10AB1000D3F880143170D3F884147170D3F888148A
:10AB2000D3F88C0441EA00217180D3F89014D3F853
:10AB3000940441EA0021B180D3F89814D3F89C34EE
:10AB400041EA0323F3800823EB6030687168834B8C
:10AB500003C311462B68687A984796F90030002B9A
:10AB600008DBF38833B1A4F88C3201F037F8796848
:10AB70004846B4E70023A4F88C32F8E76B7F002B3B
:10AB8000F5D02B7F002BF2D000266E774FF0FF32EE
:10AB900073482E774FF0FF330CF039FD6B6901934A
:10ABA0006B68CDE9023601A9687A00F01FFD6C4898
:10ABB0000CF02FFDDBE72B680121687A9847D6E778
:10ABC000AB7A6BB9EB7F5BB965484FF0FF324FF062
:10ABD000FF330CF01CFD01F007F861480CF019FD83
:10ABE0002B680221E9E73A7A042AC0D8DFE802F0AC
:10ABF00059032367730000F02BFC05460028B6D1EB
:10AC000000F066FBBFF35B8F5649012351E8002F2C
:10AC1000002A03D141E800300028F7D1BFF35B8F51
:10AC2000A5D141F8085C41F8105CE0696361143912
:10AC300008F086FF9BE7002565F07F00C0B2FFF7B4
:10AC400039FD037A13B1407A01F032F90135082D4C
:10AC5000F2D194F854311BB194F8550101F028F960
:10AC60000025E8B2FFF726FD037A13B1407A01F020
:10AC70001FF90135082DF4D194F874321BB194F802
:10AC8000750201F015F9002000F0C6FB012384F8DD
:10AC900025302368002B3FF46AAF0021022098473B
:10ACA00065E7002584F8255001F068F8FFF780FD7E
:10ACB0002368002B3FF45BAF29460420EFE7002B0D
:10ACC0003FF455AF00F0CEFB2368002B3FF44FAFAD
:10ACD00000210520E3E72268002A3FF448AF002B5B
:10ACE0003FF445AF00210620904740E708F11005EA
:10ACF0004FF0FF334FF0FF3228460CF088FCFFF78F
:10AD000077FD28460CF085FC58F8283C002B3FF4D2
:10AD10002EAF00210120C2E794F874327BB10125E7
:10AD200084F8895284F88852FFF7A4FD38B10E4A9E
:10AD3000057405738260FFF7F5FCFFF7EBFC58F82C
:10AD4000283C002B3FF413AF00210A20A7E700BFE7
:10AD500014460020D80A0020007002401846002047
:10AD60004C46002034460020804800200CF0D1FFE3
:10AD700001F004F800F0A2FAFFF76EFDFFF738FDCE
:10AD80000CF0C0FF014800F0DBFBF0E695A90100E4
:10AD900038B5164D95F824402CBB05F138000EF05F
:10ADA00079FB204601F00EFC22460121E8612720B4
:10ADB000EAF7CAFB0CF0A6FFFFF71AFD044610B92C
:10ADC000012385F824300A4B1B680BB1FFF7A2FC66
:10ADD0004FF08043D3F83834DB0702D50020FFF76B
:10ADE0006BFD204638BD0024FBE700BF1446002061
:10ADF000580C0020074B93F824203AB193F82530E3
:10AE0000002B14BF00206FF0120070476FF012008B
:10AE1000704700BF1446002038B5104B93F824301B
:10AE20000446C3B105782846FFF744FC10B96FF01B
:10AE3000150038BD4572237983726388436020789A
:10AE4000618810F0080F02D14B1E0B42EFD10CF0BD
:10AE500030FC0020EDE76FF01200EAE71446002016
:10AE600038B5124B93F824200546CAB193F8253023
:10AE7000B3B1FFF71FFC0446A8B1837A012B12D0AF
:10AE800007D9023B012B07D96369A3610020E06069
:10AE900038BD00F0AFFEF7E7284600F051FEF3E7BB
:10AEA0006FF01200F4E76FF01500F1E71446002090
:10AEB00038B50E4B93F82420054682B193F825301F
:10AEC0006BB1FFF7F7FB68B115F008040AD128460B
:10AED00000F058FE284601F023F8204638BD6FF0F8
:10AEE0001200FBE76FF01500F8E700BF14460020E2
:10AEF00038B50C4B93F8242005460C4662B193F804
:10AF000025304BB1FFF7D6FB48B144B1284600F0DD
:10AF10001FFE2070002038BD6FF01200FBE76FF0BD
:10AF20001500F8E71446002070B5134E96F824304B
:10AF30000446C3B1FFF7BEFB0546B8B1230705D4ED
:10AF4000204600F01FFE204600F0EAFF2B7A83B96E
:10AF500001232B7296F825300BB9002070BD2046D6
:10AF600000F0A6FFF9E76FF01200F7E76FF01500A9
:10AF7000F4E76FF07700F1E7144600202DE9F04385
:10AF8000DFF8EC801E4698F8243085B007468946E5
:10AF90001546002B61D098F82530002B5DD00306B4
:10AFA0005ED5FFF787FB0446002859D0037A002BB3
:10AFB00056D04FF0FF334FF0FF3208F138000CF05D
:10AFC00026FBA37F4BB108F138000CF022FB6FF099
:10AFD0000A04204605B0BDE8F083A37AC5B13BB3AF
:10AFE0000123A3774FF0000801A93846CDE9019568
:10AFF000CDF80C8000F0FAFA1B4B984229D084F867
:10B000001E801EBB6FF0040418480CF002FBE0E742
:10B01000E27F02B1E577002BE2D100F0F1FD87423B
:10B02000DED000F0E1FD11480CF0F3FA0024D0E787
:10B03000B8F80A30AB42F0D96268B5FBF2F302FB14
:10B040001353002BE9D10123E377E6E7C6F800802C
:10B05000D8E706B135600024D6E76FF01204B8E7F0
:10B060006FF01504B5E700BF0000AD0B4C460020A3
:10B07000144600202DE9F0411D46204B174693F859
:10B0800024200E46002A33D093F8253083B30306DC
:10B0900031D401B97FBBFFF70DFB044658B3037AE7
:10B0A0004BB34FF0FF3316484FF0FF320CF0AFFABE
:10B0B000E368BB42984628BFB84646B93FB905B1D8
:10B0C0002B600F480CF0A5FA0020BDE8F081A169C3
:10B0D000424630460FF0CAF8A3694344A361E368CF
:10B0E000A3EB0803E360002DEBD0C5F80080E8E790
:10B0F0006FF01200E9E76FF01500E6E71446002054
:10B100004C46002070B51E4D95F82420034682B3AE
:10B1100095F825206AB31B062ED4FFF7CBFA044618
:10B1200050B3037A43B34FF0FF334FF0FF3205F1D2
:10B1300038000CF06CFAE368B3B90126636926772E
:10B14000A361637F83B1FFF795FB30B905F1380048
:10B150000CF05FFA6FF00B0070BD0674846006732C
:10B16000FFF7E0FAFFF7D6FA06480CF052FA002093
:10B17000F2E76FF01200EFE76FF01500ECE700BFA9
:10B18000144600204C46002010B5084B93F824309C
:10B190000C462BB1FFF78EFA28B10460002010BDD9
:10B1A0006FF01200FBE76FF01500F8E7144600207F
:10B1B000014B1860704700BF1446002008B5074BCC
:10B1C00093F8243023B1FFF775FA20B1406808BD29
:10B1D0006FF01200FBE76FF01500F8E7144600204F
:10B1E0004FF08053D3F83021082A06D1D3F83431F8
:10B1F000052B04D8034AD05C70470020704701201B
:10B20000704700BF19E90200064B10F0800FA3F150
:10B21000D80208BF134600F00F00182202FB0030CE
:10B22000704700BFBC4F0020EFF31180202383F351
:10B230001288BFF36F8F0A4BD3F8001C032261B949
:10B2400049F27531C3F8001CC3F8142DC3F8001C73
:10B2500080F31188BFF36F8F7047C3F8142DF7E7A1
:10B2600000E00640EFF31180202383F31288BFF340
:10B270006F8F0A4BD3F8001C61B949F27532C3F8DD
:10B28000002CC3F8141DC3F8002C80F31188BFF301
:10B290006F8F70470022C3F8142DF6E700E00640D8
:10B2A0004FF08053D3F83031082B02BF024B0022FD
:10B2B000C3F81C2C704700BF00700240024A0023F4
:10B2C0001360024A137070479C500020CC5B002032
:10B2D00008B54A4B4FF40062C3F80024FFF780FF23
:10B2E00008B1FFF7A1FF4FF08053D3F83031082B9E
:10B2F00018D1EFF31180202383F31288BFF36F8FEF
:10B300003F4BD3F8001CC02200296ED149F27531A1
:10B31000C3F8001CC3F8142CC3F8001C80F3118878
:10B32000BFF36F8F354B0122C3F80025D3F80024FB
:10B330001205FBD54FF40062C3F800244FF0805390
:10B34000D3F83031082B17D1EFF31180202383F38A
:10B350001288BFF36F8F2A4BD3F8001C002947D106
:10B3600049F27532C3F8002CC3F8141CC3F8002C42
:10B3700080F31188BFF36F8FFFF732FF30B1FFF713
:10B3800071FFFFF72DFF08B1FFF74EFF4FF080531D
:10B39000D3F83031082B194B0AD140F2E372C3F8CD
:10B3A00000284022C3F80428BFF36F8FBFF34F8FEC
:10B3B0008022C3F81C250122C3F83025114B40F22E
:10B3C000FF121A60104B00211960104B1970FFF723
:10B3D00067FF0F4B19700F4B02221A70FFF700FF27
:10B3E00050B1BDE80840FFF73DBFC3F8142C95E706
:10B3F0000022C3F8142CBBE708BD00BF0070024058
:10B4000000E006409850002094500020C85B0020C7
:10B41000CA5B0020CC5B0020094B002210B51A70DB
:10B42000084A094B094C002808BF1346C4F80033EA
:10B430002720EAF759F80123C4F8043510BD00BFEE
:10B44000CB5B0020FDFFDF01FDFFFF01007002402C
:10B45000034B1878012894BF00200120704700BFDB
:10B46000CC5B002010B54FF0FF324FF0FF33154892
:10B4700005F054F9EFF31181202383F31288BFF311
:10B480006F8F114B1B7803F0FF0483B10F4BD3F880
:10B49000002412F400720AD10120C3F82C05D3F85D
:10B4A0002C05D3F80004800502D5C3F82C25002410
:10B4B00081F31188BFF36F8F024805F0F5F820463D
:10B4C00010BD00BFF80B0020CB5B002000700240D5
:10B4D00010B5EFF31184202383F31288BFF36F8F2D
:10B4E000144B1B7803F0FF00CBB1134AD2F82C3574
:10B4F000EBB10023C2F82C354FF08053D3F8303134
:10B50000082B0CD10D4BD3F8001CC02261B949F2B5
:10B510007531C3F8001CC3F8142CC3F8001C84F365
:10B520001188BFF36F8F10BDC3F8142CF7E71846CE
:10B53000F5E700BFCB5B00200070024000E0064052
:10B54000F8B51C4B1C7894BB1B4A106001221A7082
:10B5500040F2FF17264664F07F0514F0080FEDB2A5
:10B5600014BF3946402128460CF0A3F82846FFF7BF
:10B570004BFE0134092C867506730661EBD100245D
:10B5800040F2FF17254614F0080FE6B214BF394603
:10B59000402130460CF08DF83046FFF735FE01347F
:10B5A000092C857505730561EDD10448F8BD044883
:10B5B000FCE700BFCC5B00209C5000200000AD0BDE
:10B5C0000500AD0B084B10F0800F00F00F0114BF09
:10B5D000D3F81025D3F8142501238B40134214BF50
:10B5E00001200020704700BF007002402DE9F843A1
:10B5F0000246EFF31187202383F31288BFF36F8F86
:10B60000030703D1184B1B78834229D1174B184EDF
:10B610001C68356810460CF044F8E443A4B24FF0BF
:10B6200001092C4309FA00F814EA08041AD110465B
:10B63000FFF7EAFD80F80C90034607C91C6183E818
:10B6400007009C750B4B0C4845EA080580223560C5
:10B65000C3F8042187F31188BFF36F8FBDE8F88327
:10B660000648F7E70648F5E7CA5B00209850002037
:10B670009450002000E100E00000AD0B0A00AD0B8B
:10B680000B00AD0B10F0080F074B06D0D3F8C00429
:10B6900010F4803F18BF0020704700F00F0000F545
:10B6A000947053F820007047007002402DE9F74F66
:10B6B000AB4BAC4ED3F85421DAB10022C3F854217D
:10B6C000D3F80413890214D58DF80420D3F820256B
:10B6D000ADF80620D3F8C034002B336814BF4FF008
:10B6E00001224FF48072134333609F4B01A81B6803
:10B6F00098479B4BD3F8604134B10022C3F86021D6
:10B70000D3F86C44C3F86C44D3F828214AB1002222
:10B71000C3F82821954B18780BF0C3FF0123834011
:10B720001C43DFF86482924F98F8005098F900901B
:10B7300015F0080143D1B9F1000F05F00F032EDA1F
:10B740008C4A52F8230020B342F8231014225343AA
:10B7500003F1804303F51C33D3F80836864A117889
:10B7600003F001034B401370FFF79AFD834804F088
:10B770009BFF2846FFF748FD837D032B37D12846E2
:10B780000BF08FFF012303FA00F03B6823EA00036C
:10B790003B60DFF8D4A101254FF006095DE0784A4F
:10B7A00052F823000028F4D042F823101422534307
:10B7B00003F1804303F51C33D3F80837CEE7B9F122
:10B7C000000F674B09DBD3F85021002AE1D000229B
:10B7D000C3F85021D3F8A837C0E7D3F82C21002AAA
:10B7E000D7D00022C3F82C21D3F8A836B6E7037BC4
:10B7F000DBB928460BF055FF012303FA00F03B6844
:10B80000B9F1000F23EA00033B6001DA882DC0D1B3
:10B8100006238DF8043000238DF80730524B8DF845
:10B8200006501B6801A89847B3E7002DB1D14C4BD7
:10B830000122DA64ADE794FAA4F03268B0FA80F03D
:10B8400005FA00F31A430F28326024EA03043A6829
:10B8500040F39C80134200F0A980002CEBD1404BB8
:10B86000D3F800215AB1C3F80041464B1C703F4B3E
:10B870001C70012301933C4B01A81B689847384B6F
:10B88000D3F85821002A2ED00022C3F85821D3F82B
:10B890000044C3F80044E30508D53A4B01221A706E
:10B8A00002230193304B01A81B689847A50508D5D2
:10B8B000344B00221A70032301932B4B01A81B6801
:10B8C000984760050FD52F4B1A7862B100221A7085
:10B8D000234B0122C3F808259A6504230193224BC8
:10B8E00001A81B6898471E4BD3F85C3103B3234B68
:10B8F0009B681BB998F80030590619D0184B0022E4
:10B90000C3F85C21D3F88034184A23F07F03137006
:10B910003B6823F001133B60336823F4803343F02A
:10B9200001033360052301930F4B01A81B6898475F
:10B930003A6833681A4200F0EB8010480022002376
:10B9400004F0ECFE002840F0E380054BD3F82C35E2
:10B95000002B7BD0094803B0BDE8F04F04F0A4BE33
:10B9600000700240985000209C500020CA5B0020CC
:10B970009450002008710240C85B0020F80B0020A2
:10B9800030710240CB5B0020C95B002013407FF484
:10B9900064AF60F07F018DF804908DF806108DF88B
:10B9A0000730DAF8003001A8984756E7A0F11001F7
:10B9B0008DF804908DF806108DF80750F1E749F0E6
:10B9C00080052846FFF720FC4368B0F814A0016802
:10B9D0009A4528BF9A4601F06043B3F1005F0446E0
:10B9E00004D0544852460EF041FC52492268636824
:10B9F00052442260A268A3EB0A03D20768B26360D4
:10BA000053D5BAF1000F52D1002323734FE01146F2
:10BA10004FF0000A604545D1003B18BF0123002AC2
:10BA200042D0504540D9012303FA09F32BEA03031E
:10BA30003B6006238DF804303F4B8DF80650022200
:10BA40001B68A2758DF8072001A89847D7F800B0A9
:10BA500033681BEA03093FF47DAF19F0012314BFDB
:10BA600093FAA3F999FAA9F9B9FA89F9B9F10F0F7B
:10BA7000A5D9A9F11005EDB22846FFF7C5FB04468C
:10BA80002846FFF7FFFD6368B4F814C022689842A7
:10BA9000BDD81B1A00EB020E11466360C4F800E02B
:10BAA0008246B7E70023BAE768B2002BACD04FF06C
:10BAB0008053D3F83031082B02BF204B8222C3F8C9
:10BAC0001C2C336888F80050012202FA09F923EA95
:10BAD00009033360236915F0080F53442361174BA2
:10BAE00019D1002805F00F054FF0140000FB0530B8
:10BAF000A9BF0A3503EB8503C0F80017C0F804A7F7
:10BB0000AFBF43F82520C0F80016C0F804A65A605D
:10BB100003B0BDE8F08F0028B5BFC3F8A016C3F886
:10BB2000A017C3F8A4A6C3F8A4A7B4BF5A629A6426
:10BB3000EEE700BFA44E00209C50002000700240A1
:10BB4000024B40F48070C3F8180570470070024043
:10BB5000030713D400F00F0310F0800F084A0BBF47
:10BB600003F5887303F5847302EB830252F8230014
:10BB700008BF5068003818BF012070470020704788
:10BB800000700240034BC3F80C0540F48070C3F80A
:10BB90000C057047007002400023036043600E4BA9
:10BBA000D3F880240270D3F884244270D3F8882418
:10BBB000D3F88C1442EA01224280D3F89024D3F8BF
:10BBC000941442EA01228280D3F89824D3F89C345A
:10BBD00042EA0323C380704700700240014B0122F8
:10BBE000DA64704700700240014B01221A65704709
:10BBF00000700240014B01225A65704700700240FC
:10BC0000014B1878704700BFCA5B002010B5024690
:10BC1000EFF31184202383F31288BFF36F8F0BF0AF
:10BC200040FD0B49012303FA00F00B6823EA0003EF
:10BC30000B6012F0080101BF02F00F02054B02F584
:10BC4000947243F8221084F31188BFF36F8F10BDF4
:10BC50009850002000700240F7B50146EFF31185BF
:10BC6000202383F31288BFF36F8FFFF7CDFA0646C8
:10BC700008460BF016FD012211F0800F02FA00F2C7
:10BC80002D4818D1036832EA03040AD00846FFF7AA
:10BC9000BDFF0323B37585F31188BFF36F8F03B026
:10BCA000F0BD2649347323EA020303600B6823EADC
:10BCB00002030B60EDE70B0715D48029204B2FD032
:10BCC00001F00F0404F2DA346400C3F80048D3F83A
:10BCD0000448D3F80478E4B244F002043C43C3F8C7
:10BCE0000448D3F80438154F04683B6864EA030C31
:10BCF0001CEA020FCFD013433B60002333730323AE
:10BD0000B3758DF807300F4B8DF8061024EA020446
:10BD1000062204601B688DF8042001A89847BAE742
:10BD200040F2B474C3F80048D3F80448D3F8047858
:10BD3000E4B244F00404D1E794500020985000206D
:10BD4000007002409C50002038B50446094D4FF069
:10BD5000FF324FF0FF33284604F0E0FC2046FFF7A7
:10BD60007BFF284604F0A0FC034B8022C3F804218B
:10BD700038BD00BFF80B002000E100E0F8B54FF03F
:10BD8000FF324FF0FF332B4804F0C8FC2A4B8022CF
:10BD9000C3F884212720E9F7C9FB98B1274E284B27
:10BDA00034681B68240C24041C43012764BB254D04
:10BDB00040F2FF1333602720C5F80445E9F7A2FBE2
:10BDC000C5F80043204A13788BB11E4B0021C3F8FD
:10BDD00008110121C3F80026C3F804165960D3F8EE
:10BDE00008110029FBD00021C3F808111170154B70
:10BDF0000022C3F80025FFF753FA0E4804F054FC64
:10BE0000124B01221A70F8BD94FAA4F5B5FA85F523
:10BE10000F2D2846C6BFA5F11000C0B240F080002B
:10BE2000030701D4FFF718FF07FA05F524EA050414
:10BE3000BCE700BFF80B002000E100E098500020B4
:10BE40009450002000700240C85B0020CC5B0020B2
:10BE500010B504464FF0FF324FF0FF33114804F0A5
:10BE60005DFC2046FFF7F8FE04F00F02012393402B
:10BE70000D4A14F0800F14BFD2F81015D2F8141523
:10BE80006FEA030315BF0B400B40C2F81035C2F830
:10BE90001435044804F008FC044B8022C3F8042144
:10BEA00010BD00BFF80B00200070024000E100E070
:10BEB00070B50446FFF786FB68B904F00F02012550
:10BEC00014F0800F144B05FA02F205D0D3F81015C8
:10BED0000A43C3F8102570BDD3F814150A43C3F8FC
:10BEE0001425631E062BF6D8EFF31186202383F367
:10BEF0001288BFF36F8F2046FFF788FE20460BF0B5
:10BF0000D0FB064A1368854023EA0503136086F3D5
:10BF10001188BFF36F8FDEE700700240945000205D
:10BF2000030610B5044605D4FFF712FE10B12046F3
:10BF3000FFF76CFE014BC3F8184510BD00700240BE
:10BF400014280ED8084A12F8103053B102EB400200
:10BF5000527832B108684343002093FBF2F30B6040
:10BF600070476FF0150070471FE90200054B012272
:10BF7000C3F8002590F8861009B1DA6070471A609E
:10BF80005A607047007000402DE9F0410D7905F0CE
:10BF90001F03072B1DD80C780C2C1AD8DFE804F0EF
:10BFA0000808081907191C19191E20192200032452
:10BFB0004A78032A18D0042A0BD100204A8844F278
:10BFC0000A06B24264D843F6FE76B2420ED8002A80
:10BFD0006CD06FF0150057E00424E9E70524E7E78B
:10BFE0000624E5E70724E3E70120E7E7A2F57F520F
:10BFF0003F3A0B2AEDD801A656F822F0B5C0010051
:10C00000D3BF0100D3BF0100D3BF01002DC0010089
:10C01000D3BF01008DC00100D3BF0100D3BF010019
:10C02000D3BF0100D3BF0100ADC001000022224FE9
:10C030008E7997F8A8C04FF00108000308FA03FEB4
:10C0400040EA042015F020055FFA8EFE40EA024027
:10C050004FEA031214BF2CEA0E0C4CEA0E0C02F14C
:10C06000804287F8A8C002F5E04218BF45461F4449
:10C07000497987F8A01040EA0550C2F81805002059
:10C08000C2F81005C2F81465BDE8F0810122CEE7C0
:10C0900044F21406B2420BD044F22806B24209D050
:10C0A00044F20F06B24294D10322C0E70222BEE757
:10C0B0000422BCE70522BAE7D8010020F7B50D46F7
:10C0C0004FF0FF335B484FF0FF3204F027FB6E6800
:10C0D000731EFE2B44D800235748584F1A4626FAA1
:10C0E00003F111F0010126D017F803C0BCF1000FD5
:10C0F00036D000EB031E6C7CDEF81815003C18BF30
:10C10000012421F0807141EA0461CEF8181503F191
:10C1100051010901013240F801C0D2B20133082BAC
:10C12000DDD12B7C083B062B1AD8DFE803F0111970
:10C1300025192119230000EB031CDCF8184524F015
:10C140008074CCF8184503F1510424010151E5E74E
:10C1500000233949012AC1F8F0356B7C0ED97BB137
:10C160006FF01504334804F09FFA204603B0F0BD89
:10C170000223EEE70323ECE70123EAE7082BEFD8DD
:10C18000C1F8F4352968530011B1898901FB0333E3
:10C19000E96899424AD3284BA968C3F82C162F4660
:10C1A000C3F830260FCF264C04F174060FC63B6847
:10C1B0003360002626672B6827469BB30FCB04F11C
:10C1C000880585E80F006567A4F8986050B3BFF351
:10C1D0005B8F57E8003F47E80062002AF9D1BFF3C0
:10C1E0005B8F1849D4F88850174A4FF400400F4627
:10C1F0003146E5FB007100233846E3F781FF00225A
:10C20000CDE90001002304F1080005F013FB0F48FD
:10C210004FF0FF324FF0FF3304F080FA00B1206797
:10C22000246F9FE70648FFF7A1FEF0E76FF00B04CD
:10C2300098E700BF1802002000700040780200203C
:10C24000D80100203F420F0040420F003002002082
:10C2500038B5104C0025C4F80451D4F80431C4F8A2
:10C260001051D4F810311223C4F804330720E9F731
:10C270003BF92A4601210720E9F766F90648836C55
:10C2800013B9403004F010FA0123C4F8003500203F
:10C2900038BD00BF00700040D8010020F8B53C4B0D
:10C2A000D3F80421002A66D00021C3F80411D3F882
:10C2B0000421384C01229A60C3F80015A66F94F847
:10C2C000A8703742254606D1636FC3B93248BDE82E
:10C2D000F84004F0E9B9D3F82C16F6B213461E4222
:10C2E00008D01F4205D0B1F90020002ABCBF0022AF
:10C2F0000A8002315B009BB29F42F0D2E4E7D4F89F
:10C300008C30B4F898202BB124499847012814D0D8
:10C31000022828D0B4F89830B4F894209A4222D950
:10C320000133A4F898301A4BD3F82C26D3F83416DE
:10C3300089B202EB4102C3F82C26D4F8883023B925
:10C34000BDE8F8401348FFF711BEBFF35B8F55E817
:10C35000003F5A1E45E800210029F8D1BFF35B8F4A
:10C36000012BEDDCF8BDD4F88830002BAED00C48A2
:10C370000DF02CFCAAE7D3F810110029F2D0C3F875
:10C380001021D3F8102101229A601A605A60E9E75F
:10C3900000700040D8010020300200204C02002034
:10C3A000E0010020084B70B5C31A0D4607499B10E9
:10C3B00004465943064840220BF0B8F92B46014683
:10C3C0002046BDE870401847B4500020B76DDBB67A
:10C3D0001CA6020073B50C4C0C4A4023041B0093AE
:10C3E0000D460B460A49A4106143064609480BF066
:10C3F000C9F9011E05DA30462B4602B0BDE870408F
:10C40000184702B070BD00BFB4500020EF770200A3
:10C41000B76DDBB61CA6020010B5EFF31184202324
:10C4200083F31288BFF36F8F074A136823F002016A
:10C43000DB07116002D401200BF0D6FB84F31188D6
:10C44000BFF36F8F10BD00BF04510020002270B5F4
:10C45000012104461046E9F777F80F4801F0DCF8AF
:10C460000E4B984215D101F0E7F826690C49304689
:10C4700007F053FB00280BDB0125356424690849CC
:10C4800004F11C0007F049FB002801DBE5640020F3
:10C4900070BD6FF00400FBE7A9C501000000AD0B03
:10C4A00010D302007FB500220123CDE9022304ABA3
:10C4B000CDE90433094ACDF800D06B46CDF804D05D
:10C4C0000BF08EF9002805DB4FF48042002368460C
:10C4D00004F024F907B05DF804FB00BF0F780200F8
:10C4E00030B4104B0C2202FB003301460020D3E98C
:10C4F0000E529863EFF31180202484F31288BFF367
:10C500006F8F1C6C04F0C00444F002041C6480F3C0
:10C510001188BFF36F8F1DB12B46034830BC1847FD
:10C5200030BC7047B45000201CA6020010B4EFF3DA
:10C530001182202383F31288BFF36F8F184801689C
:10C5400041F002040460C80708D482F31188BFF3E5
:10C550006F8F01205DF8044B01F086B84FF08041E9
:10C56000D1F80C04D1F80C14C907EED5EFF3118003
:10C5700083F31288BFF36F8F0A490B6C03F0C0037B
:10C5800043F002030B6480F31188BFF36F8F82F3D3
:10C590001188BFF36F8F00205DF8044BFFF7A0BF39
:10C5A00004510020B450002010B1012804D070477D
:10C5B000034B1B6C5B0701D1FFF792BF704700BFB5
:10C5C000B4500020024AC3B21C2003FB0020704775
:10C5D000B4500020094BBFF35B8F53E8002F42F0AB
:10C5E000010143E800100028F7D1BFF35B8F9307E8
:10C5F00002D4012001F038B8704700BF0451002078
:10C6000010B5EFF31184202383F31288BFF36F8FEB
:10C61000074A136823F001019B07116002D401202F
:10C620000BF0E2FA84F31188BFF36F8F10BD00BFE7
:10C63000045100202DE9F0413849BFF35B8F0746D4
:10C64000012251E8003F41E800200028F9D1BFF362
:10C650005B8F33B9324933484B60CB608A6007F057
:10C660006FFA7B1E012B2BD8012F07D14FF080438F
:10C67000D3F81C3403F00303012B21D00DF030F963
:10C680000546F8B9284B1B78E3B14FF080430222EE
:10C69000C3F808230646DFF894804FF08044D4F8AE
:10C6A0001824D4F81834D20315D503F00303012B52
:10C6B00001D0012F0FD155B386F31188BFF36F8FCF
:10C6C000BDE8F081EFF31186202383F31288BFF3D6
:10C6D0006F8F0125DFE7ADB1304607F0D3FBD4F80B
:10C6E0001835002BDBD1D4F80421002AD7D0C4F8A8
:10C6F0000431D4F804310123C4F81835C8F8803166
:10C70000A360CCE7002121200DF0A0F9E7E74FF06E
:10C7100080430222C3F80423D2E700BFB0500020B8
:10C72000A0500020D0500020CF5B002000E100E0AE
:10C73000EFF31182202383F31288BFF36F8F0A4B2C
:10C74000D3F8001161B10021D3F80805C3F8001136
:10C75000D3F80031C0B282F31188BFF36F8F7047F6
:10C760006FF00A00F7E700BF00D00040F0B50346C5
:10C7700010469C7893F803C0EFF31182202585F3CF
:10C780001288BFF36F8F1F7893F801E0E41B04EA6F
:10C790000C04A04288BFA0B23E180CEA06063D4633
:10C7A0001E7082F31188BFF36F8F0A188A4216D168
:10C7B00077450CD1EFF31182202181F31288BFF36A
:10C7C0006F8F1978597082F31188BFF36F8F1B79BF
:10C7D000241AA34222BF064B01221A60F0BD5E1943
:10C7E0000135767901F8016B05EA0C05DEE700BF3B
:10C7F00000D00040DB432DE9F04713F001050E4661
:10C80000144604D02248FFF7B1FFBDE8F0879AB381
:10C81000EFF31188202383F31288BFF36F8F0D206D
:10C82000E8F784FE07460D20E8F76CFE88F31188D0
:10C83000BFF36F8FDFF85CA0DFF85C80CAF80051AF
:10C84000DAF800314FF400590123CAF800302546C8
:10C85000C8F88091DAF8003183B1FFF769FF031E51
:10C86000C8F88091F6DB013DADB27355002DF1D1D2
:10C8700017B10D20E8F738FE2046C6E7EFF3118028
:10C88000202383F31288BFF36F8F07F0FBFAE1E7F1
:10C890003851002000D0004000E100E02DE9F041D7
:10C8A000124F0D46144607F1450814B92046BDE85D
:10C8B000F0814FF0FF334FF0FF32384603F02EFF88
:10C8C000224629464046FFF751FF0646384603F008
:10C8D000EBFE3EB94FF0FF324FF0FF33044803F058
:10C8E0001DFFE6E7A41BA4B23544DEE70851002093
:10C8F0002051002038B5194C0122114620460CF079
:10C90000B2FE0122002104F118000CF0ACFE40F24E
:10C910000743A4F848304FF0706323630C2384F876
:10C92000343000250E4B84F84550A4F84650D3F817
:10C93000042542F00102C3F804250121C3F8005187
:10C94000D3F80021C3F804132A4619600D20E8F734
:10C95000FBFD0D20E8F7C8FD284638BD0851002032
:10C9600000D0004010B5FFF7E3FE002820DB174B96
:10C9700093F8322093F8314093F83310141B31EAC6
:10C980000404C0B20DD193F8472093F8464093F8C1
:10C990004810141B31EA04040BD10D4B01225A60DC
:10C9A0000EE09C180132114084F8350083F83210F3
:10C9B00010BD9C180132114084F84A0083F84710DA
:10C9C0000448BDE8104003F06FBE00BF08510020CE
:10C9D00000D0004020510020F0B54068057B01F0F8
:10C9E0001F0444EA4514056987B0002D64D0B2F5F0
:10C9F000001F00F1100506D1214628460BF074F9FE
:10CA0000002007B0F0BD01AE0027B2F5800F0197FE
:10CA1000776039D1B3F1007F14BF052304238DF86B
:10CA200004300023CDE904630393836823FA01F102
:10CA300011F001011AD1B2F1A07F17D104F01F0348
:10CA4000620903F5E0732AD0012A3BD11F4A52F84C
:10CA50002330DB070AD40DF103063246214628466F
:10CA600001F0E0F81A4B98421CD0029603AA214626
:10CA7000284600F099FF174B984220D10122214609
:10CA8000284601F033F9BBE7B3F1C06F05D0B3F12D
:10CA9000007F14BF01230223C1E70323BFE74FF048
:10CAA000A042D4E73146284601F01AF9094B9842D2
:10CAB000DBD06FF00B00A4E76FF08500A1E76FF00B
:10CAC00015009EE751F82330FFDE00BF0003005041
:10CAD0000400AD0B0000AD0B38B545682B69B3B150
:10CAE0001035284601F0ECF8044680B90146284686
:10CAF00001F0B2F8084B98420BD10849224628466B
:10CB000001F08AF8224605210620E8F71DFD0020E5
:10CB100038BD6FF00400FBE70000AD0B21CB010036
:10CB2000420970B5034602D0012A17D070BD0D4EE0
:10CB3000326951680029F9D003F01F0301250C6800
:10CB40009D400029F2D08A682A4002D04B683046C6
:10CB500098472CB1236821461C46F2E7024EE7E7CE
:10CB60002346F8E744A6020030A602002DE9F04370
:10CB7000466840F20635D006337B87B002EA0505E9
:10CB800054BFC2F34010032001F01F07B5F5837FA7
:10CB9000144647EA43178DF8030045D00FD8062DF9
:10CBA00018D007D8B5B1022D40D06FF0150007B0EE
:10CBB000BDE8F083B5F5807FF7D101250AE040F2AA
:10CBC0000222954234D0B5F5407F33D0B5F5007FD1
:10CBD000EBD102250123220303FA01F12CD573685E
:10CBE000C3F80815326982BB07F01F037F0929D0FB
:10CBF000012F77D13E4A02EB830284F48033D2F8CE
:10CC00000017C3F30043C4F3404444EA430421F44F
:10CC1000E16144EA800421F0070144EA05230B4363
:10CC2000C2F800370020C2E70725D3E70425D1E783
:10CC30000525CFE70325CDE7630344BF7368C3F839
:10CC40000C15CFE74FF0A042D5E710360DF10202E8
:10CC50003946304600F0E6FF14F4403F80460CD1E0
:10CC6000394630460BF03EF8224B9845DAD19DF814
:10CC70000210304601F02EF8D4E701AB4FF0000966
:10CC800003AA39463046CDE90439CDE90199CDF8FA
:10CC90000C9000F089FE174B984286D114F40033B3
:10CCA00015D09DF803308DF80E3084F48034C4F331
:10CCB00000444B4603AA394630468DF80C508DF897
:10CCC0000D4000F02BFF0B4B9842CDD06DE7CDE926
:10CCD000043303AA0DF1030339463046039300F0F1
:10CCE00063FEF0E703F5E07352F82330FFDE00BF88
:10CCF000000300500000AD0B0B680068C01A024B27
:10CD000080105843704700BFCDCCCCCCD0E9000197
:10CD1000014B0C220DF016B8F9CC01002DE9F041C1
:10CD20000569044628460C2740F8044BFFF7EEFF40
:10CD300005F1100022490CF075FD26690025B36845
:10CD40009D4208D2726807FB05F302EB0308D05836
:10CD50000CF096FAB8B9666800250C277368AB42E8
:10CD600008D9326807FB05F302EB0308D0580CF032
:10CD700087FA88B965680C2600246B68A34214D82A
:10CD80000020BDE8F0814FF4803140460AF0C9FD33
:10CD90000028E0D10135D2E74FF4003140460AF0D7
:10CDA000C0FD0028E6D10135D8E72868002106FB40
:10CDB00004000AF0CBFD0028E2D10134DDE700BF1A
:10CDC000137B0200014B01221A60704700C0004033
:10CDD0000C2903690BD1DB6A064907484B4393FBD7
:10CDE000F0F100FB113311605360002070476FF0C9
:10CDF0008500704790D0030040420F00044B00694B
:10CE00000022C3F80021D3F8003103F04DBC00BF6D
:10CE100000C000407FB505692B6B63B3402901D08A
:10CE20000C292BD105F118064FF0FF324FF0FF33DC
:10CE3000304603F03FFB134B0193286B0323002480
:10CE400069460394029306F07BFE4FF0FF324FF0E9
:10CE5000FF33284603F062FC286B06F0C8FE0A4B3D
:10CE6000D3F80825EA6201225A60304603F09AFBA3
:10CE7000204604B070BD6FF00A00FAE76FF085003D
:10CE8000F7E700BFC5CD010000C0004010B5046940
:10CE90000020FFF797FB20634FF0FF320021204670
:10CEA0000CF0E1FB04F118000CF0F4FA002201216F
:10CEB0000C20E8F749FB0C20E8F716FB024B012297
:10CEC000C3F80423002010BD00C0004070B501234A
:10CED00083400E4ABFF35B8FDC4352E8001F01EA38
:10CEE000040542E80056002EF7D1BFF35B8F4FF4E4
:10CEF000803282400648C0F80823BFF35F8FBFF33B
:10CF00006F8F0B4214BF0120002070BDD451002050
:10CF10000010014070B40E49D1E90034D01AC31892
:10CF200044F1000422F07F46C1E90034A6F5001365
:10CF3000B3F5400F09D2074B1B681A0A1B069C1950
:10CF4000054B42F10005C3E9004570BC04F092BBFB
:10CF5000B0200020D8510020B820002011B3BFF32A
:10CF60005B8F0123104A834052E800CF4CEA030C48
:10CF700042E800C10029F7D1BFF35B8F0B4A4FF4A1
:10CF800080338340C2F80433094BBFF35B8F1B68C7
:10CF9000BFF35B8FC340DB0742BF064B4FF4003249
:10CFA000C3F80021704700BFD45100200010014099
:10CFB000D051002000E100E00D4B1868010A000686
:10CFC000BFF35F8F0B4BD3F80435181841F1000104
:10CFD000B3F5801F0AD2084BD3E90023904271EBCE
:10CFE000030303D210F1807041F10001704700BFCC
:10CFF000D851002000100140B82000202DE9F04F4A
:10D0000085B016461F469DF840A00446FFF75EFF18
:10D010000190FFF7D1FFB04271EB070354D23E4BB2
:10D02000301A67EB0101984271F100014FD23B4B7E
:10D0300003EB0413D3E902239F4208BF96425ED05C
:10D0400037494FF4803804F1500508FA04F8AD0070
:10D05000C1F848832046ADB20AF0B7FD26F07F4BF9
:10D0600005F1804504F5A87305F58835DC464FF0D9
:10D0700003090293029A2CF07F4341F82230C1F851
:10D080004483D1F80435274A6FF00200C01A604487
:10D0900020F07F40904232D9286868B1D1F8043539
:10D0A0000393A3EB0B0020F07F40B0F5000F26D9CF
:10D0B00020460AF08AFD039BBAF1000F07D109EB65
:10D0C000030C09F10109D5E7BAF1000F09D06FF09F
:10D0D000150520460199FFF741FF284605B0BDE838
:10D0E000F08F0123104ABFF35B8FA34052E8000F7B
:10D0F000184342E800010029F8D1BFF35B8F0749CC
:10D100000E98230101EB0412C8500F9B5360C2E933
:10D1100002670025DDE700BF01008000A02000209D
:10D1200000100140FDFF7F00D05100207FB51C4C56
:10D130001C4BC4F80833C4F848331B4B00254FF090
:10D14000FF304FF0FF31C4F80855C3E902014FF436
:10D150008033C4F80433154B02264FF4003201210A
:10D16000C4F804631120C3F880212A46E8F7ECF9DB
:10D170001120E8F7B9F90E4A0123A3602360136078
:10D180000C4B0D4A0093CDE9015500232846FFF7CB
:10D1900035FF3046FFF74EFA284604B070BD00BF99
:10D1A0000010014003000F00A020002000E100E07B
:10D1B000D451002015CF0100FFFF7F002DE9F74378
:10D1C0002F4CD4F8043399070BD5D4F8043143B16C
:10D1D0002C4A0023C4F80431D4F804311368013315
:10D1E0001360D4F80433DA0329D5BFF35B8F264BE1
:10D1F00053E8002F22F0010143E800100028F7D186
:10D20000BFF35B8FD30702D4D4F84031BBB1002504
:10D21000C4F84051D4F84031FFF7CEFEEFF311824D
:10D22000202383F31288BFF36F8F184BD3E9026773
:10D23000B042B94106D282F31188BFF36F8F03B0B9
:10D24000BDE8F0834FF0FF384FF0FF39C3E90289A2
:10D25000D3E900101D604FF48033C4F84833C4F89C
:10D260004051D4F8403182F31188BFF36F8F002909
:10D27000E5D0009032463B4628468847DFE700BFAE
:10D2800000100140D8510020D0510020A0200020E3
:10D2900030B5431C124C85B005D08442A8BF04466B
:10D2A000012CB8BF0124FFF787FE0E4B0C4DD3E9CC
:10D2B0000013401AB0F5000F10D22218AA4228BF5E
:10D2C0002A4652184FF0000007490091CDE90100AD
:10D2D00043F10003FFF792FE05B030BD2A46F0E7A8
:10D2E000FFFF7F00B020002015CF010008B5FFF739
:10D2F00063FE024B1B68C01A08BD00BFB0200020AF
:10D3000010B5084C012363601120E8F7FBF8064BC9
:10D31000C4F80833C4F84833044B4FF40032C3F860
:10D32000802110BD0010014003000F0000E100E06B
:10D330004FF08053D3F83021082A06D1D3F8343186
:10D34000052B02D8024AD05C70470020704700BF0E
:10D35000E0E9020008B54FF08053D3F83021082AE5
:10D360004ED14FF080420021C2F80C11C2F81011CA
:10D37000C2F8381502F54042D3F80414C2F820155B
:10D38000D3F80814C2F82415D3F80C14C2F82815E1
:10D39000D3F81014C2F82C15D3F81414C2F83015B1
:10D3A000D3F81814C2F83415D3F81C14C2F8401579
:10D3B000D3F82014C2F84415D3F82414C2F8481541
:10D3C000D3F82814C2F84C15D3F82C14C2F8501511
:10D3D000D3F83014C2F85415D3F83414C2F86015D9
:10D3E000D3F83814C2F86415D3F83C14C2F86815A1
:10D3F000D3F84014C2F86C15D3F84434C2F8703531
:10D40000FFF796FF18B12B4B2B4AC3F88C26FFF77A
:10D410008FFF18B1294BFB22C3F81825FFF788FFAF
:10D4200070B14FF080414FF08053D1F8E42ED3F823
:10D43000583222F00F0203F00F031343C1F8E43E09
:10D44000FFF776FF20B11E4B4FF40072C3F8402661
:10D450004FF08053D3F83031082B09D14FF080437F
:10D46000D3F80024D20744BF6FF00102C3F80024B0
:10D47000144AD2F8883043F47003C2F88830BFF3FE
:10D480004F8FBFF36F8F4FF08053D3F83021082AAE
:10D490000ED1D3F83431052B02D80B4AD35C3BB103
:10D4A0004FF01023D3F808224FF08043C3F85825DB
:10D4B00008BD00BF005000404881030000F000405C
:10D4C0000090024000ED00E0DAE9020030B50468A7
:10D4D000CCB1BFF35B8FB4FA84F3C3F11F03DBB2AB
:10D4E00001229A4024EA020250E8005FA54204D1DA
:10D4F00040E8002CBCF1000FF6D1BFF35B8FE6D102
:10D5000002480B7030BD0248FCE700BF0000AD0BC5
:10D510000200AD0B10B50368CB40DB0714D4012328
:10D520008B400268BFF35B8F43EA020150E8004F73
:10D53000944204D140E8001CBCF1000FF6D1BFF3C7
:10D540005B8FEED1014810BD0148FCE70000AD0B38
:10D550000400AD0BF7B50546F8B101281BD1042234
:10D560004FF4807301464FF0804003440244C0F8FA
:10D5700008130026012111601E608D421B688DF882
:10D58000071008BF0DF1070642F210744FF08047F4
:10D5900045B1012D28D003B0F0BD0C224FF48273A9
:10D5A0000221E0E7D7F8183403F480333EB9002BAA
:10D5B000F1D001200AF016FB013CF3D1EBE7D7F8DC
:10D5C000182402F003023260002BE4D09DF807001B
:10D5D000012803D10AF006FB013CD9D1012DDAD193
:10D5E0000C4B00225A71D6E7D7F80C3403F4803381
:10D5F0003EB9002BF4D001200AF0F4FA013CF3D13B
:10D60000EEE7D7F80C2402F001023270002BDDD1D6
:10D61000E6E700BFDC510020044B1A7922B9012251
:10D6200018609A800248704702487047DC51002019
:10D630000000AD0B0C00AD0B08B5094B1B682BB1FE
:10D640000020E7F773FF08B9E7F74EFF4FF080437C
:10D650000022C3F81825034B01221A7008BD00BF31
:10D66000DC510020CD5B002010B510B1012843D063
:10D6700010BD4FF08043D3F81814D3F81824C80312
:10D6800021D502F00303012B04D013B10020FFF7D2
:10D6900061FF00234FF080420220C2F818350822B3
:10D6A0004FF4827303F180430021196002F180423C
:10D6B0001C6801241460154A12680AB34FF08043B5
:10D6C000C3F80403D4E7D3F81424D107E1D5D3F881
:10D6D0001C249207DAD40D4A12681AB10222C3F848
:10D6E0000423C5E7D3F80421002AFBD00022C3F8A5
:10D6F0000421D3F80431BBE700224FF48073D1E753
:10D700001A68002AFCD019601B68B1E7DC510020C0
:10D7100010B54FF08043D3F800216AB10022C3F85E
:10D720000021D3F800210122C3F80823114B5879B6
:10D7300010B95A711B6898474FF08043D3F8042101
:10D7400072B10022C3F80421D3F80421D3F81824BD
:10D75000D3F81824920704D10122C3F818259A603F
:10D7600010BD0222C3F80823024BBDE810401B681D
:10D7700001201847DC510020036803F01F025B09F9
:10D78000026004D0012B034818BF002070474FF0FF
:10D79000A040704700030050034A430900F01F00F7
:10D7A000D35C1844C0B27047E6E9020070B5054684
:10D7B000FFF7F2FF0C4C08300E4634F81030DA0553
:10D7C00008D5C3F3432304EBC302284654F833308F
:10D7D00052689847A3682BB1E26831462846BDE8F5
:10D7E0007040184770BD00BFF008002008B5FFF773
:10D7F000D3FF034B083033F81000400B08BD00BFC7
:10D80000F008002008B5FFF7C7FF034B083033F8D6
:10D810001000C0F3400008BDF008002008B5FFF775
:10D82000BBFF034B083033F81000C0F3401008BDB5
:10D83000F0080020034611F0010010B5CCB20DD164
:10D84000A207C4F3400012D5094AD2F82005586057
:10D85000C2F82005003818BF012008E04FF0A041B1
:10D86000D1F820251A60C1F82025002AE8D010BD83
:10D870000003005010B5FFF78FFF124A083032F84E
:10D880001030D9051CD5C3F3432123F4F85322F8F3
:10D89000103002F10E04002034F8023F13F4807FB0
:10D8A00003D0C3F3432399420AD001303028F3D187
:10D8B000002342F831300448BDE81040FFF72ABE8B
:10D8C00010BD00BFF008002068090020F0B5054633
:10D8D00000200446012607468C420BD1114BD3F899
:10D8E0007C2132B10022C3F87C21D3F87C3140F096
:10D8F0000040F0BDE3B29B0003F580729B0806FA7E
:10D9000003F31D420BD002F1804202F5C042D2F86F
:10D9100000C0BCF1000F02D0176012681843013438
:10D92000DAE700BF00600040F7B506460846FFF79B
:10D9300033FF194F00F108050C4637F81530DB07A7
:10D9400027D530460AF0AAF92046FFF767FF40B115
:10D950002046FFF74BFF316800F5A270002341F825
:10D9600020302046FFF786FF002301A827F8153056
:10D970000194FFF701FF019B00EB8300074BD0F8F8
:10D980000027134043F00203C0F80037044803B0F7
:10D99000F0BD0448FBE700BFF0080020F0F8FCFFF2
:10D9A0000000AD0B0400AD0B2DE9FF41164680468B
:10D9B0000846FFF7F1FE0D463168044609B32846D4
:10D9C000FFF720FF18B12846FFF728FF10BB002300
:10D9D000CDE900338DF80E308DF80F300DF10F02C8
:10D9E0000B4628460DF10E010AF000F9474A04F1F2
:10D9F000080132F8113023F0020343F0010322F84A
:10DA00001130736863B328461F785968FFF7FAFE30
:10DA100010B1D1B13E4826E03C4A04F1080032F88A
:10DA2000103023F02003DB04DB0C22F8103061B14E
:10DA3000032FEFD87168496891F800C0D8F800103A
:10DA4000A7B90CF5A27C41F82C70304A04F108010A
:10DA500032F8113023F01C0343EA870322F8113017
:10DA6000B3684BBB2B4804B0BDE8F08101EB8C01DF
:10DA700043EA4C33D1F810E52EF0030EC1F810E55F
:10DA8000D8F8001001EB8C0E43F02003DEF81015DF
:10DA900022F8103021F44F3121F44071CEF81015E6
:10DAA0002902DEF8108501F47C5141EA074141EA80
:10DAB0000801CEF81015C8E7D3E900672846FFF73C
:10DAC000D9FE002ECED0114DD5E90023964203D1C8
:10DAD0009F4201D1002209E00F480DF10F01FFF72D
:10DAE000F5FC0C4B9842BED19DF80F2045F83260F2
:10DAF00005EBC20308345F6035F8143043EA422373
:10DB000043F4807325F81430ACE700BFF008002020
:10DB10000400AD0B0000AD0B680900202DE9F043B7
:10DB20000C4685B08046204611461E46FFF734FE5F
:10DB3000054629B32046FFF765FE18B92046FFF7D2
:10DB40006DFE18BB314F05F1080937F8193013F095
:10DB50001C0F02D04B78012B18D001238DF80F3009
:10DB60000023CDE900134A1C8B1C20460DF10F0148
:10DB70000AF03CF837F8193043F0030327F819305E
:10DB8000002E41D02046FFF73DFE18B9204805B0D1
:10DB9000BDE8F08396F800C0D8F800301B4F0CF5B4
:10DBA000A272002143F8221005F1080237F8121082
:10DBB00021F02001C904C90C27F8121075781DB393
:10DBC000D8F80000B67800EB8C002D04D0F81035A2
:10DBD00023F4991323F4F853C0F81035230203F407
:10DBE0007C5305F440353605D0F810E52B4306F498
:10DBF000801641EA4C31334341F0200143EA0E03E1
:10DC000027F81210C0F810350248C0E7F0080020CD
:10DC10000400AD0B0000AD0B014BC3E902127047CD
:10DC2000F008002010B508461446FFF7F7FD50B184
:10DC30000846FFF7B1FD054B083033F810300448B3
:10DC40005B0B237010BD0348FCE700BFF008002009
:10DC50000000AD0B0400AD0B70B5164D95F880407B
:10DC600006462CBB2146602205F110000CF026FB75
:10DC700030682E6F21468E420ED10023C0F87C31D1
:10DC8000D0F87C3140F30730E7F72EFC01230A4837
:10DC900085F88030AB6770BDCBB29B0003F5807216
:10DCA0007C2B08BF845001F1010108BF8358E2E7D3
:10DCB0000248F0E7F00800200000AD0B0C00AD0BAF
:10DCC000034B93F88000003818BF0120704700BF55
:10DCD000F00800200148FFF71DBC00BF64090020C8
:10DCE0000148FFF7F3BB00BF6409002073B5036868
:10DCF0001646D3F80423002AA8BF4FF00042054679
:10DD0000A8BFC3F8042308460C46FFF787FD00B3FD
:10DD10000846FFF777FD0146D8B92046FFF766FDB4
:10DD200004B2A40004F58072034628688150296873
:10DD300082582144D1F8102542F00102C1F8102583
:10DD40002EB12968012202FA03F3C1F8043302B0AC
:10DD500070BD2046FFF720FD0F4B083033F8103020
:10DD6000C3F38203042B12D0052B12D001A8019417
:10DD7000FFF702FD019AD0F81035D34003F00103FC
:10DD8000991C204602B0BDE8704009F078BF03211D
:10DD9000F7E70221F5E700BFF00800202DE9F04F7A
:10DDA000694BDFF8B081D3F80403D8F87010C0B223
:10DDB00089B040F00040FFF789FD051E2FDAC2460A
:10DDC00000235AF87C1F06A8CDE90633FFF732FD81
:10DDD0005E4B01930DF118094FF0000B019A12F8F8
:10DDE000013B0192DA0803F007031AF8022022FA35
:10DDF00003F3DA071CD409F10409BBF1000F14D0B6
:10DE0000D8F870104FF00040FFF760FDD8F87C1094
:10DE100006A8FFF70FFD0028DAD125F00045012400
:10DE2000002D79D109B0BDE8F08F4FF0010BD5E797
:10DE3000474B5B440293D9F800100029DBD0029BCA
:10DE400091FAA1F11C78B1FA81F141EA441420461B
:10DE5000FFF7A2FC0830059438F81070C808BB081A
:10DE600019F80020039301F00701012303FA01F1DF
:10DE700022EA010209F8002005A8FFF77DFC059AB7
:10DE8000039B02F5E072C7F3820650F822205B077D
:10DE90003746C2F3014224D520463946D6B2FFF7B1
:10DEA00085FC05A80594FFF767FC059B03F5E07367
:10DEB00050F82330C3F301439E4207D1002120468E
:10DEC00009F0DDFE3146204609F0D9FE05A805948B
:10DED000FFF752FC059B012202FA03F3C0F820353C
:10DEE000A9E7022A0CD10321204609F0C8FE06F05A
:10DEF0000503012BEAD139462046FFF757FCE5E739
:10DF000002212046039209F0BAFE032EF3D0039AB1
:10DF1000032ADBD1022EEDE795FAA5F3B3FA83F3DA
:10DF200004FA03F29B0003F1804303F5C04325EAA2
:10DF30000205D3F81005D3F81015C0F30520C1F37E
:10DF40000141FFF733FC6BE700600040F6E9020097
:10DF5000F6E90200F008002010B5184C237853BBF6
:10DF60000278C2F34003920712D54FF08053D3F8E2
:10DF70003021082A0BD1D3F83431052B07D8104AA9
:10DF8000D35C23B14FF080430122C3F8382601232C
:10DF90004FF08042C2F88035037803F00103C2F8E5
:10DFA00078350020E7F7C2FA08B9E7F79DFA0123B0
:10DFB0000448237010BD0448FCE700BFCE5B00207E
:10DFC000F8E902000000AD0B0C00AD0B4FF08043F0
:10DFD0004FF46072C3F80823014B00221A607047A7
:10DFE000E451002008B5FFF7F1FF03680BB1014AC7
:10DFF000136008BDE451002010B54FF08043D3F802
:10E000000443620707D54FF4847009F06FFE10B126
:10E010001E4B1B689847A30608D54FF48A7009F079
:10E0200065FE18B11A4B00201B689847600608D59A
:10E030004FF48C7009F05AFE18B1154B01201B6883
:10E040009847210608D54FF48E7009F04FFE18B19D
:10E05000104B00201B689847E20508D54FF49070DC
:10E0600009F044FE18B10B4B01201B689847A3052B
:10E070000AD54FF4927009F039FE28B1054BBDE87E
:10E0800010401B680220184710BD00BFEC51002053
:10E09000E8510020E4510020C02AF0B540D0B2F58C
:10E0A000807F3FD0802A40F0BB800A230360034674
:10E0B0000024520943F8044F01EB82028A4233D113
:10E0C00003680C2B35D00E2B63D00A2B26D1564D6E
:10E0D000564900F1A006426955F8044B8768C2F31F
:10E0E00007237C40CB5C6340140E10300C5D83EA48
:10E0F0000443D4B20C5D83EA0463C2F307440C5DAD
:10E1000083EA042350F8044C836063400468C360CE
:10E1100063405A40036142618642DCD10020F0BD79
:10E120000C23C3E70E23C1E751F8044B43F8044F17
:10E13000C4E73D4C3D4900F1C005C26954F8046B89
:10E140008768C2F307237E40CB5C7340160E1830FD
:10E150008E5D83EA0643D6B28E5D83EA0663C2F320
:10E1600007468E5D83EA062350F80C6C836073408B
:10E1700050F8086CC360734050F8046C036173403E
:10E180000668436173405A408361C2618542D4D1BD
:10E19000C4E7254D254900F1E006446A55F8042BF3
:10E1A0008768C4F307237A40CB5C87695340220E0B
:10E1B00020308A5C83EA0243E2B28A5C83EA02632B
:10E1C000C4F307428A5C83EA022350F8142C83606C
:10E1D000534050F8102CC360534050F80C2C03618E
:10E1E0005340DAB243618A5C7A401F0ECF5D82EA07
:10E1F0000762C3F30727C3F30743CF5DCB5C82EA13
:10E20000072282EA034350F8042C836153400268DA
:10E21000C36153405C40036244628642BDD17DE7E6
:10E220006FF01F007BE700BF9CD30200FEEA0200F4
:10E230002DE9F04FC9B0044602A816460D4609F074
:10E2400076FD002332466360294602A8FFF724FFCB
:10E250000646002862D1029F039B3548DFF8D4C0F0
:10E26000276004A903EB870301EB830251F82330F5
:10E27000A3605368E36093682361D368636104F12A
:10E28000180E103A7B1E994671469046B9F1000F60
:10E290002CDD01F11004A8F1040B01945BF8044F8C
:10E2A000250E1CF8055050F825A0E5B21CF80550C5
:10E2B00050F8255085EA3A2AC4F30725C4F30744E9
:10E2C0001CF805501CF8044050F8255050F8244024
:10E2D0008AEA356585EA344541F8045B019CA14230
:10E2E000DCD109F1FF39A8F11008CFE76FF00F0179
:10E2F0004B43002FCCBF1C46002402EB0400C3F1AB
:10E300000003D8BF00230EEB030112594EF803207F
:10E3100043684B6083688B60C368CB6002A84FF48E
:10E320008C7100F0F3FE304649B0BDE8F08F00BFBD
:10E33000C4D30200FEEA02002DE9F04F9046446883
:10E340000E684D6800F1080202EB840352F82420A5
:10E350008C68C9688FB07240019206925A68554025
:10E360009A6807955440DA68089451400268099108
:10E370004FEA620E03F13000CC4B0EF1FF3E00225B
:10E3800050E906A6029650F8106C039650F80C6CF3
:10E39000049650E9087B50F8086C0596BEF1000F12
:10E3A00000F1200050F8249C00F3C68022B1019AAD
:10E3B000CDE90841CDE90625DDE90640DDE908653E
:10E3C000E1B22A0E53F8211053F8222081EA3221BB
:10E3D000C0F3072253F8222081EA3261C6F30742D4
:10E3E00053F8222081EA3241220E794053F82270FC
:10E3F0000A91C2B253F8222082EA3722C6F30727D5
:10E4000053F8277082EA3762C5F3074753F827703D
:10E4100082EA3742070EC0F3074053F827C053F88B
:10E420002000F7B2360E53F8277053F8266087EABB
:10E430003C27C5F3072CEDB253F82CC053F82550F8
:10E4400087EA3C67C4F3074CC4F3072485EA362502
:10E4500053F8244053F82CC0029B039E85EA346491
:10E4600084EA30405840040E914B0D901D5DCCB2B3
:10E4700082EA0B021C5D0B92744084EA0564C2F3CD
:10E48000072587EA3C475D5D87EA0A0784EA052499
:10E49000C7F307450C975D5D84EA054E0D0ECDF878
:10E4A00018E05E5DD5B25D5D049CC8F800E0654093
:10E4B00085EA0665C7F30726059C9E5D85EA062565
:10E4C000C0F307469E5D85EA0645160EC2F3074275
:10E4D00013F806C0C8F80450FEB23F0E9E5DDF5D23
:10E4E0000795664086EA0C66C0F3072CC0B213F8A5
:10E4F0000CC0185C86EA0C26C1F3074CC1F3072157
:10E5000080EA0900595C13F80CC09B5C80EA076044
:10E5100080EA012181EA034386EA0C4606A8C8F88E
:10E520000860C8F80C3020210896099300F0EEFD31
:10E5300000200FB0BDE8F08F0A0E029E53F822C0F3
:10E540009DF8042053F822207A4082EA3C2CC5F33F
:10E550000722EFB253F8222053F827708CEA326C6E
:10E56000C4F307428BEA070753F822208CEA324CA7
:10E57000019A120E0EF1FF3E53F8222087EA32274D
:10E58000C4F3072253F8222087EA3267C1F3074217
:10E5900053F8222087EA32472A0EC5F3074553F87D
:10E5A00022B0E2B2240E53F8222053F824408AEA23
:10E5B0000202C1F3072AC9B253F82AA053F8211066
:10E5C0004E4086EA3421019CC4F3072682EA3B22AE
:10E5D00053F8264081EA346153F825405FFA8CF500
:10E5E00081EA34410C0E53F82560039D53F8244012
:10E5F00082EA3A6A019A7540C2F3074285EA3426F4
:10E60000C7F3072453F8222053F824408AEA324201
:10E6100086EA3466C2F30744FDB253F8244053F847
:10E62000255086EA344401944FEA1C64049E53F852
:10E6300024406E4086EA3425C2F3072453F8244070
:10E6400085EA3465C1F3074453F8244085EA34452C
:10E650003C0EC7F3074753F824A0059ED4B2120E10
:10E6600053F8244053F82220664086EA3A24C1F346
:10E67000072AC9B253F82AA053F8211084EA3A6451
:10E68000CCF3074ACCF3072C89EA010181EA322155
:10E6900053F82C2053F82AA081EA326153F827203E
:10E6A00084EA3A4481EA3241012269E6C4D7020091
:10E6B000FEEA02002DE9F04F904644680E684D686E
:10E6C00000F1080202EB840352F824208C68C96828
:10E6D00056405A6855409A685440DA688FB05140A5
:10E6E0000268069630334FEA620E0193CE4B0795CF
:10E6F000089409910EF1FF3E0022019850E9087B31
:10E7000050E906A00290019850F8100C039001986F
:10E7100050F80C0C0490019850F8080C05900198E2
:10E72000BEF1000F00F12000019050F8249C00F38E
:10E73000C5801AB1CDE90665CDE908410798069E66
:10E74000020EDDE9084553F82210F2B253F82220F8
:10E7500082EA3122C5F3072153F8211082EA31629F
:10E76000C4F3074153F8211082EA31425740220E88
:10E770000A9753F82210C2B253F8222082EA3122BB
:10E78000C6F3072153F8211082EA3162C5F307412D
:10E7900053F8211082EA3142290EEDB253F821C01C
:10E7A00053F82550E1B2C4F3072453F8211053F86D
:10E7B000244081EA3C21C0F3072CC0F3074053F802
:10E7C0002CC053F8200081EA3C61C6F3074C360E9A
:10E7D00053F82CC053F82660029B85EA362585EA5B
:10E7E000346482EA0B0284EA30405840140E8F4BA6
:10E7F000039E1D5D0B92FCB281EA3C411C5D0D90B5
:10E80000744084EA0564C0F3072581EA0A015D5D6E
:10E810000C9184EA0524C1F307455D5D84EA054E49
:10E820000D0ECDF818E05E5DD5B25D5D049CC8F8B4
:10E8300000E0654085EA0665C7F30726059C9E5DF6
:10E8400085EA0625C0F307469E5D85EA0645060E65
:10E85000C0B213F806C0185CC8F80450CEB2C1F3B9
:10E8600007219E5D595C0795664086EA0C66C2F3F7
:10E87000072CC2F3074213F80CC086EA0C26C7F334
:10E88000074C3F0E80EA0900DF5D13F80CC09B5C6B
:10E8900080EA076080EA012181EA034386EA0C46A8
:10E8A00006A8C8F80860C8F80C302021089609931B
:10E8B00000F02CFC00200FB0BDE8F08F2A0E02986B
:10E8C00053F822C0F2B20EF1FF3E53F822207A40F4
:10E8D00082EA3C2CC1F30722EFB253F8222053F80E
:10E8E00027708CEA326CC4F307428BEA070753F8AF
:10E8F00022208CEA324C220E53F8222087EA32275B
:10E90000C6F3072253F8222087EA3267C1F3074291
:10E9100053F8222087EA32470A0EC9B253F822B0D0
:10E9200053F82110E2B2C4F3072453F8222053F81D
:10E9300024408AEA0202C5F3072A82EA3B2253F8FE
:10E940002AA082EA3A6AC6F30742360E484053F8D4
:10E95000266053F82220C5F3074580EA362181EA74
:10E96000346153F8254003985FFA8CF581EA34410D
:10E970003C0E53F8256053F82440704080EA34265A
:10E98000C1F307248AEA324253F82440049886EA05
:10E990003466C2F30744FDB253F8244053F82550BF
:10E9A00086EA3446140E684053F8244080EA342541
:10E9B000CCF30724059853F8244085EA3465C1F365
:10E9C000074453F8244085EA34450C0EC9B253F885
:10E9D00024A0D4B2C2F3072253F82440604080EA56
:10E9E0003A24C7F3072AC7F3074753F82AA084EA53
:10E9F0003A64CCF3074A4FEA1C6C53F82AA053F848
:10EA00002CC053F8211053F8222089EA010181EA31
:10EA10003C2181EA326153F8272084EA3A4481EAB2
:10EA20003241012269E600BFC4D30200FEE90200C0
:10EA3000F0B50C4B0C4E0446586800B9F0BDC579D2
:10EA4000C5F3840556F825502D78A54208D145799F
:10EA500005F00F07B1EB871F02D1B2EB151FEDD008
:10EA60000833E9E7C4DB02007409002038B5044626
:10EA700038B390F84430012B11D1C56B4DB12B7ACE
:10EA8000012B02D1686809F073FC0C21284609F0BB
:10EA9000F6F920464821BDE8384000F037BB006C4D
:10EAA00010B1242109F0EBF9E06B0028F1D02368C4
:10EAB000044ADB79C3F3840352F823309B699847F7
:10EAC000E7E738BD7409002038B505460C46A9B102
:10EAD000482200210BF0F2FBE379094AC3F38403D7
:10EAE00052F823305B6913B92C60002038BD984779
:10EAF000E8630028F8D1A0F5C340F7E70148F5E73F
:10EB000074090020009FFFFF2DE9F0431E46DBB291
:10EB1000012B87B004468846154672D8D0F800907D
:10EB2000B9F1000F6DD090F84430012B39D1C76B8B
:10EB30001822002168460BF0C1FB6B0761D13B7ABC
:10EB4000002B5ED199F80620102A08D80D2A08D883
:10EB5000023A052A05D92C4807B0BDE8F083263AC9
:10EB6000F7E74FF41053ADF800304FF440730293C1
:10EB70003B46414653F8042B0392EA1DD2086846EF
:10EB800009F0C7FC10F1860FE5D028B18D301F4881
:10EB900018BF6FF06F00DFE701233B7265602672DC
:10EBA000DAE799F8073003F00303012B06D899F848
:10EBB000053003F00F03B2EB831F22D1656026728C
:10EBC000012EE06B99F80730114909D099F805201A
:10EBD00002F0F004302C03D002F0E002402A0AD107
:10EBE000C3F3840351F82330DB682A46414607B05B
:10EBF000BDE8F0431847C3F3840351F823301B6981
:10EC0000F3E70448A8E700BF809FFFFF809EFFFF57
:10EC100074090020009FFFFF2DE9F04F154685B0D5
:10EC20000268DDF838A00446884699461AB9634858
:10EC300005B0BDE8F08F90F84420012A01D160486A
:10EC4000F6E70022CAF800200268002A00F0B2802D
:10EC5000167916F01F0600F0AD80527902F0F0022E
:10EC6000102A15D1B54240F0A780CAF800500268BA
:10EC70005449D279C2F3840251F8222090F9081045
:10EC80005568C06B4246AC4605B0BDE8F04F6047E2
:10EC9000994208D1436A002BC9D1B5FBF6F306FBB4
:10ECA0001353002BC3D1202AC9D194F90830626ACA
:10ECB00003928BB9039BE268F31A8AB1AB4249D342
:10ECC000039814302A46414620440BF0CFFA636A79
:10ECD0002B4463620020ABE7012B03D1039BF31AA3
:10ECE000AB42EDD8039B002B37D1002DF2D0B5FB02
:10ECF000F6F706FB175737B994F908301BB9E368E4
:10ED0000002B18BF3746ED1B3A4608EB050104F10E
:10ED100014000BF0ABFA636A3B446362002DD9D058
:10ED20002368284ADB79C3F3840352F82330CDE902
:10ED300000892A469E6894F90810E06B04F12803C4
:10ED4000B04700287FF474AFDAF800302B44CAF8DB
:10ED50000030BFE7039B002BC9D0039BA6EB030B3E
:10ED600003F114005A46414620440BF07FFA234633
:10ED7000144953F8142BD279C2F3840251F822209B
:10ED8000CDE90039936894F90810E06B1F463246CC
:10ED900004F12803B84700287FF44AAFDAF80030BE
:10EDA000039F33442F44CAF80030B1446062D84412
:10EDB000BD1B9AE704483BE7044839E7009FFFFF83
:10EDC000809FFFFF74090020809CFFFF809DFFFF54
:10EDD00070B50C230024CD5822462EBA42EA4602D2
:10EDE00012BAC250043B1A1DC5F3C014F3D1084B2C
:10EDF0001A680B7882EAD31253085B4252421343DB
:10EE0000DB17C27B03F087035340C373002070BD40
:10EE1000F051002038B50546D0B10468C4B1B9B18D
:10EE20000123FFF771FE044698B92B6883B19B79E3
:10EE3000042B0BD8012B0BD92421012000F072F9EF
:10EE400048B12864102100F061F902E0242BF3D0CE
:10EE5000024C204638BD024CFBE700BF009FFFFF7D
:10EE6000809EFFFF2DE9F04F0F4685B01646804685
:10EE7000002879D00368002B76D0002974D0046C68
:10EE8000002C71D01D79206A05F01F05F8B12A1AEF
:10EE9000B2421CD2103020440BF0E8F904F1100209
:10EEA0000023191DA9422CD923441A1B954231D89D
:10EEB00003AB00932A46234621464046FFF7ACFEAB
:10EEC000E0B9236A2062EA1A334417445E1B05F155
:10EED000FF394FF0010A0DF10C0BB144B9FBF5F904
:10EEE000CA4538D34EB1206A1030324639462044E4
:10EEF0000BF0BCF9236A33442362002005B0BDE85F
:10EF0000F08F52F8100C1368434042F8103C043262
:10EF10000B46C6E71A7C19784A4003F8012BC4E770
:10EF2000FA58E0584240E2500B46191D8D4204EB5E
:10EF30000302F5D2AB4210D3CDF800B023462A46E7
:10EF400021464046FFF768FE0028D7D1761B2F44A4
:10EF50000AF1010AC4E70023E7E7F85C11784140B1
:10EF600002F8011B0133E5E70048C7E7009FFFFFF8
:10EF70002DE9F04F8B4691B08046002800F0C2800A
:10EF80000368002B00F0BE80056C002D00F0BA80F5
:10EF9000002900F0B7800DF11009102148460DF14D
:10EFA000200A1C7900F0B2F81021504600F0AEF8AB
:10EFB00010210CA800F0AAF8D8F8006004F01F0493
:10EFC00016B1367906F01F0603AF0CAB0097324638
:10EFD00019464046FFF720FE50B9102E08D10CA963
:10EFE0004846FFF7F5FE18B949465046FFF7F0FED0
:10EFF00010210CA800F08AF8D5F820C0A44505F12E
:10F0000010060FD349460CA800231A1DA2425FD94F
:10F01000A3421BD2F25C19F803104A400CA9CA544F
:10F020000133F5E70CA9084600239C453BD9F25C67
:10F0300000F8012B01339C42F7D8D44600231A1D57
:10F04000A24235D90CAA1A44A34239D30CA90023F1
:10F05000281F1A1DA24245D9EA18A3424AD3009795
:10F060002B46224629464046FFF7D6FD074620B9E3
:10F070002246294658460BF0F9F81021484600F080
:10F0800045F81021504600F041F800231021304689
:10F090002B6200F03BF81021284600F037F8384684
:10F0A00011B0BDE8F08F0CBF01220022D201BFE7F2
:10F0B00008685CF8043B434041F8043B1346BEE754
:10F0C00011781AF80300414002F8011B0133BBE735
:10F0D000AB1851F804CBDB6883EA0C0340F8043B1F
:10F0E000134692E7835851F804CB83EA0C0383500C
:10F0F0001346AEE70CA81178C05C414002F8011B32
:10F100000133AAE7004FCAE7009FFFFF10B50A4688
:10F11000044619B1024B00211B68984710BD00BF7F
:10F1200078090020014B1B68184700BF80090020A8
:10F13000014B1B68184700BF7C09002010B500F088
:10F14000FE44B4F1A06F029A14D0B4F1806F0CBFEA
:10F150000B4C0C4CA0420DD10124B1F5105F1C707A
:10F1600008D10AB102231370054B984205D0054B14
:10F17000984202D06FF0850010BD0020FCE700BF70
:10F18000004440040002C0037FB5036816460E4ADF
:10F1900023F47E1393420D4613D169460430FFF7E2
:10F1A000E7FE044620B93246694628460BF05EF871
:10F1B00068461021FFF7AAFF204608F0D5FF04B0EB
:10F1C00070BD6FF08800FAE70002C00310B5036855
:10F1D00004464BB1094A23F47E13934206D104300E
:10F1E000FFF744FC00232360002010BD4C220021C7
:10F1F0000BF064F86FF08800F7E700BF0002C0036F
:10F200002DE9F843D0F8009005460E461746B9F1AF
:10F21000000F30D123F47E140360184B9C420FD1B1
:10F2200000F10408404608F026FE318872884B46FB
:10F23000204608F043FE014658B96FF0850416E0F9
:10F240004C2249460BF03AF86FF085042046BDE8A1
:10F25000F8834046FFF738FC20B9728839464046AB
:10F26000FFF7D8FD08F080FF04460028EED02846BE
:10F27000FFF7ACFFEAE76FF08804E7E70002C0039E
:10F2800010B503685BB1074C23F47E13A34206D18B
:10F290000430FFF7E7FDBDE8104008F065BF6FF0F0
:10F2A000880010BD0002C0030E4B0340B3F1607F25
:10F2B00006D1B1F5885F14BF6FF08600002070475B
:10F2C000B3F1707F0BD101F4E043B3F5005F06D1D9
:10F2D00011F4E06F0CBF6FF08600002070476FF0F4
:10F2E000860070470000C07F8A42F8B506460C468B
:10F2F00000F0DB806F4922F4FF7323F001038B429F
:10F300000ED06D4B22F0FF01994209D06B4822F4D8
:10F310007F7323F00303834202D0694B994228D1C3
:10F32000684B24F0FF0199420FD114F0FF000BD07D
:10F33000654B40F00070984240F0B98082EA0400CA
:10F34000FF288CBF00200120F8BD5B4B9942ECD018
:10F35000A3F588539942E8D024F4FF7323F0010306
:10F36000B3F1062FE1D056488142DED053498B429B
:10F37000DBD004F0FE43B3F1A06F14D102F0FE43E2
:10F38000B3F1A06F40F0938082EA040333F47E135C
:10F3900040F08D8014F40040D6D0C4F30540C2F391
:10F3A00005429042CDE7B3F1407F6AD102F0FE43BF
:10F3B000B3F1407F7BD182EA040535F47E1576D126
:10F3C00031462046FFF770FF002870D13F4B12F402
:10F3D0007C1703EA02031BD0B3F1607FC2F3054739
:10F3E0003FD13B49D3B243F000738B423DD003F190
:10F3F0007E43043B0F2B01D83649CD5C14F47C1FAF
:10F40000C4F3054333D1BD4214BF002001209BE764
:10F41000B3F1607F0DD12E49D3B243F000738B421C
:10F420001DD003F17E43043B0F2BDAD82A49CF5C71
:10F43000D7E7B3F1707FE1D106F4E043B3F5005FA5
:10F4400003D1C6F3022301279F4006F4E043B3F53E
:10F45000005FD3D1C6F3022101258D40CEE71027EE
:10F46000BFE7B3F1707FC9D1EFE71025C6E712F40B
:10F470007C1F01D1AB4218D022047FF565AFBB429F
:10F480005FE7B3F1106F12D124F01F6020F47020F9
:10F4900068B902F0FE43B3F1106F7FF455AF0F4827
:10F4A000104040F01060A042AEE701204CE7002081
:10F4B0004AE700BF00020006001300060004000631
:10F4C0000009000600030006FF0000020000C07FE4
:10F4D0000300000246EC020046EC02000000FFF6CA
:10F4E00037B50D4D6B78022B0C4612D12B78072BBC
:10F4F0000FD1002301930A4601AB0146281D08F0F5
:10F50000D0FC20B9019BA34218BF6FF0930003B059
:10F5100030BD6FF08800FAE7F4510020F0B50446E2
:10F52000084604F0FE41B1F1106F87B02BD124F0F2
:10F530001F6121F4702131BB45682D0A00F12001C3
:10F5400021D1068806F44F45B5F5824F1BD10F4DEA
:10F550000F4F254045F01065BD4214D1F6B2122E72
:10F5600011D14588B5F5807F0DD10E9D04950D9D77
:10F5700003950C9D0092CDE901352346426E09F0BA
:10F5800022FB07B0F0BD6FF08500FAE70000FFF640
:10F59000000002092DE9F843884617461C4600F092
:10F5A000E9F9054688BBD8F80060B6F8009009F480
:10F5B000E043B3F5804FB36808BF27F0010737EA8F
:10F5C00003031AD10CB3254B24F0FF029A421FD13A
:10F5D00014F0FF0304D0224A43F00073934232D068
:10F5E000F16822464846FFF77FFE074668B9316951
:10F5F00022464846FFF778FE70BB6FF08405002373
:10F60000C8F80030304609F051FA2846BDE8F883C2
:10F61000144B9A42DCD0A3F588539A42D8D024F4F4
:10F62000FF7323F00103B3F1062FD1D00E498A42B4
:10F63000CED00E4A9342CBD004F0FE43B3F1407FCC
:10F6400004D12304CCD56FF08605D8E7B3F1A06FC1
:10F65000F7D0034B9C42C2E73D46D6E700030006C5
:10F66000FF00000200130006000900060004000667
:10F6700038B500F0FE43B3F1407F04460D4602D09A
:10F680006FF0860038BDFFF70FFE0028FAD114F4A2
:10F690007C1F12D0C4F30543032B137022D9284AD0
:10F6A0002240B2F1607F3DD1264AE4B244F00074BA
:10F6B00094422BD1102BE5D9E2E7214B2340B3F143
:10F6C000607F15D11F49E3B243F000738B4202D132
:10F6D00010231370D6E703F17E43043B0F2B04D9AC
:10F6E000002313706FF08500CCE71749CB5CD3E79C
:10F6F000B3F1707FF4D101F4E043B3F5005FEFD1D3
:10F70000C1F3022101238B40DBB2C5E704F17E4443
:10F71000043C0F2CB4D80D4A125D9342B0D8202B74
:10F72000B0D9DFE7B2F1707FAAD105F4E042B2F5BB
:10F73000005FA5D1C5F302250122AA40EDE700BF75
:10F740000000C07F0300000246EC020046EC02000D
:10F7500007B5002300911A46024909F095F803B055
:10F760005DF804FB48DC020010B5114C2378580703
:10F7700044BF23F0040323702378990705D500F0D4
:10F7800097F8237823F00203237063781BB1094AAA
:10F790000023636053600023064863700821FFF76D
:10F7A000B5FC2378DA0744BF23F00103237010BDB2
:10F7B000F4510020F851002038B5184C62782378B5
:10F7C000022A01D1072B09D09B070AD52378DD0730
:10F7D00013D562782378A2B158071AD50025284698
:10F7E00038BD00F05DF8237843F00203237005462E
:10F7F0000028EBD0FFF7B8FFF1E743F001032370D7
:10F80000E7E7D907E8D5064962604A6002226270DC
:10F81000E2E743F004032370E0E700BFF451002067
:10F82000F851002000F140420F2A38B504460D4639
:10F830000CD81A4B682101FB02331A7E022A02D12E
:10F840005A69824218D06FF08B001FE0012109F045
:10F8500007F9E0B1114A00201346117E022902D1B6
:10F860005169A14205D00130102802F16802F4D19B
:10F87000E9E7682202FB00331A7E022A0AD1DA691C
:10F88000511C07D00132DA6100202B6038BD6FF0C7
:10F890008700FBE76FF09600F8E700BF00520020FA
:10F8A000024B012283F8802600207047005200207E
:10F8B0002DE9F0410A4C002526464FF001080327A8
:10F8C000C4F81C8027762046013508F034FD102D41
:10F8D00004F16804F4D1002386F88036BDE8F08195
:10F8E00000520020F8B5214D95F8803606460F46A7
:10F8F000002B34D000242B462246197EF9B13CB9A6
:10F90000022905D1D96919B91979002918BF1C46EE
:10F910000132102A03F16803EFD114B96FF08C00A3
:10F920000BE0237E022B04D1E3695A1C1CBF013378
:10F93000E361204608F0FFFC10B100240DE01C46F6
:10F94000237E7BB90123237636B1094B651BED106D
:10F950005D4305F18045356000203C60F8BD6FF0E7
:10F960008800EAE76FF09600E7E700BF005200204A
:10F97000C54EECC438B5094B00250D6093F88036B0
:10F980000C4643B1FFF74EFF10F18C0F02D12560FA
:10F990006FF0870038BD6FF08800FBE70052002051
:10F9A000043004289ABF034B33F910006FF0830032
:10F9B000704700BF54E20200014B09F0DFB900BFFD
:10F9C000F0DC020070B5144688B006460D462046AD
:10F9D00021460C4A09F032FA224621466846FFF7D2
:10F9E000EBFF6A4631463046FFF7E6FF224669469E
:10F9F0006846FFF7E1FF6A4629462846FFF7DCFF25
:10FA000008B070BDF0DC020030B5044689B009F0E2
:10FA10007AF90C4A2146684609F00DF9012105469C
:10FA2000684609F0ECF86A462146104609F003F9E9
:10FA30002DB1003818BF0120404209B030BD4FF051
:10FA4000FF30FAE7ACDC020030B589B0044609F0BB
:10FA5000F2F821460546054A684609F0D6F82A46D6
:10FA60006946204609F0FEF809B030BDF0DC02001E
:10FA700070B5044690B00D461146164609F043F99C
:10FA8000234A214608A809F0D6F801283DD111469D
:10FA9000204609F0B2F906F12001284609F033F9B1
:10FAA0001B4A294608A809F0C6F801282DD111469D
:10FAB000284609F0A2F92A4629466846FFF77CFF46
:10FAC0002246214608A8FFF777FF08A908462246E4
:10FAD000FFF772FF08A908462246FFF7B5FF08A9FD
:10FAE00008462246FFF7B0FF08A908462246FFF75E
:10FAF000ABFF08A90846064B064A09F02AF908A9EF
:10FB0000684609F0C0F810B070BD4FF0FF30FAE75A
:10FB1000F0DC02008CDC0200F0B5384E99B00446EF
:10FB20000D4608A811461746FFF746FF334608AAB8
:10FB30002146684609F00DF908AA214610A8FFF7EA
:10FB400083FF10AA694608A8FFF736FF08AA3346C4
:10FB50001146684609F0FDF8334608AA694668462A
:10FB600009F0F7F82A46294610A8FFF725FF10AA42
:10FB700033461146104609F0ECF810AA214608A8B1
:10FB8000FFF71AFF08AA33461146104609F0E1F8BC
:10FB900010AA11461046FFF70FFF10AA3346114670
:10FBA000104609F0D6F86A4669462046FFF704FF7A
:10FBB00008AA21462046FFF747FF08AA214620460B
:10FBC000FFF742FF3A4629463846FFF7F5FE33462F
:10FBD0003A463946384609F0BCF8224608A9284674
:10FBE000FFF732FF6A4629462846FFF7E5FE10AACE
:10FBF00029462846FFF728FF19B0F0BDF0DC0200C7
:10FC00002DE9F04FA3B00C462C9E31490546924693
:10FC100002A83246994609F00EF8D6F800B03146EF
:10FC20000BF0010202A80DF1480809F01BF80021B1
:10FC3000404608F0E4FF4A4641460AA8FFF704FFA1
:10FC400001225146284609F00DF801224946204676
:10FC500009F008F81F4A01211AA809F0E4F86FEA30
:10FC60000B0202F001020AA9204608F0FBFFFF2761
:10FC70007B0922AA02EB830307F01F0253F8806C72
:10FC8000D64086EA0B06F24302F00102494640469E
:10FC900008F0E8FF06F001020AA9404608F0E2FF7A
:10FCA0001AAA21462846FFF737FFCDF800805346B1
:10FCB0001AAA2146284609F003F9013FD8D11AAA09
:10FCC00021462846FFF77EFE23B0BDE8F08F00BF37
:10FCD000ACDC0200F0DC02002DE9F74306460D46DD
:10FCE000174698464FF00509B9F1010905D14FF0C3
:10FCF000FF34204603B0BDE8F0832021304609F0F0
:10FD000040F90028F3D131462846FFF77DFE04462E
:10FD10000028E9D1034B044A009541463846FFF7D5
:10FD20006FFFE6E74CDC02006CDC020030B599B0F6
:10FD30000D4610AB694608AAFFF7CEFF2021044606
:10FD40006846FFF7E3F96CB9084A08A9284609F0A4
:10FD5000A5F8064A10A905F1200009F09FF82046F1
:10FD600019B030BD4FF0FF34F9E700BFF0DC0200FE
:10FD700070B5AAB002AD064628461446FFF744FE09
:10FD8000C8B9224612A90AA8FFF772FE0446A8B90C
:10FD90000AAA22A91AA8009512ABFFF731FF094A57
:10FDA0001AA9304609F07AF828462021FFF7AEF963
:10FDB00020462AB070BD6FF00204F5E76FF0010431
:10FDC000F2E700BFF0DC020070B59AB002AE054663
:10FDD0003046FFF719FE0446C0B90E4B0E4A009696
:10FDE00012A90AA8FFF70CFF20213046FFF78EF971
:10FDF0000A4A0AA9284609F051F8084A12A905F149
:10FE0000200009F04BF820461AB070BD6FF00204D4
:10FE1000F9E700BF4CDC02006CDC0200F0DC020001
:10FE200070B5046946682568FDB11422002104F10B
:10FE30000C000AF043FA04F120026261022201235D
:10FE4000A261042262772361A377337808490133E2
:10FE50000022C4E9011263720C232377AB68211DD1
:10FE600028461B68BDE8704018476FF0120070BD4F
:10FE7000000428402DE9F3410A462B3A04694768FB
:10FE800092B2152A04F10C0131D81A4B134113F028
:10FE900001052CD1206883685B689847A5770646E2
:10FEA00008BB2368258C9B6820791B8994F81C80EB
:10FEB0006B4301A90193FCF743F810B9019D45FA82
:10FEC00008F53969FA684FEAE57CA1FB050501FBF5
:10FED0000C510023E0F714F9054600B209F094F83C
:10FEE000658484F82400304602B0BDE8F0816FF0EC
:10FEF0008506F8E7DEFFDFFF10B50469406894F976
:10FF0000013024291ED100216170018AA1B14FF472
:10FF1000B474634393FBF1F11160018A93FBF1F434
:10FF200001FB14332BB109494B435360018A93FB06
:10FF3000F1F35360002010BD94F90230136094F97E
:10FF40000330F6E76FF08500F5E700BF40420F0091
:10FF500010B483689C693CB1054BA44613405DF81E
:10FF6000044B02F0B07260475DF8044B704700BF6D
:10FF70004000000670B504694668E0613379154AAF
:10FF8000012505FA03F3C4E9022330688368DB69BD
:10FF9000211D13B96FF0040070BD2A469847002850
:10FFA000F8DB337B0C4A05FA03F3C4E90523B06898
:10FFB0008368DB6904F11001002BEBD02A469847D7
:10FFC0000028E7DB04F12800044909F0CFFB0020FA
:10FFD000E2E700BF859102009F910200B991020003
:10FFE00070B5044688B10378C3B10D4D0D4EB542CE
:10FFF00001D3002409E02968A14208D1284609F06C
:020000022000DC
:100000003FF9002814BF2C460024204670BD20462E
:10001000E0F790F80028F1D01435E8E71C46F4E743
:1000200008A6020038A8020038B5EFF31185202396
:1000300083F31288BFF36F8F064B9C6809F033F986
:1000400085F31188BFF36F8F2046BDE83840E5F790
:10005000DBB900BF9C59002038B5094B53F820404C
:10006000013053F82050A54200D838BD636823B151
:10007000204609F01BF90834F5E723689847FAE7AA
:10008000E4DD020070B52B4B2B4C2C4D012286B0C9
:1000900003201A70FFF7E0FF01F04EFC09F022F98F
:1000A0000420FFF7D9FF2646AE4204F1300410D3F6
:1000B00000F0CCFF204C224EAC4226D300F0DAFFF9
:1000C00003F059FA1F4A137B23F00103137306B0A0
:1000D00070BD54F80C3C059354F8103C049354F84C
:1000E000143C039354F8183C029354F81C3C0193BD
:1000F00054F8203C009354E90A2354E90C0100F021
:10010000C9FD54F8303C5E65CDE7D4E90A23B3F16C
:10011000FF3F08BFB2F1FF3F05D052EA030120685C
:1001200003D101F085F83034C6E73146183001F0CC
:100130002BFAF8E7CF5B0020B8A90200B8A90200AB
:10014000E19902007821002008B50348034A002104
:10015000121A09F0C3F808BD500E0020D45B00202D
:1001600070B5144E144D1549B82386B003FB0066D4
:1001700001220023CDE904230F22CDE902320193AD
:10018000182303FB00554FF4A072044602FB001134
:100190000B4B0095304600F07DFD737B2C7423F0F3
:1001A00004037373074BEE60013403EBC4236B60ED
:1001B00006B070BDC02000209C590020888200201D
:1001C00055940200887A0020BFB50020FFF744FF55
:1001D000274B83F30888274C274F636943F4007348
:1001E00063610025E02384F82230E5772576657683
:1001F000A57684F82050636A43F4E023636284F8B0
:100200002350E5F7C1F8E5F753FA4FF0FF33A36247
:100210001A48E36200F0A2FD09F031F80120FFF76F
:100220001BFF0220FFF718FF00F058FF144B154C7E
:100230009C61154B0593012314490095CDE90353A7
:100240004FF480623B46CDE90155204600F022FD87
:10025000627B064622F004022046627309F083FBAB
:100260002846FFF77DFF3A4631462046E5F7F6F986
:100270008882002000ED00E08500020008230020B5
:100280009C5900207821002098EC0200C8830020AF
:1002900038B5064C064DAC4201D3002038BDD4E938
:1002A0000112204609F01FF81434F4E7100B002067
:1002B000100B002038B5064C064D0020AC4200D390
:1002C00038BD204609F075F80028F9DB1C34F5E745
:1002D000A00A0020100B002073B50C46EFF311812B
:1002E000202585F31288BFF36F8FC5685DB1256047
:1002F0002B68C360836901338361002081F3118817
:10030000BFF36F8F11E052EA030603D125606FF04F
:100310000B00F3E7CDE900230246083000F0F4FDBE
:1003200018B9034B9B685B69236002B070BD00BFC6
:100330009C5900202DE9F34104460E4600F10808BF
:10034000EFF31187202181F31288BFF36F8F006ACA
:10035000E168884237D22568AC4217D0B5B128464B
:1003600009F083F805F1180009F0C4FBA268686978
:10037000314609F07BFF00232B67284609F0F3FA8A
:100380004046394600F03CFE002029E0A268E069C2
:10039000314609F06BFFE369A26813446269E361C7
:1003A000934204BF2369E361236A0133236210216E
:1003B00004F1240009F069FC0028E1D187F31188D9
:1003C000BFF36F8F0CE052EA03010CD00749896834
:1003D00040464E61CDE900233946224600F094FDA7
:1003E00002B0BDE8F0816FF02200E7E79C590020E1
:1003F000F7B5044604F108070846EFF311862021FB
:1004000081F31288BFF36F8F216A002939D0A26867
:10041000A16909F02BFFA369A268256813446269EA
:10042000A361934204BF2369A361236AAC4203F131
:10043000FF33236233D02846002D31D009F015F860
:1004400005F1180009F056FBA2686969E06909F036
:100450000DFFE369A26813446269E361934204BF3C
:100460002369E361236A01332362002428462C6751
:1004700009F079FA3846314600F0C2FD204603B053
:10048000F0BD52EA030110D0094989684861CDE9FD
:10049000002331462246384600F036FDEFE70020C3
:1004A00086F31188BFF36F8FE9E76FF02200F7E75B
:1004B0009C5900202DE9F341044617461E46EFF3F0
:1004C0001188202383F31288BFF36F8FC368334AE8
:1004D0007BB180689168884219D057EA060318D129
:1004E00088F31188BFF36F8F6FF00F0002B0BDE883
:1004F000F081916891F90E1021610133E3609368F6
:10050000A36088F31188BFF36F8F0020EEE72169A5
:10051000F2E791F90E1090F90E309942A8BF1946F2
:100520006FF07E029142B8BF11468B422DDD08F07C
:10053000A9FF0546CDE9007619482246414600F05C
:10054000E3FC0028E1D0EFF31186202383F3128827
:10055000BFF36F8FA068D0B1236821699C420AD095
:100560004BB193F90E309942A8BF19466FF07E0344
:100570009942B8BF194608F085FF40B10848314696
:1005800000F03EFD6FF00A00B0E70025D2E7002D35
:10059000F4D186F31188BFF36F8FF3E79C590020E5
:1005A000D05B0020F8B583680546002B3FD0234A76
:1005B000926893423ED1C368012B03D9013BC360CB
:1005C0000020F8BDEFF31187202383F31288BFF3D7
:1005D0006F8F0169806808F055FF2C68A54207D12C
:1005E0000023C5E9023387F31188BFF36F8FE7E774
:1005F000002CF5D0D4E9003213605A60637B0026EA
:1006000023F002036373C4E90066A66004F11800D6
:1006100009F070FAAC6094F90E302B612046266721
:1006200009F0A1F90648394600F0EAFCC8E76FF086
:100630001500C6E74FF0FF30C3E700BF9C5900200C
:10064000D05B002037B51146EFF31185202282F3ED
:100650001288BFF36F8F04689CB12368426823F04F
:1006600003039442036008BF43600121204608F061
:1006700097FF044685F31188BFF36F8F204603B0C0
:1006800030BD51EA0302F5D000F10802CDE90013B4
:100690001046294600F038FC0028EFD1014B9B683A
:1006A0005C69EBE79C59002070B5EFF311862023BD
:1006B00083F31288BFF36F8F0468A0421AD0CCB1C5
:1006C000D4E9003213605A60637B002523F00203F3
:1006D000C4E900556373A56004F1180009F00AFA33
:1006E0002567204609F03FF931460B48BDE87040C8
:1006F00000F086BCD0E902329A4218BF0133836011
:100700000221103009F0C1FA0028EDD186F31188DA
:10071000BFF36F8F70BD00BFD05B002013B5EFF348
:100720001181202484F31288BFF36F8F846844B151
:10073000013C846081F31188BFF36F8F002002B009
:1007400010BD52EA030406D181F31188BFF36F8F05
:100750006FF00F00F3E7CDE900230246014800F0F7
:10076000D3FBECE7D05B00202DE9F8430546EFF31F
:100770001188202383F31288BFF36F8F002637463A
:100780006FF00A092C68A54216D0ACB1D4E900324A
:1007900013605A60637BA76023F002036373C4E9AC
:1007A000007704F1180009F0A5F9C4F8709020460C
:1007B00009F0D9F80126E5E70023AB60022105F135
:1007C000100009F062FA30B92EB988F31188BFF32E
:1007D0006F8FBDE8F88341460248BDE8F84300F05A
:1007E0000FBC00BFD05B00201FB5094A92E8030090
:1007F00002AB83E803004FF400620093054906480A
:100800004FF0FF3300F06AF9002005B05DF804FBFB
:1008100084AB0200C8870020302200202DE9FF4170
:100820004F4E04462027EFF3118887F31288BFF359
:100830006F8FD4F8B850F5B9022104F1D00008F058
:1008400022FF002868D004F1C805002201212846B3
:1008500009F015F90028F8D1002302934FF0FF3278
:100860004FF0FF33CDE90023414604F1C0023D487B
:1008700000F0A8FDD7E7D4F8BC202B68C4F8B83046
:10088000954208BFC4F8BC30D4F8D03043F002031E
:10089000C4F8D030EB6823F0040343F00103EB60AD
:1008A0006B6888F31188BFF36F8F28469847EFF382
:1008B000118887F31288BFF36F8FEB68D80623F097
:1008C000010236D4EA60EB689A0716D5306823F047
:1008D0000203EB6088B10368002170B14268954261
:1008E00035D1036869BB72683360824200D173609E
:1008F000002340F8083BFFF7D7FED4F8D03023F0B0
:100900000203C4F8D03088F31188BFF36F8FDB0582
:1009100089D400F0EBFB86E7D4F8D030D9069BD51C
:10092000C4F8D00088F31188BFF36F8F04B0BDE81E
:10093000F08123F01103EB6005F11000FFF7B4FE26
:10094000C1E70B607368834208BF7160D0E723B1D1
:100950001A68014618461346BFE71A46F9E700BF72
:10096000C4590020D05B002070B5C368C3F34006B3
:100970009B0705460C460DD50122002104F1080015
:1009800008F071FE00232360054B65605A681AB9B0
:10099000C3E90044304670BD14605C60FAE700BFF4
:1009A000C4590020F8B5C3689A0704460F46C3F33C
:1009B00040062CD45B071AD40B680BB983680B6014
:1009C000E368DD0744BFA3683B603D684CBF022677
:1009D0000126002D3AD01F4B9B68AB420AD0D5F8B8
:1009E000D030D807C3F3800214D46FF0120600236E
:1009F0003B6025E008F074FFD5F8D0300028F0D136
:100A0000D907C3F3C002F0D552B15B0708D46FF029
:100A10000F06ECE7002AFAD1C3F3C003002BF6D18E
:100A200000232360D5F8BC3063B9C5E92E442846BD
:100A300008F044FEE36843F00403E3603B68A3600E
:100A40003046F8BD1C60C5F8BC40F0E76FF01506F5
:100A5000CDE700BF9C590020F8B5C36803F005033B
:100A6000002B06460C4614BF012700271CD08568C2
:100A70000122002104F1100008F0F5FD1349204681
:100A800008F074FEE36843F01003E360F3685B076B
:100A900012D5336823606BB9D5F8BC3033B9C5E9DA
:100AA0002E44284608F00AFE3846F8BD1C60C5F8FA
:100AB000BC40F6E73460F4E7D5F8B8302360D5F8E9
:100AC000BC30C5F8B840002BEBD1F0E79D96020092
:100AD0000146014808F075BE30220020F0B589B00B
:100AE00004460020C4E92E000E9D04F1C000C4E9B4
:100AF000300004F1C800C4E932004DB32879002861
:100B000040F2011008BF0120C4F8D00000204FF0CF
:100B1000FF364FF0FF37CDE90330CDE90100CDE9D5
:100B200006670C4B0094204600F0ECF855B129689C
:100B300011B1204608F0DAFE6B791BB1237B43F03C
:100B400001032373204609B0BDE8F04000F070BBFC
:100B50000120D9E71D08020037B501900846EFF3E0
:100B60001184202181F31288BFF36F8FC16811F0C7
:100B70001E0F16D153EA020508D101A9FFF712FF93
:100B800084F31188BFF36F8F03B030BD41F00801CB
:100B9000C160019981621030034900F0F5FC012029
:100BA000EEE70020ECE700BF319702000146014864
:100BB000FFF7D2BF30220020F7B50C460190164651
:100BC0001D46EFF31187202383F31288BFF36F8F45
:100BD000084608F064FD55EA060309D101A920463C
:100BE000FFF7E0FE87F31188BFF36F8F03B0F0BD0E
:100BF000E368074943F00803E360019BA36204F143
:100C0000100032462B4600F0BFFC0120EAE700BF8F
:100C10003197020001460148FFF7CEBF3022002085
:100C20002DE9F0410546EFF31187202383F3128865
:100C3000BFF36F8F0468A04223D014B3204608F09E
:100C400042FE04F1180008F055FF0026B046C4F833
:100C50007080204608F087FE2C68A54206F1010648
:100C600008D03CB1204608F02EFE04F1180008F030
:100C700041FFECE70648394600F0C2F93046BDE8CE
:100C8000F08187F31188BFF36F8F0026F6E700BF6E
:100C9000D05B00202DE9FF41984600F15803D51D97
:100CA000C0E916330E9B037325F0070504230026C5
:100CB00043730D440D9B83730F46C0E906662946B6
:100CC0008660C6730446E4F707FA0C9B029307306C
:100CD0000B9B019320F007000A9B00932D1A4346BB
:100CE0002A4639462046E4F775FC054B66659B6845
:100CF00003B15B6E6366284604B0BDE8F08100BFB7
:100D00009C590020F0B587B000250595109D0495ED
:100D10000F9D03950E9D0295DDE912760D9D0195BF
:100D20000C9D00950446FFF7B5FFB6F1FF3F08BFE5
:100D3000B7F1FF3F05D056EA070305D1204600F082
:100D400077FA204607B0F0BD03493A46334604F12E
:100D5000180000F019FCF4E7E199020040F20113D9
:100D6000838100234366014B986070479C590020A3
:100D7000094A93686FF00A0119670849D8664B68F9
:100D800043F080534B60002383F31188BFF36F8FD0
:100D90009368186F704700BF9C59002000ED00E079
:100DA00070B590F90D20437B002A36DBD90634D18B
:100DB0001B4C63F07F032246437352F81C3F216AA9
:100DC000934207D1C0E900210860206211E09942F6
:100DD000F8D01B68002BF5D090F90E5093F90E60F7
:100DE000B542F4D0AE42F2DD5968C0E90031086086
:100DF0005860E569954200D005B9E568A3685A7B5B
:100E0000D20604D1DA897F2A01D9AA6932B1AB426C
:100E100002D0284600F016FBA56170BDA361FCE777
:100E20009C59002038B590F90D20437B002A0146DB
:100E300004DA03F07F03437308F05BFD0D4D2A468F
:100E4000AB6852F81C4F944200D004B9EC688B4256
:100E500007D05A7BD20604D1DA897F2A01D9A26948
:100E60002AB1A34202D0204600F0ECFA2346AB613F
:100E700038BD00BF9C59002070B590F90D20437B10
:100E8000002A014604DA03F07F03437308F031FDC2
:100E90004B7B1C4C63F07F0322464B7352F81C3F84
:100EA000206A934207D1C1E900200160216211E06C
:100EB0009842F8D01B68002BF5D091F90E5093F9A9
:100EC0000E60B542F4D0AE42F2DD5868C1E90030A0
:100ED00001605960E569A368954200D005B9E568ED
:100EE0008B4207D05A7BD20604D1DA897F2A01D9F6
:100EF000AA692AB1AB4202D0284600F0A3FA2B46D9
:100F0000A36170BD9C590020F8B5124B0C461146E8
:100F1000114A98681060DDE90676EFF3118220220D
:100F200082F31288BFF36F8F9D68284608F0F3FCA8
:100F3000B6F1FF3F08BFB7F1FF3F06D007493A4679
:100F4000334605F1180000F01FFB2046BDE8F840CD
:100F5000FFF70EBF9C590020CC590020E1990200F8
:100F6000F8B50446EFF31187202383F31288BFF30B
:100F70006F8F437B03F01F02002A0CBF012600265F
:100F800049B239D103F07F03437308F0B2FC1B4D23
:100F9000437B817363F07F032A46437352F81C3FFF
:100FA000934227D1286AC4E9002004602C620FE034
:100FB0008342F8D01B68002BF5D093F90EC0614531
:100FC000F6D08C45F4DD5968C4E900310C605C60F2
:100FD000EC69944200D004B9EC68AB689C4202D042
:100FE000204600F02FFAAC6187F31188BFF36F8FB2
:100FF0003046F8BD286ADEE78173F5E79C5900208A
:1010000049B9EFF3058030B9054B9A699B689A425C
:1010100001D0FFF7ADBE81F31188BFF36F8F70472A
:101020009C590020034648B9EFF3058232B9064ABD
:1010300091699268914201D0FFF79ABE83F31188BB
:10104000BFF36F8F704700BF9C590020EFF31181F1
:10105000202383F31288BFF36F8F054B9A68D37BED
:10106000013BD37381F31188BFF36F8F704700BFCB
:101070009C59002070B5EFF31186202383F312886A
:10108000BFF36F8F144DAB68DA7B0132DA732A46F7
:1010900052F81C4F944200D004B9EC685A7BD20637
:1010A00004D1DA897F2A01D9A2692AB1A34202D0E8
:1010B000204600F0C7F92346AB6186F31188BFF3E1
:1010C0006F8FEFF31180202383F31288BFF36F8FAC
:1010D000BDE87040FFF7A6BF9C590020024B03F10A
:1010E0001C02C3E9072270479C59002070B5EFF33A
:1010F0001186202383F31288BFF36F8F1B4CA168E6
:10110000206A0B68814214BF1A46002249680B60AE
:101110005960A368216A2AB9154AC3E900210B6006
:1011200023620CE093F90E0092F90E50A84218D0F9
:10113000854216DD5168C3E900210B605360E56903
:101140000B4B9D4200D005B9E568A3689D4202D0D3
:10115000284600F077F9A5613046BDE87040FFF7FA
:1011600007BE8A42D8D01268D5E700BF9C5900203C
:10117000B859002050EA01032DE9F04105460E461A
:1011800004D1FFF7B3FF0020BDE8F081831C71F1AB
:10119000FF3324DB08F0CFFC4419EFF31188202340
:1011A00083F31288BFF36F8F0F4F104BB86818602E
:1011B000FFF738FEB8680E492A463346183000F06B
:1011C000E3F9BA68537B43F0040353734046FFF7D7
:1011D000CFFD08F0B0FC201A20EAE070D4E76FF0F1
:1011E0000104241AD9E700BF9C590020CC590020E3
:1011F000E19902000C490D4A38B500244FF400452E
:101200008C462146C0FB05C100236046DEF778FF0F
:10121000C117FFF7AFFF054A47F6FF73C0FB023463
:10122000DB0B43EA444038BD3F420F0040420F0011
:1012300038B50446EFF31185202383F31288BFF3FA
:101240006F8F437B5B070FD5183008F053FC637B2F
:1012500023F0040320466373FFF7A2FD29460548E7
:10126000BDE83840FFF7CCBE85F31188BFF36F8F20
:1012700038BD00BFD05B0020014B9868704700BFAD
:101280009C5900202DE9F8430446077BEFF31185B4
:10129000202383F31288BFF36F8F437B190705D593
:1012A00085F31188BFF36F8FBDE8F883D90943F048
:1012B00008025DD14273A36813B1204608F021FBF8
:1012C00004F1180008F016FCA66D04F15808B045AA
:1012D00011D04FF0000976B1304608F012FB06F14C
:1012E000180008F007FCC6F870903046FFF758FD6C
:1012F000A66DB045EFD1DFF8C880D8F808309C4221
:101300003ED1EFF30589B9F1000918BF4FF001098B
:10131000D8F81C60284A964200D00EB9D8F80C6064
:10132000B34202D0304600F08DF82046C8F818606D
:10133000E4F770F9B9F1000F02D02048FFF70EFD75
:10134000D8F808309C4231D1EFF3058373BB227B80
:10135000D20718D42846FFF70BFDFB07A4D50023BE
:1013600083F31188BFF36F8F0423184602DF9BE7D6
:1013700003F07F0343F00803437308F0BAFA9AE7D7
:101380004FF00009C4E785F31188BFF36F8F83F333
:101390001188BFF36F8F0423184602DFEFF311802B
:1013A000202383F31288BFF36F8FD4E785F311886E
:1013B000BFF36F8FD1E700BFB8590020082300208A
:1013C0009C590020D3B5DDE90667089CCDE900678C
:1013D000FFF79AFD1CB1034B9B685B69236002B069
:1013E000D0BD00BF9C590020044BC01A044BC01054
:1013F0005843044B01221A54704700BFC0230020F9
:10140000ABAAAAAAD05B0020C3897F2B12D80A4BB3
:101410001B6863B1094B90F90E201B689A4209DBE7
:10142000437BDB0606D1064BC31A18BF012303F02A
:10143000010070470023FAE7D4590020D05900205A
:10144000C020002070B50E4B0E4C1E7C06EB4603F0
:1014500004EBC3040546204608F04CFB0A4B00226F
:1014600028469A55FFF7D0FF48B1084B08491A683B
:10147000013A2046D317BDE8704000F085B870BD32
:101480009C590020C0230020D05B0020D4590020AC
:10149000E913020038B5EFF31185202383F3128896
:1014A000BFF36F8F104B114A9C681068A04206D1A1
:1014B000FFF7C8FF85F31188BFF36F8F38BD002198
:1014C0001B7C11600A4AD35C002BF3D02046FFF747
:1014D0009BFF0028EED0637BDB0602D12046FFF79E
:1014E000CBFC2046E4E700BF9C590020CC590020EB
:1014F000D05B00200748084A084908B5121A07F0CF
:10150000EFFE0748074A0849BDE80840121A07F0ED
:10151000E7BE00BF000000204C0E002070ED02006E
:10152000000000200000002070ED0200024B18684F
:10153000984208BF00207047AC090020034B1B688D
:101540000BB9FBF7D3BE0020704700BFD85900206D
:1015500030B570B10B4B5B6898420AD0036843B159
:10156000D3E90421D0E90445121941EB0501C3E98F
:101570000421D0E9003213605A600023C0E900332F
:1015800030BD00BFAC090020B3F1FF3F08BFB2F18E
:10159000FF3FF8B504461D4616465AD08160EFF36A
:1015A0001187202383F31288BFF36F8F013275F107
:1015B000FF3321DA2C49D1E900206FF001039B1A97
:1015C0004FF0FF3262EB00009E1B60EB0500012E26
:1015D00070F1000301DA01260020C4E90460FFF77E
:1015E000A5FF224E84467068BCF1000F0DD1C4E9FE
:1015F0000060046074601CE0FFF7A0FF013645F155
:101600000005361845EBE070E7E7DCE90425D4E98E
:101610000431934271EB050E1CDAD21ADCF8043067
:1016200065EB0105CCE90425C4E900C31C60CCF8D6
:101630000440FFF77BFF844207D10D4B1C6824B99F
:1016400008F03FFA2146FBF723FE87F31188BFF32A
:101650006F8FF8BD9B1A61EB05018445C4E9043125
:10166000C5D0DCF800C0BFE7D8230020AC090020BB
:10167000D85900202DE9F047EFF31185202383F39B
:101680001288BFF36F8F254F254E3860FFF74EFF4E
:101690004FF000084FF000093B68D6E9001E4FEA02
:1016A000E37C50B1D0E90442A3427CEB020A18DA91
:1016B000E41A62EB0C02C0E904425B184EEB0C0228
:1016C0000024C6E900323C6008F0FBF92146FBF734
:1016D000DFFD85F31188BFF36F8FBDE8F047FFF79B
:1016E000D9BE61184EEBE473C0E90489C6E9001362
:1016F000FFF72EFF85F31188BFF36F8F836898473C
:10170000EFF31185202383F31288BFF36F8F3B68BB
:101710001B1B3B60FFF70AFFBEE700BFD859002044
:10172000D823002010B5EFF31184202383F312880F
:10173000BFF36F8FFFF702FF054A0346D2E90001AE
:10174000181841EBE37184F31188BFF36F8F10BD5C
:10175000D8230020F8B50446EFF31187202383F344
:101760001288BFF36F8F026822B187F31188BFF32D
:101770006F8FF8BDD0E90A36581C46F100010228E7
:1017800071F1000127D3012B76F10001BCBF0123C9
:1017900016465D1E46F1FF3608F0D1F9013041F1E1
:1017A0000001401946EB0101012871F1000139DB0C
:1017B00008F0C5F9013041F100016FF00102401954
:1017C00046EB0103121A4FF0FF3161EB0303184996
:1017D0002046FFF7D9FE236B01332363236A6BB1E5
:1017E00087F31188BFF36F8F236A20469847EFF382
:1017F0001187202383F31288BFF36F8F54F8185F8B
:10180000A542B2D0002DB0D0284608F0BBF8002386
:101810002B6787F31188BFF36F8F2846BDE8F84028
:1018200008F0A1B86FF001024FF0FF33CFE700BF1F
:10183000551702002DE9F04105461C4690461F460B
:10184000EFF31186202383F31288BFF36F8FB4F177
:10185000FF3F08BFB2F1FF3F05D186F31188BFF308
:101860006F8FBDE8F081531C74F1FF3309DB012A4F
:1018700074F10003BCBF0122002412F1FF3844F1CF
:10188000FF37284608F036F9DDE90623C5E90A23C3
:1018900000232B63034942463B462846FFF774FE6C
:1018A000DBE700BF5517020038B50346EFF311859B
:1018B000202282F31288BFF36F8FC1600121816003
:1018C0000068834206D185F31188BFF36F8F00242F
:1018D000204638BDD0E9003213605A600023C0E9C9
:1018E000003308F08FF9294604460248FFF788FBC9
:1018F000EEE700BFD15B002073B506460D4607F04A
:10190000EFFF78B90B4B9B685C6E7CB12A1D09D246
:1019100000200021CDE9000146F00401204607F037
:10192000EBFC08B9002401E00460041D204602B06D
:1019300070BD00BF9C590020014801F0F0BF00BFFE
:10194000A6EC02000CB430B589B005460C461C224A
:10195000002101A808F0B2FC02238DF806300E4BDE
:101960000293059523462CB1B4F1004F28BF4FF0E8
:101970000043013B1D440DAA0C99069501A8009255
:1019800000F036F914B1059B00221A7009B0BDE8C9
:10199000304002B0704700BF4DA402000EB470B5D5
:1019A00089B00DAD04461C22002101A855F8046B36
:1019B00008F084FC02238DF806300B4B029304F1EF
:1019C0000043013B2A46314601A806930594009541
:1019D00000F00EF90028A4BF0023235409B0BDE88D
:1019E000704003B0704700BF4DA40200242AF0B538
:1019F000044601D8012A40D108F030FD2D4B1622B3
:101A00001A5001B10C600020F0BD2F463D4615F87C
:101A1000010B2028F9D0A0F10906042E0346F4D9C1
:101A20002B282CD02D282CD101267B78BD1C302BC7
:101A30002DD1287840F02000782824D132F01000F1
:101A400021D16B782C46102202350020392B82BF21
:101A500003F1FF3343F02003263B303B9A421AD96F
:101A6000A0FB02040CB9C01801D346F002062F46B1
:101A70002C4617F8013B3D46E8E70746C6E7002637
:101A8000D3E70026D3E7002A08BF0822DDE7002AB3
:101A900008BF0A22D9E701B10C60F20748BF4042F3
:101AA000B307B1D508F0DAFC024B22221A504FF0EE
:101AB000FF30A9E70C0000002DE9F04101260746A0
:101AC000B24201DCBDE8F0813B461F4613F8014BF2
:101AD000002CF7D0252CF8D11C78252C07F1020713
:101AE000F2D00023DFF804819C461D461F2D18D834
:101AF000A4F1200EBEF1100F09D9A4F1300EBEF1F1
:101B0000090F1ED80A2404FB03E3202504E028FA69
:101B10000EFE1EF0010F06D017F8014B002CE5D188
:101B200028E07F2D1CD8A4F1300EBEF1090FE9D9B1
:101B3000242C10D1BCF1000F46D0B34246D0002374
:101B4000EAE724F0040EBEF12A0FF8D06C2C09D17C
:101B500045F08005E0E724F0040EBEF12A0FEED038
:101B60006C2C22D06C2C1BD8682C23D06A2C28D04B
:101B70004C2C26D0BCF1000FA4D0B445A0D144F029
:101B80002007A7F1650CBCF1020F0B6801D9612F8A
:101B90001ED1073323F0070308330B6001368EE7AD
:101BA000742CB9D07A2CB7D0E4E72C0648BF45F4A2
:101BB0000075CDE7EC0548BF45F4007545F4807528
:101BC000AAE745F42075A7E79C46B8E76324D6E763
:101BD000692C02D007D8632C03D02F0601D5AC05A1
:101BE000D7D40433D9E7732CF6E700BF8928010066
:101BF0002DE9F04F93B043680193837880469807AE
:101C0000CDE9061217D50B920B4600251F78A7B118
:101C1000252F16D001330593019B4146384698473E
:101C2000002805F1010580F2528498F8023043F053
:101C3000040388F802304FF0FF35284613B0BDE8A2
:101C4000F08F5F789A1C252F0592E5D00024264658
:101C5000A246A346BBF11F0F32D8A7F12003102BD9
:101C60000AD8DFE803F02409092A0909091B090930
:101C70000922092709091900A7F13003092B2DD9D9
:101C80002A2F39D154B90B9B1BF0400F53F8042B6A
:101C90000B9329D0164601E04BF0010B059B13F87E
:101CA000017B0593002FD5D15BE04BF0020B4BF08D
:101CB000040BF3E74BF0080BF0E74BF0100BEDE7EC
:101CC000BBF17F0F3FD8A7F13003092BD8D81BF009
:101CD000400F03D00A2202FB0636DFE70A2202FB8E
:101CE0000A3A4BF0200BD9E7B2F1000AF9DACAF14F
:101CF000000A4BF0280BD1E72E2F05D11BF0400F27
:101D00009BD14BF0400BC9E7242F1CD1002C00F0D5
:101D10004381079B0B931BF0400F0AD15246069854
:101D20000BA9FFF7C9FE0B9B1A1DD3F800A00B925D
:101D3000B4E7324606980BA9FFF7BEFE0B9B1A1DAF
:101D40001E680B92AAE76C2F00F0138100F20A8143
:101D5000682F00F016816A2F00F01B814C2F00F0D5
:101D6000188134B1079B06980B9322460BA9FFF705
:101D7000A3FE002E47F02003B8BF2BF0400B0293C8
:101D8000A3F16503BCBF1FFA8BFB0026022B40F2B8
:101D90000881029B612B40F08382FF4307F0200300
:101DA00004930B9B073323F0070303F108021BF096
:101DB000400F93ED000B0B9218BF3146049A08BFF9
:101DC0004FF0FF310CA808F081FA431CDBB24BF452
:101DD000C0540393DDF8309070230646A3460127D4
:101DE000029309F10903122B0CD909F16303C62BE5
:101DF00040F2118109F2E73340F2CE72934294BF70
:101E0000032704279DF8342002F00C0312F001028E
:101E100040F01C811BF0020F40F015811BF0040400
:101E200000F0FB80002B40F0148120231BF4405F66
:101E300021D1039A4832002E6A4408BF0126133A82
:101E4000039921B112F8011D302900F039811BF0EE
:101E5000100F039A18BF324619F1040FC0F23581F2
:101E6000B14580F232814A454BF4005B40F32F814B
:101E700009F10106961B1BF40052089200F029811B
:101E800029EAE974013403B10134002E00F02881FD
:101E9000721C1444A245CCBFAAEB040400241BF01E
:101EA000090F04D12C44A54240F01F81002443B106
:101EB00018464146019B9847002805F10105FFF6A9
:101EC000B4AE1BF4006F13D0019B414630209847FD
:101ED0000028FFF6AAAE049BC3F178004146019B9F
:101EE00000F0F8009847002805F10205FFF69DAEC6
:101EF0001BF0080F05D12C44AC4240F0028125466E
:101F00000024089B002B00F02C8129EAE97AA9EB38
:101F10000A027642039B0292934284BF0CABD31811
:101F20000AF1FF3A8CBF58793020564505F1010778
:101F300000F3F180019B41469847029A002802F184
:101F40000102FFF672AEBAF1FF3F09D1019B029286
:101F500041462E2098470028FFF667AE029AAF1C34
:101F60003D46D7E7742F3FF499AE7A2F3FF496AEF3
:101F7000F7E61BF0800F18BF4BF4007B4BF0800B93
:101F80008CE61BF4807F18BF4BF4007B4BF4807B06
:101F900084E64BF4207B81E62646B3465446B2469F
:101FA0007CE6FF4307F0200304930B9B073323F0E9
:101FB000070303F1080293ED000B029B0B921BF049
:101FC000400F08BF0626652B11D1711C0022C9B233
:101FD0004BF4805B1346112928BF11210CA800F097
:101FE00015FBC3B2DDF8309003930227F9E6029B9C
:101FF000662B05D14BF4005B334601221121EAE741
:10200000F1B201294FF000024FF0650038BF012105
:1020100013460290DFE70227F4E6002B3FF406AFF9
:10202000BAF1030F3BDC9DF834309B4E13F0080FE0
:102030009A4B08BF1E46B1464F4619F8010BB0BB7C
:10204000AE1B374488E033BB2B23EFE62BBB2D239D
:10205000ECE62022BAF1040F13DD1BF0080FAAF101
:1020600004040FD12C44019B029241462020984742
:10207000002805F10105FFF6D8ADA542029AF2D17C
:102080009AB10024019B414610469847002805F16B
:102090000105C8DAC9E52B22DCE72D22DAE71BF0BF
:1020A000080FAAF10304BED1DCE71446BBE7049B8A
:1020B000C01A4146019BC0B298470028BCDAB4E57B
:1020C00003990139C9B20391BAE6561ED3E6002638
:1020D000D1E61BF4006F0CBF032405243C44D2E678
:1020E0001BF0100F18BF0134D4E609934146019B41
:1020F000202098470028099B05F10105BFF6D3AEC3
:1021000093E5019B414630209847002805F10105E1
:10211000BFF6F2AE89E5D1450AD19DF83530352BB1
:102120001DD805D19DF8343013F0100F08BF3120B1
:10213000019B414698470028FFF677AD1BF0100F32
:102140000AD0BAF1FF3F07D1AF1C41462E20019BB8
:1021500098470028FFF669AD3D463C443EE23120F9
:10216000E6E79DF8350031281EBF9DF8343023F096
:1021700010038DF834304146019B98470028FFF644
:1021800054AD002E6BDD019B41462E209847002860
:10219000FFF64BAD4FF0010A039B9A45BBBF0CAB5A
:1021A000534430205879019B414698470028D34634
:1021B000FFF63BAD0AF1010A5645EDDA02355D4402
:1021C000029B049A981A4146019BC0B29847002886
:1021D000FFF62BADB9F1000F04DB4ED19DF8343082
:1021E000DB064AD5C9F100092D20019B41469847DD
:1021F0000028FFF61AAD042F41D14FF47A7799FBEE
:10220000F7F606F13000019B4146C0B2984700281E
:1022100005F10305FFF609AD07FB1699642799FB45
:10222000F7F606F13000019B4146C0B298470028FE
:1022300005F10105FFF6F9AC07FB16990A2799FB92
:10224000F7F606F13000019B4146C0B298470028DE
:1022500005F10105FFF6E9AC07FB169915E01BF047
:10226000100F01D10135ABE7019B41462E20984765
:10227000002805F10205A3DAD7E42B20B5E7032FE8
:1022800005F10205CAD0012FD8D109F130006F1C29
:102290004146C0B25BE700BFD8EC0200D4EC0200BC
:1022A000A7F16303122B00F2FB80DFE813F01300A9
:1022B0005300F900F900F900F9005300F900F900A2
:1022C000F900F900F9001301F400F900F900280001
:1022D000F900B5000B9B1A1D1B680B928DF830306E
:1022E00001240CAF1BF0080F2AD007EB04093E466F
:1022F0004E4527D1EF1B3744AAEB04042CE70B9B78
:102300001A1D0B921F68AB4B002F08BF1F461BF016
:10231000400F14BF31464FF0FF31384607F07BFEC7
:102320000446DFE7019B4146202098470028FFF63E
:102330007CAC013EB442F5D35544AD1BB246D4E764
:102340005646F7E716F8010B019B414698470028CF
:10235000CEDA6AE41BF0800F0B9B35D01BF4007FB4
:102360002DD0073323F00703D3E9000103F108025E
:102370000B922BF0100900291FFA89F936DA404236
:1023800061EB410149F480690DF1300B0A235A4693
:1023900007F04DFE19F0400FA0EB0B0B65D029F0B4
:1023A00001025E4592B240F3B280002F00F0A98096
:1023B00019F010033446914626D002345CE01A1D11
:1023C00018680B92C117D4E71A1D1BF4807F196897
:1023D0000B9201D10846F5E71BF4007F15BF48B208
:1023E00008B241F3C01141F3C031C2E750EA010322
:1023F000CAD11BF0400FC7D0002EC5D12BF0110B56
:102400001FFA8BF93446B34640F2064319EA030338
:102410001CBF013400232FE02BF0100B1FFA8BFBA5
:102420000A231BF080040B9A57D01BF400711DBFC8
:10243000073222F0070202F10801101D19BF0B91AB
:10244000D2E900010B90106850EA010252D12BF042
:1024500016091BF0400F1FFA89F94FD0002E4DD1FD
:102460002BF0170B1FFA8BF9B34619F0100352D05B
:10247000002F4ED10BF1010419F0080F5ED119F0B5
:10248000010F06D0A2456DDDAAEB040404EB0B0698
:10249000544622464DE04BF0100B10237827C0E73E
:1024A000029B782B04D1C7F1780343F01003B8E7FF
:1024B000019B4146252098470028FFF6B6AB019BBB
:1024C0004146384698470028FFF6AFAB0235059BDA
:1024D000FFF79CBB08230027A3E7111D0B911BF4FA
:1024E00080711068B0D01BF400711ABFC0B22146D1
:1024F00080B2A9E72BF0060B1FFA8BF90DF1300B18
:1025000045E729F011091FFA89F934467CE791461D
:10251000ABE75C4651E75C4676E7CDE902234146EE
:10252000019B202098470028FFF67FAB029A039B6F
:1025300001329245F1DC2C1BA5181446EBB1019B2E
:102540004146302098470028FFF66FAB67B9013548
:102550002F462E44F31B5B4521DC5D460CAE5DBB74
:102560005F44C9E65E4694E7023541463846019B22
:1025700098470028ECDAFFF758BB40F2064319EA07
:10258000030FE5D019F0020F14BF2B20202019F4FF
:10259000806F05F10105414618BF2D20E7E7019B3B
:1025A000414630209847002807F10107D2DAFFF7AB
:1025B0003CBB00BFDCEC0200013D019B705D41466D
:1025C00098470028CBDAFFF730BB019B414620201B
:1025D0009847002805F10105FFF627AB631B002B88
:1025E000F3DC74E71FB502AB0093074A4FF0CC331E
:1025F00007F002FEDDE90201C00840EA4170C908A7
:1026000005B05DF804FB00BFCDCCCCCC2DE9F04F7C
:1026100055EC104B9DB0CDE90B122A460D93290DB8
:10262000C5F31303D20FC5F30A5507908DED050AC4
:102630000A9275B922461A431BD1302343710A9B73
:10264000056043F002030371012738461DB0BDE861
:10265000F08F40F2FF7295424DD1059A13430A9BC9
:10266000079A14BF43F0080343F0040313710027D3
:10267000EBE7059AB24D02F001020992059A4FEA82
:10268000830848EA9278970001229A461646C5F1D7
:10269000000B5846089200F015FAB5F1FF3FACBFA9
:1026A0008146A0F10109ABEB090B09EB0503584684
:1026B000069300F00DFA18A9A0F17D05584600F028
:1026C00027FA14AB089A0193A9EB050512AB029205
:1026D000009305982B4618AA514607F0D0FCB9F193
:1026E000010F04460D4600F2D880099B002B40F0F4
:1026F000CB8001276FE0059A02F001020992059A4A
:1027000043F4801A4FEA8A081343A5F2354548EA94
:1027100092784FEA82074BD140F2FE7319420CBF08
:1027200001260026002D3246B1DB284600F0C4F910
:102730000346032DC8BF013B1846069300F0C8F9B5
:10274000069B7C305D1B054418A9184600F054FA1E
:1027500014AB019312AB0093059802962B4618AA6E
:10276000514607F08CFC069B152B04460D4600F2E3
:10277000888016AB734A009338464FF0CC334146FD
:1027800007F03AFD169B179A9B0843EA827303EB06
:102790008303BB42DDE9129A0CD13846414600F072
:1027A0009FF9069B83428CBF00270127002612E079
:1027B0000126B7E7099B002B53D1013F48F1FF31B8
:1027C000B81B61F1000100F08BF9069B099F834261
:1027D0008CBF002601260C9B002B40F09280DDF878
:1027E0002CB04FF00008CDF82080CDF814804FF0C9
:1027F0000A0ADDE91201FFF7F5FE149B1093CDE9FB
:102800000E0118461599FFF7EDFE0E9B0F9A1191D8
:1028100098420B469341814680F08D8020462946A0
:10282000FFF7E0FE109A0AFB09F3934214BF00265B
:1028300006F001060E9B12930F9BCDE91339119BF5
:102840001593089BB8F1000F14BF002707F001078C
:1028500001330AFB10485FFA88F8089304460D46D6
:10286000C7E7B81C48F1000100F03AF9069B834223
:102870008CBF00200120B9EB00006AF10002CDE915
:10288000120200273E46A6E7129B139A013B42F133
:10289000FF32CDE91232012788E7B9F13E0FF0D8B7
:1028A0004FF0FF33A9F1200003FA09F203FA00F018
:1028B000C9F1200123FA01F102430A4303FA09F3A3
:1028C00027EA030728EA020857EA08070CBF01278E
:1028D00000276BE700FB02FCA1FB001201336244FE
:1028E0008C4275EB020CF5D2069A13440D9A1344F0
:1028F000012B0B9AB8BF01239A42A8BF1A469346F0
:102900006FE70A21002201230846E9E70AFB03F0EA
:10291000A2FB0A2301310344944275EB0300F5D274
:10292000594511DDBBF1000F02D154EA05030BD06C
:102930000123059372E70A2200230121ECE700BF7F
:10294000CCFBFFFFCDCCCCCC7EB34FF00A0A149B5E
:1029500015990F931846FFF745FE0F9B0E910AFB42
:1029600000F29A42814620D1DDE91201FFF73AFEDA
:1029700010900F9120462946FFF734FE0F9B109AC6
:102980001292CDE913390E9B1593089BB8F1000FF5
:1029900014BF002707F0010701330AFB10485FFA54
:1029A00088F8089304460D46D1E7069B089A13441D
:1029B0009946002F58D0B8F1050F55D114F00103F6
:1029C00048D1059A32B9DDE914239D4208BF9442EB
:1029D0005DD0059B18194FF00A0445F10001002253
:1029E00001262546A04271EB020753D2E3B1B3455D
:1029F0001ADA0C9B63B10D9A06EB09031A4422EA1A
:102A0000E2730B9A9A42A8BF1A46964293460BDD90
:102A100005304FF00A024FF0000341F10001DDF7ED
:102A20006FFB09F10109013E5E45A8BF5E4637B262
:102A30000FFA89F9079B09FA86F607F10508013EA6
:102A400098444FF00009B9452BDB079B0A9A1E609A
:102A50001A71FAE5059B2BB9DDE914239D4208BFE5
:102A6000944209D00123B5E7059B53B9DDE914234E
:102A70009D4208BF944204D1099B002BF2D1002E45
:102A8000F0D0B8F1040F94BF00230123A2E74FF068
:102A90000408F1E705FB02F7A4FB054201363A44BE
:102AA000A0E70A220023DDF72BFB303208F8012DC6
:102AB00009F10109C7E700BF014B5843800C70477B
:102AC00041340100014B5843000D7047FB2E0B00B1
:102AD000024B5843C00C0130704700BF4F931200A7
:102AE0000A4A70B503464FF0CC3600204FF033351C
:102AF00006FB03F402FB0144A3FB023121449D4287
:102B000075EB010401D30130F2E770BDCDCCCCCC24
:102B10002DE9F04F1A23354EB0FBF3FA03FB1A03ED
:102B200089B004460D4606EB0A1653B9D6E90023D0
:102B3000C1E90023D6E90201C5E9020109B0BDE8F7
:102B4000F08F2B4A02EBC303D3E9008904AB009357
:102B5000D6E902234046494607F04EFB06AB0093F8
:102B6000D6E9002383460F464046494607F044FB1A
:102B7000DDE9066216EB0B0652EB07084FF0000387
:102B800028BF0123814633B1049B059A013342F1EA
:102B90000002CDE9043220460391FFF799FF074672
:102BA0001A2000FB0AF0FFF793FF3F1A3246434614
:102BB00003990097484607F03AFB4FEA141C0D4A68
:102BC000640004F01E0352F82C40DC4004F00304BF
:102BD000241841F10001C5E90041DDE90423009713
:102BE0003046414607F023FBA6E700BFA8AC020031
:102BF000D8AB0200FCDD02002DE9F04F1A27DFF808
:102C0000ECA000F11905B5FBF7F56F433A1A4FEA4E
:102C1000051B89B004460E460AEB05150AD1D5E915
:102C20000023C1E90023D5E90201C6E9020109B088
:102C3000BDE8F08F2B4B03EBC203D3E9008904AB53
:102C40000093D5E902234046494607F0D5FA5AF8E1
:102C50000B206B68013ACDE9020106A963F100037C
:102C600000914046494607F0C7FADDE906528A4618
:102C700002996D18039952EB01084FF0000328BF29
:102C80000123814633B1049B059A013342F10002CE
:102C9000CDE904323846FFF71BFF07462046FFF711
:102CA00017FF3F1A2A46434600974846514607F009
:102CB000BEFA4FEA141C0C4A640004F01E0352F8DA
:102CC0002C40DC4004F003040134241841F10001DD
:102CD000C6E90041DDE9042300972846414607F094
:102CE000A6FAA2E7D8AB020050DE020078AD0200DF
:102CF000704701207047DFF773B982B070B588B0B4
:102D00000CA981E80C009DF8403006466C4604ADE5
:102D1000E3B10FC984E80F0094E80F0085E80F00C5
:102D20003068DFF75DF900B383689C6824B308AAB4
:102D300012E903000EAB83E8030095E80C0030466F
:102D4000214608B0BDE8704002B008470CAB0FCB7D
:102D500084E80F0094E80F0085E80F003068DFF783
:102D60003FF910B18368DC68E0E76FF0150008B048
:102D7000BDE8704002B070476FF08500F7E782B0A1
:102D8000F0B591B016A981E80C0007C805AE86E839
:102D90000700DFF725F9074670B316AB0FCB08AC79
:102DA00084E80F0094E80F000CAD85E80F0005984B
:102DB000DFF716F983685C684CB110AB13E90300C8
:102DC0008DE80300304695E80C00A04778B9BB6851
:102DD0001B78022B12D8DDE918018DE803009DF85D
:102DE0006830029316AB0CCB3046FFF786FF11B06C
:102DF000BDE8F04002B070470120F8E76FF08500B1
:102E0000F5E710B5837A04681A44C37A1944437A03
:102E100014B901FB032010BD13FB01F313444268F6
:102E20009BB2934204D254F8230008B10138F2E770
:102E30006FF01500EFE7084307D1824201D100206F
:102E4000704743F820000130F7E76FF01500704736
:102E500008B50020DFF73AFA0120DFF737FA022041
:102E6000DFF734FA0320DFF731FA0420DFF72EFA18
:102E7000002008BD0021DFF76DBA01790131C9B228
:102E8000DFF768BA70B5A1F10804064605460FCC15
:102E90000FC594E80F0085E80F00304670BD82B082
:102EA00008B502A9006881E80C00FFF724FF436819
:102EB0001878F7F7EFFB00284FF0000001DBE0F790
:102EC000DFFFBDE8084002B0704783681B6803B1AC
:102ED00018476FF08500704783685B6803B1184737
:102EE0006FF08500704783689B6803B118476FF0E7
:102EF0008500704782B08DE80C00002002B070475A
:102F000070B500240646254646FA04F3DB0703D5D0
:102F1000E0B2DFF705FB05440134082CF4D1284664
:102F200070BD70B500240646254646FA04F3DB075B
:102F300003D5E0B2DFF71AFB05440134082CF4D1C5
:102F4000284670BDC0F30743072B04D00C2B05D0D7
:102F50006FF01500704780B2DFF774BB80B2DFF707
:102F6000C5BBC0F30743072B04D00C2B05D06FF073
:102F70001500704780B2DFF77DBB80B2DFF7D0BBB2
:102F8000C0F30743072B03D00C2B04D0002070475D
:102F900080B2DFF78BBB80B2DFF7DEBB70B510F419
:102FA0007F0F86B2C0F3074488B0A6F1E0054FEA70
:102FB00010601AD1072D1CD90724C5B20020CDE915
:102FC000062308AB8DF811008DF8121013E90300E9
:102FD0008DE80300ADF8084003968DF8105002AB61
:102FE0000FCBE0F72FFA08B070BD072DE5D8072CFE
:102FF000E3D1C0B207240025E1E782B08DE80C00E0
:103000004068DDE90223002102B0FFF7C7BF82B0AC
:103010008DE80C004068DDE90223012102B0FFF7D2
:10302000BDBF82B010B5044602A9006881E80C005B
:10303000FFF761FE436820791978BDE8104002B0BF
:1030400000F025B982B010B5044602A9006881E8F5
:103050000C00FFF750FE436820791978BDE8104056
:1030600002B000F010B982B08DE80C00002002B070
:10307000704782B08DE80C00002002B0704782B02B
:103080002DE9F04387B00EA9054600689DF8486019
:1030900081E80C00FFF72FFE0F9B0E994468026930
:1030A000363B0B440A3326B1002142F8231001209D
:1030B00024E052F82370002F25DD94E8070006ABCA
:1030C00003E90700237F0BB16B68049300264FF0E0
:1030D000010903ADB046A369CDE900930EA895E8B8
:1030E0000E00DFF75FFFCDE900880EA895E80E001F
:1030F0000136DFF757FFB742EDD1002007B0BDE83A
:10310000F04302B07047D2D004F10C0393E80700FB
:1031100006AB03E90700237F0BB97F42D6E7AB6814
:103120000493FAE738B5044602294FF000000D4633
:10313000206001D1E0F716FC60602570204638BDA4
:1031400084B00DF1100C0CE90300694681E80C0015
:103150009DF808209DF8003093420CD1012B08D92E
:10316000022B08D10398019BC31A5842584104B05E
:1031700070470120FBE70020F9E782B002AB03E9CA
:1031800003009DF80000012804D0022806BF08466D
:103190000230002002B07047072804D00C2804D069
:1031A0006FF085007047DFF745BFDFF75DBF08B5FB
:1031B000DFF794FADFF7C8FADFF73CFFBDE8084015
:1031C000DFF752BF08B5DFF7FFFF002008BD08B5E5
:1031D000DFF7FAFF002008BD38B5E0F74FF90446E5
:1031E000002835D003884268A17A42EA034089B3B7
:1031F000E03A072A02D8DBB2072B0DD0FFF7C0FE5A
:1032000050B12088636843EA0040FFF7AAFE002817
:103210001EDB2088FFF7C0FF2088636843EA004078
:10322000FFF790FE002813DB607AFFF769FE054682
:10323000207ADFF7D5F92388072B06D0002D01DC93
:10324000002802DD0720FFF7A7FF2088FFF7A4FF73
:10325000002038BDFFF785FE0028F9DB607AFFF714
:1032600060FE0546DFF7D6F9E5E700207047034624
:10327000012000FA03F28A431CBFB3FA83F040092D
:103280007047002070470A460121DFF7D9BF0A4680
:103290000021DFF7D5BFF0B50D4689B091B22846C1
:1032A00014461E46E0F70EF8DDE90E23CDE90623AD
:1032B000029608AB074613E903002A468DE803008F
:1032C00023463846CDE90454FFF759FD09B0F0BD57
:1032D00037B50446DFF798F8034650B1D3E9044503
:1032E000027A0078CDE900455968E0F707F803B0A5
:1032F00030BD2046DFF7AEF8014650B1D1E90423D6
:10330000007ECDE90023043151F8042CE0F71AF8CF
:10331000EDE76FF08500EAE713B56C462046DFF76E
:1033200049FF94E8030002B0BDE81040E0F7B0B8F0
:1033300008B5FFF7F1FFBDE80840E0F79DBC08B510
:103340000020FFF7F5FF002008BD82B06B4683E840
:10335000060093E80600007802B0E0F7A9B8E0F7AD
:10336000D3B800B589B001F077FF6946E0F702F9FC
:1033700009B05DF804FB00B589B001F06DFF694646
:10338000E0F7F8F809B05DF804FB00B589B001F08A
:1033900063FF6946E0F7EEF809B05DF804FB00B59D
:1033A00089B06946E5F716F99DF80130012B08D17F
:1033B000E0F7B0F9002814BF0020062009B05DF83E
:1033C00004FB0020FAE7E0F70BBA704738B50C466B
:1033D000BDF81000E5681C46C318012B114605DC3A
:1033E0002246284406F042FF204638BD6FF006040E
:1033F000FAE737B51C46BDF818301546A3B9012CBD
:1034000015D101F029FFE0F7B3FA002812DB0223FF
:103410008DF80030019002AB284613E90600FFF753
:1034200094FF204603B030BD6FF00600FAE76FF05E
:103430000C00F7E76FF00D00F4E7F0B585B01F461C
:1034400004460D461646DFF79DF90C230293013022
:10345000BDF828300190009332463B46294620466D
:1034600003F0A0F805B0F0BD1FB502240294CC68AB
:103470000194BDF81840009403F094F804B010BD16
:103480001FB504240294CC680194BDF81840009440
:1034900003F088F804B010BDF0B585B01F460446AF
:1034A0000D461646DFF76AF9082302930130BDF88E
:1034B00028300190009332463B462946204603F0CF
:1034C00071F805B0F0BD08B5E0F7F8FBBDE80840BD
:1034D000DEF7CABF38B549881D4601F47F43B3F50E
:1034E000807F144612D1C9B2012904D0022909D023
:1034F0006FF0150038BDDFF741F90923286023601C
:103500000020F7E7DFF73EF90D23F7E76FF08500BE
:10351000F0E713B5498801F47F40B0F5007F14D17E
:10352000C9B2012914D11268022A11D118686B4658
:10353000002400945C608DF80010013093E80600D0
:10354000FFF703FF204602B010BD6FF08500FAE7D9
:103550006FF01500F7E708B5DFF710F9BDE8084090
:103560000921E0F709BC08B5DFF70CF9BDE8084010
:103570000D21E0F701BC08B5E1F78CFD00F017FC68
:10358000002008BD00EBC100408840087047F8B536
:103590000346FFF7F7FFB0FA80F0C0F11F0003EB1E
:1035A000800CCA00DCF81060171D0C4606328DB284
:1035B00056B9012101FA00F0D9680143D960CCF86D
:1035C0001040DD539D52F8BDF1000431585AD853D4
:1035D00003EBC0009E52C5805D52F4E710B500EBCE
:1035E000C104E388994202F104010AD1012303FADC
:1035F00002F2C36823EA0203C360002340F82130CB
:1036000010BDA28840F8213000EBC20100EBC300DE
:10361000CB808280F4E708B50346FFF7B3FFB0FA2A
:1036200080F2C2F11F021846BDE80840FFF7D6BF7E
:103630002DE9F843B1FA81F5C5F11F0900EB8908BE
:103640000346D8F810200E46C2B10327D8F8104020
:1036500018462146FFF796FFB04206D34A46184661
:10366000FFF7BCFF2046BDE8F88303EBC404013F2D
:10367000E088C8F8100001D08242E7D1C5F12002ED
:103680004FF0FF349440DA681440EBD094FAA4F27F
:10369000B2FA82F2111D53F821402146DFE738B516
:1036A0000346FFF76FFF0D46044611461846FFF725
:1036B00069FF03EBC5050444600068801846FFF706
:1036C00061FF014423F8314038BD38B50346FFF7A8
:1036D00059FF0C46A51A511A03EBC40405444800CF
:1036E000608003EBC2006C00448023F8321018465F
:1036F0001146FFF747FF014423F8315038BD38B574
:103700000546FFF73FFF0C46014405EBC1035B880C
:10371000DA070AD42846FFF77EFF21462846FFF73E
:1037200031FF22182846FFF7BAFF35F83410611A26
:1037300005EBC1035B88DB070CD42846FFF76BFF62
:1037400035F834102246611A2846FFF7A8FF35F8ED
:103750003430E41A21462846BDE83840FFF717BF49
:1037600061B100680439091A21F007030344C9084C
:103770005A8822F001025A80FFF7C1BF704770B526
:10378000056809B9002070BDAB68B3EBD10FF9D95A
:103790000B31CC0821462846FFF74AFF0646002891
:1037A000F0D001462846FFF7EDFEA04207D93219B6
:1037B0002846FFF78AFF11462846FFF7E8FE05EB8B
:1037C000C6021046538843F0010353800430DAE701
:1037D0002DE9F84301F1FF3919EA010906680F469E
:1037E00014460CD04B420B40042B1A464F4628BFC0
:1037F0000422994664B900252846BDE8F8830429C7
:1038000004D8BDE8F8431146FFF7B9BF0422F1E739
:10381000B368B3EBD40FEED904F10B013944891A24
:10382000C9083046FFF704FF80460028E3D009F1BD
:10383000040505EBC0057B1E35441D44B5FBF7F5BB
:103840007D43A5EB09052C442B1F07349B1B24F05B
:103850000704A41BB0EBD30F4FEAD3074FEAE404ED
:1038600008D201463A463046FFF72FFF4146304620
:10387000FFF78DFE39463046FFF784FE3844844218
:1038800007D230462246FFF720FF21463046FFF799
:103890007EFE06EBC706738843F001037380ABE737
:1038A000043A2DE9F041CC1D114424F0070421F025
:1038B00007010E1BF708B7FA87F2C2F12405AD0025
:1038C0004FF000080735C2F12002ED0804604146C0
:1038D000A760C4F80C80920004F1100006F0EEFC22
:1038E0006B0043F00103638004EBC5027B1B5900AE
:1038F000A4F800805180A21924F83550A2F8028063
:10390000A35304EBC70329465A8842F001025A80A8
:103910002046BDE8F041FFF73ABE002070470FB4E3
:1039200007B504A951F8040B0191E0F777FA03B049
:103930005DF804EB04B070470FB407B504A951F863
:10394000040B0191E0F76AFA03B05DF804EB04B0F0
:103950007047F0B564230546042600200A2769B99C
:10396000F0BD9A42B2FBF3F40CD2012B0AD048B955
:1039700003FB1422D2B20A24B3FBF4F3013EF0D1CC
:103980002E70EDE7303405F8014BB2FBF3F401394A
:1039900003FB14220130B3FBF7F3C9B2C0B2D2B2B9
:1039A000DBB2DCE7A0F13003DBB2092B02D80B70ED
:1039B00000207047A0F16103052B02D85738C3B22D
:1039C000F5E7A0F14103052B01D83738F7E76FF091
:1039D00015007047F7B5054601F0010000EB5106F0
:1039E0009E424FEA510703D90026304603B0F0BD8E
:1039F00058B128780DF10701FFF7D4FF0028F3DB59
:103A00009DF8073002F8013B013501351744BA42F1
:103A1000EBD015F8010C0DF10701FFF7C3FF0028EB
:103A2000E2DB9DF807402401E4B2147015F8020BA4
:103A3000FFF7B8FF0028D7DB9DF807301C4402F8D9
:103A4000014BE4E7036800220BB9184670478B422C
:103A500010D10B6842B942680360914200D14360C3
:103A600000230B600120704713604368994208BF30
:103A70004260F5E71A461B68E6E7038B13F007037D
:103A800005D10368002B0CBF002003207047022BD8
:103A900005D1408BB0FA80F0400980007047012BBF
:103AA00005D10368002B0CBF0020052070470020C3
:103AB000704710B50C4600B111B96FF0150010BD7C
:103AC000081D00F0D3F80028F9D1A368032BF6D91C
:103AD000F3E72DE9F0410D4607461946281D9046AB
:103AE0001E4600F0D7F8044638B133464246294610
:103AF0003846A446BDE8F0416047BDE8F08110B407
:103B0000EFF31182202484F31288BFF36F8F416199
:103B10005DF8044B0121E0F7C9B938B50C460546FC
:103B200058B151B10B6843B14B6833B11C2200212D
:103B300006F0C4FB2C61002038BD6FF01500FBE7D8
:103B400070B505460E46FFF7B4FF041E14DBEFF315
:103B50001182202383F31288BFF36F8F6B8B2C8B22
:103B60004FF6FF718B4204F0070407D182F31188EE
:103B7000BFF36F8F6FF00A04204670BD022C0CD18A
:103B800001336B8382F31188BFF36F8F00232246CA
:103B900031462846FFF79DFFEEE7062C14D8DFE8F4
:103BA00004F004131313041A0400002333606B6839
:103BB0003BB9C5E90066ACB902212846E0F776F9C1
:103BC000DAE71E606E60F6E782F31188BFF36F8F4D
:103BD0006FF00404D0E782F31188BFF36F8F6FF0AA
:103BE0008504C9E782F31188BFF36F8FC4E710B56E
:103BF000EFF31182202383F31288BFF36F8F048BBE
:103C000004F00704022C0AD0012C0CBF6FF0040052
:103C10006FF0850082F31188BFF36F8F08E0438B4C
:103C2000013B9BB2438323B92146E0F73FF920468D
:103C300010BD2046EEE738B5A8B1A1B1EFF311856C
:103C4000202282F31288BFF36F8F048BFFF7FAFEF6
:103C500030B104F0070085F31188BFF36F8F38BDD2
:103C60006FF07700F7E76FF01500F8E7034640B113
:103C7000426802F00302022A06D0032A04D0012A75
:103C800005D06FF0150070471A68002AF9D000209F
:103C90009860704710B54268816002F00302022A02
:103CA00003464FF0000407D0032A02D05C600020D6
:103CB00001E018685C6010BD18685C600028F6D0F0
:103CC000FDF7F2FDF3E7704710F0700F08D100F038
:103CD0007F0310F0800F18BF103301209840704709
:103CE000002070472DE9F84306460F469046994656
:103CF0000B254B46424639463046F7F73FF910F15F
:103D00000B0F044603D1FDF7F1F9013DF1D1204637
:103D1000BDE8F883006840B150F8043C5B688B4212
:103D2000A0F1040001D04068F5E77047006850B189
:103D300050F8043C5B685B689B788B42A0F1040000
:103D400001D04068F3E7704730B5006888B150F89B
:103D5000043C5B681A6A1D7F04380023043ADCB215
:103D6000A54201D84068F1E7013312F833408C4294
:103D7000F5D130BD2DE9FF41D1F80C800546404614
:103D80001F460C461646DCF7E7F9BDF828300093CD
:103D900080B2CDE901803B4632462146284602F0FA
:103DA00001FC04B0BDE8F08170470020704700209E
:103DB000E1F778B800221146E1F74EB80021E1F7AB
:103DC000C7B8034610B508460AB10021116053B1C7
:103DD000D0B1411E11F8010F80B113F8014BA04280
:103DE00001D13D28F6D100200EE0013313600AE036
:103DF0003D2808D0B0FA80F0400905E018782F2857
:103E0000F6D1002AF1D1012010BD10B509B100236F
:103E10000B6058B103461A781C4601332AB13D2A7B
:103E200003D02F2AF7D101B10B60201A10BD00205A
:103E30007047012801D1EFF30583FCF7F5B801467F
:103E40000068FFF7F6BF08B5E1F742F9BDE80840A2
:103E5000E1F762B900210120FFF7EBBF61B662B65E
:103E600080F31188BFF36F8F704772B6002383F31E
:103E70001188BFF36F8FBFF34F8F30BF62B6BFF3B0
:103E80006F8F704772B6002383F31188BFF36F8F73
:103E9000BFF34F8F20BF80F31188BFF36F8F62B6DF
:103EA00070477047002303824369C3607047416ACB
:103EB0008968E1F7CBBCEFF31182202383F31288EA
:103EC000BFF36F8F00230B60436833B9C0E9001163
:103ED00082F31188BFF36F8F704719604160F7E775
:103EE00010B50346EFF31181202282F31288BFF34D
:103EF0006F8F006828B15C6802681A60A04208BF32
:103F00005A6081F31188BFF36F8F10BD027A0132BE
:103F100002727047034618465B68002BFBD170475E
:103F2000426810B52AB10B461C465B68002BFBD1DA
:103F30006260416010BD10B5044620B90B7A0133B0
:103F40000B72084610BD034618465B68002BFBD178
:103F5000FFF7E6FF2046F5E710B508B14B68436070
:103F60004C68002308464B60E1F7EEFC204610BD8C
:103F700083680B440360704703680B6043684B60C1
:103F800083688B6070478388026819448180D018E9
:103F9000704730B484880568A3188380281930BC22
:103FA00006F064B910B5838802685C1C8480D15423
:103FB000D01810BD034600689A88401A1144186052
:103FC000998070478288521A0346828000680844AC
:103FD00018607047034600689A88521A01449A8014
:103FE0001960704710B503681C880221FFF7EAFFCB
:103FF000204610BD02688068101A70478388C28806
:104000008168D21A03685B1AD01A704781707047B2
:1040100000207047036942685B6852681374C3F3F9
:10402000072353740020704730B444680069057B4F
:1040300035B1407B20B9206A30BC0079FFF752BE11
:104040006FF00A0030BC704730B585B014460A885E
:104050008B78ADF8002005460D2200210DF10300FC
:104060008DF8023006F02AF96A4669462846F3F7C9
:1040700081FB28B9BDF800209DF802302280A37092
:1040800005B030BD13B50C4601AA0331FFF7DCFFC4
:1040900048B9032201A9204605F09BFFB0FA80F041
:1040A000400902B010BD0020FBE770B5CE1C0546EC
:1040B0000C4630460321F3F75BFB60B9637903F0EC
:1040C0003F0343F040036371224631462846BDE872
:1040D0007040FFF7B9BF70BD70B50D4600210446B2
:1040E000FFF793FE0D2818D1237B302B13D0312BF3
:1040F00013D1012305F8063B04F10C062A4620469D
:10410000012302210234FFF765FCB44205F1FF35BB
:10411000F4D1002070BD0023ECE76FF01500F9E743
:10412000E0F7B8BF0020704710B50C460178227840
:104130008A428AB00FD06946E1F7D4FE05A920462D
:10414000E1F7D0FE10220DF115010DF1010005F08F
:1041500040FF0AB010BD012A06D0022A07D072B96A
:1041600040886388C01AF4E740686368FAE7102261
:10417000611C01300AB0BDE8104005F02ABF6FF0A5
:104180001500E6E7042A0AD0102A0DD0022A4FF0C3
:10419000000315D103700B88438001207047012371
:1041A00003700B684360F8E7022300F8013B01F15C
:1041B000100351F8042B40F8042B9942F9D1ECE795
:1041C00018467047012310B50621044600F8013B4C
:1041D000F3F7CEFA18B9A37963F03F03A37110BDCA
:1041E0000B6803608B8883808B798371037823F05D
:1041F0000203037070470078C0F34000704738B581
:104200000446807AE1F7F8FA6169054649B1637AB4
:10421000DB0704D4436A1B6820469B689847002349
:10422000636121462846BDE8384005F00EBA2DE905
:10423000F04101F10C080C46054600F10C01404626
:1042400017461E46FFF798FE4046FFF7D3FE0123B0
:1042500010FA87F068826B722F8239464046FFF76A
:10426000B1FEE3687360628A0023E3607281638257
:1042700034602846BDE8F08138B5D1E90032DA6013
:104280000B684A895A820C4605460868E1F75CFBD0
:1042900020461022002106F011F82846BDE83840DB
:1042A000FFF7ADBF438A23B9C068B0FA80F0400978
:1042B0007047002070477047D0F8A03083B15A7B18
:1042C000D1070DD5D2060DD51B7B102B14BF0323B0
:1042D00004234372807A98428CBF002001207047EB
:1042E0000223F6E70323F4E70F2807D80D280BD89D
:1042F000052808BF032018BF02207047132803D0E9
:104300001A2808BF0120F6E70120704710B50346C0
:10431000BFF35B8F53E8000F40EA010243E800243B
:10432000002CF7D1BFF35B8F10BD0B460146187808
:10433000E1F754BE38B5C3681D78B3F8010065B91C
:104340000F21E3F77BFE044638B12946E3F7ECFD85
:104350002046BDE83840E3F7BDBD38BD08B5C368A9
:104360000121B3F80100E3F769FE18B1BDE8084088
:10437000E3F7B0BD08BD08B5C36801211888E3F7AD
:104380005DFE18B1BDE80840E3F7A4BD08BD0121FA
:104390000C30FFF71FBE38B5C5680121B5F8010024
:1043A000E3F74CFE044698B12B783BB9D5F80330BF
:1043B000C0F89530D5F80730C0F89930201D4FF47B
:1043C0008031FFF7A3FF2046BDE83840E3F782BD08
:1043D00038BD30B402EBC303044608469A4201D10B
:1043E00030BC7047114611F8085BA54206D1018A1E
:1043F00053789942F4D330BC536818470A46EDE726
:10440000BFF35B8F50E8003F0B4040E80032002ACA
:10441000F8D1BFF35B8F704710B5E2F763FF6FF021
:1044200080011030FFF7ECFF0020E1F747FE044663
:1044300048B13C2303730021E3F776FD2046BDE835
:104440001040E3F747BD10BDC0F307231070000E06
:104450005370D0700023C1F30720090E93701371BD
:1044600050719371D17170472DE9F843C7683A785C
:10447000012303EB8203028A93423FD9BDE8F8830C
:1044800007EB85030F21B3F80100B3F80360E3F7EE
:10449000D5FD044660B100F1C00836B12046E3F70F
:1044A00017FCFCF701F963693BB92046E3F712FDFD
:1044B00001353B789D42E3DBE0E7A1691A68626160
:1044C0008B4208BFA261C3F80090226A9AB9C4E97E
:1044D0000733BFF35B8F58E8003F013B48E80032E9
:1044E000002AF8D1BFF35B8F00212046013EE3F79D
:1044F000FBFBB6B2D1E713602362EAE70025A946C9
:10450000D7E773B5C5680121B5F80100E3F796FD5B
:10451000044600284ED02B781A2B00F1040619D13E
:10452000C378012B2AD14FF480413046FFF7EEFECD
:1045300042040FD4D4F8883000936946D4F8903000
:1045400001932046E4F786FA204602B0BDE87040A9
:10455000E3F7C0BC2B788BB9B5F80330A4F88630EC
:10456000B5F80530A4F88C30B5F80730A4F88E30D3
:104570006FF480513046FFF743FF17E0BFF35B8FC6
:104580006368BFF35B8FDB04F2D52B78202BEFD170
:1045900094F89430002BEBD0013B84F894304FF426
:1045A0002032002304F14000FCF700FB2046E3F733
:1045B0009FFEC9E702B070BD012070478176704749
:1045C000704710B503884288934219D8052B17D934
:1045D000B2F5486F14D88388B3F5FA7F10D2C0883B
:1045E000A0F10A0189B240F67644A14208D801330D
:1045F0009BB25343B3EB800F34BF0120002010BDAA
:104600000020FCE738B5C3680F21B3F801001D781E
:10461000E3F714FD044620B365B12846E1F7ECFE4C
:10462000294602462046E3F719FF2046BDE83840F8
:10463000E3F750BC8378012BEFD102F06BFD2046ED
:10464000FFF73AFE0028E8D10520E1F7D5FE052165
:1046500002462046E3F702FF0521204600F04AFD0E
:10466000E3E738BD70B5C6680F21B6F801003578AC
:10467000E3F7E4FC044688B34DB12846E1F7BCFEFD
:10468000294602462046E3F7E9FE204603E0F37898
:10469000C27A9A4203D1BDE87040E3F71BBC82782E
:1046A000C372012A05D00020E1F7A6FE00210246D0
:1046B000E8E70BB102F02EFD2046FFF7FDFD0028D4
:1046C000F1D10520E1F798FE052102462046E3F7E7
:1046D000C5FE0521204600F00DFDD6E770BD40F275
:1046E000C130704708B5E7F70FFA18B1C089003834
:1046F00018BF012008BDF0B5C5682F8887B001211B
:10470000B8B2E3F79BFC064658B302ACD5F80220DA
:10471000D5F8063001946989009102F092FB10B33C
:10472000122142F21A00E1F709FE0546B0B112214A
:104730000C30FFF728FC0346224623F8027B06AF25
:10474000144603CCBC4218605960224603F10803AA
:10475000F6D1294642F21A00E1F70AFF3046E3F7A4
:10476000B9FB07B0F0BD022142F21B00E1F7E6FD04
:1047700004460028F2D002210C30FFF704FC214649
:10478000078042F21B00E7E770B506460D4642F28D
:1047900021000321E1F7D2FD044660B103210C3072
:1047A000FFF7F1FB06808570214642F22100BDE84B
:1047B0007040E1F7DDBE70BD73B5C368D9789A78F3
:1047C0001E8842EA0122ADF8002059791A7942EA9E
:1047D0000122ADF80220D9799A7942EA0122ADF896
:1047E00004201A7A5B7AB4B242EA032301212046FC
:1047F000ADF80630E3F722FC054628B90221204631
:10480000FFF7C2FF02B070BD6946E3F7BBFD38B9E0
:104810001E212046FFF7B8FF2846E3F75BFBF1E7D0
:104820000E2142F22000E1F789FD04460028F3D072
:104830000E210C30FFF7A7FB00230680C0F80A30DA
:10484000BDF800304380BDF802308380BDF80430ED
:10485000C380BDF806300381214642F22000E1F713
:1048600087FED9E773B506460D4601AA002142F23C
:104870002F00E1F7F9FE044648B90198C368B3F880
:1048800001203280B3F803302B80E1F75DF8204639
:1048900002B070BD70B506460D4640F206400321D9
:1048A000E1F74CFD044668B103210C30FFF76BFBC8
:1048B0000680857021460022BDE8704040F2064027
:1048C000E1F7D2BE6FF0680070BDC06803781BB11D
:1048D0003C2B03D1FFF7A0BDE2F712B8704738B503
:1048E0000221054642F21600E1F728FD044668B1B0
:1048F00002210C30FFF747FB2B8803802146002262
:10490000BDE8384042F21600E1F7AEBE6FF0680035
:1049100038BDF8B507460E4642F22200062115467C
:10492000E1F70CFD044678B106210C30FFF72BFBB4
:104930003B8803804680858021460022BDE8F84000
:1049400042F22200E1F790BE6FF06800F8BD2DE959
:10495000F0478146884642F2320007219DF820A0A8
:1049600017461E46E1F7EAFC0546A0B107210C30C8
:10497000FFF709FBB9F80030038080F80280C770A8
:104980000671A0F805A029460022BDE8F04742F2D2
:104990003200E1F769BE6FF06800BDE8F08708B546
:1049A00000200021E1F708FE18B1BDE80840E1F75A
:1049B000D9BDBDE80840E3F7BDBB033138B5C9B286
:1049C00005460E20E2F7DAF8032104460C30FFF723
:1049D000DAFA01230370A0F80150204638BD70B503
:1049E00005460E460F200421E2F7C8F804210446CC
:1049F0000C30FFF7C8FA012206704270458020464D
:104A000070BD08B5072205F0E4FAB0FA80F040095D
:104A100008BD0B6803608B8883808B798371704736
:104A2000BFF35B8F0068BFF35B8F7047F8B50F462D
:104A3000144630BB272142F22700E1F77FFC0546F0
:104A400010B327210C30FFF79EFA3946FFF7E1FF3C
:104A500006462246C31D04F1100152F8040B43F828
:104A6000040B8A42F9D11022002106F1170005F04B
:104A700025FC29460022BDE8F84042F22700E1F774
:104A8000F3BD6FF01500F8BD6FF06800FBE7037A27
:104A90005B07024605D501462A3211F8010BFFF7E4
:104AA000C5BF704738B50121054642F22D00E1F738
:104AB00045FC044658B129460C30FFF773FA2146ED
:104AC0000022BDE8384042F22D00E1F7CDBD6FF085
:104AD000680038BD10B400F11003BFF35B8F53E8DA
:104AE000002F22F4004143E80014002CF7D1BFF35B
:104AF0005B8F130404D55DF8044B012100F0D3B99A
:104B00005DF8044B70472DE9F041D1F8048086B080
:104B100004460D46B8F1000F1DD1037A5B071AD584
:104B20000E68411C701CFFF76CFF2A3616224146A6
:104B30000746684605F0C2FB10226946304605F07C
:104B400048FA30B1102204F12A01304605F041FA4A
:104B500000B107B16C6006B0BDE8F08100F1100251
:104B600008B503461046FFF75BFF010611D5BFF3FA
:104B70005B8F52E8000F40F4004042E8000100293A
:104B8000F7D1BFF35B8F18460021BDE8084000F065
:104B90008AB908BD10B50C4630B919B1E6F746FF21
:104BA00000B1441C204610BD0024FBE718B111B130
:104BB0000846E2F75BB86FF01500704713B504467E
:104BC00080B106216846F2F7D3FD48B99DF805305B
:104BD000694603F03F0320468DF80530FFF7E6FFF6
:104BE00002B010BD6FF01500FAE7003818BF0120C1
:104BF0007047037AD90704D523F001030372E2F763
:104C00008BB8990704D523F002030372E2F71AB9AF
:104C1000704700207047034610F4004F0CBF072078
:104C20000620DA0348BF00F005009B0348BF00F0F0
:104C3000FB007047BFF35B8F0068BFF35B8F70476B
:104C400010B50346BFF35B8F53E8000F00EA010283
:104C500043E80024002CF7D1BFF35B8F10BD2DE992
:104C6000F74F0C46202100909246E1F767FB05467E
:104C7000002850D020210C30FFF785F92022002198
:104C8000814605F01BFB09F1010B04EBCA0A002663
:104C9000D4F800800023626893420CD30834A24504
:104CA000F6D1009889F800600022294603B0BDE8DB
:104CB000F04FE1F7D9BC98F8012098F800C0B01C7B
:104CC00011181F2908D9BCF1090FC0F11F021AD110
:104CD000002A18DD4FF0080CD7B2791C0BF806102B
:104CE000711CC9B25BFA80F00BF801C0D8F804104F
:104CF0000193023705F0BAFA019B3744FEB2013343
:104D000008F10808C7E72846E0F71EFE6FF0150017
:104D100003B0BDE8F08F6FF06800F9E7012310B42D
:104D200003FA01F104466AB1BFF35B8F54E8003F18
:104D30000B4344E80032002AF8D1BFF35B8F5DF8E3
:104D4000044B70475DF8044BC943FFF779BF2DE969
:104D5000F04F87B005469DF84860DDF840909DF81B
:104D600044A00C4690460021102202A81F4605F0E0
:104D7000A5FAEEB9CDE90248012202A942F20800E3
:104D8000FFF76DFF044678B9BAF1000F3ED1103538
:104D9000BFF35B8F55E8003F43F0040345E8003262
:104DA000002AF7D1BFF35B8F204607B0BDE8F08F34
:104DB000E1F7D4FB8346E4B937BB5846DBF7CCF9BF
:104DC0000923012ECDE901B48DF800308DF80100E2
:104DD000CDF80C80D0D1CDF810D005960222CCE7CA
:104DE00014F83320083A012A25D901339845F7D120
:104DF000E2E70023FAE717F83320083A012A1AD924
:104E000001339945F7D1D8E70023FAE7022E4FF096
:104E1000010208BF059202A908BF324642F209000A
:104E200008BFCDF810D0CDE90279FFF718FF0028B0
:104E3000ADD00446B8E76FF01504B5E7436813F04A
:104E400008000AD05A0307D403F4C063B3F5806F97
:104E500014BF0220012070470120704770B506463C
:104E600086B00D4642F20A000121E1F767FA0446D6
:104E7000B0B10C3095B10121FFF794F806F11002A2
:104E800003A9204600950723E1F746FA00222146B0
:104E900042F20A00E1F7E8FB06B070BD2946EBE7F5
:104EA0006FF06800F8E7FFF7D9BF183004F0C8BC0E
:104EB000E2F780BB0368D90444BF43F48063036016
:104EC00003689A0444BF43F400630360704701F130
:104ED0002003013813F8012D00F8012F8B42F9D17E
:104EE000704700230B60436813B9C0E90011704795
:104EF000196041607047D0F8B000003818BF012039
:104F00007047084689691160C2691A60C27A002137
:104F1000183005F0D3B9BFF35B8F0068BFF35B8F28
:104F2000704710B50346BFF35B8F53E8000F40EAAC
:104F3000010243E80024002CF7D1BFF35B8F10BDC2
:104F400073B50446CDE900320D4622B9D0F8A86009
:104F50006B4601AAB0472846E0F7F6FC019B23B157
:104F600000996FF06D022046984702B070BD24385A
:104F7000E2F77EBE036800220BB9184670478B42E9
:104F800010D10B6842B942680360914200D143607E
:104F900000230B600120704713604368994208BFEB
:104FA0004260F5E71A461B68E6E710B5044600695B
:104FB00018B1E0F7C9FC0023236110BD70B50D46A0
:104FC000012116460446E2F78FFE00212846FFF72E
:104FD000F5FA012E16D0022E16D1236913B1204600
:104FE000FFF7E3FF2846FEF791FF20612269138A4D
:104FF000012B28D82088FFF7E3FA01212846FFF784
:10500000DDFA07E0206918B92046FFF7CEFF01E07E
:105010002E8A26B92846BDE87040E0F795BC0C30D2
:10502000FEF7ECFF864207D921690022204600F0F6
:1050300094FA00232361EDE720692A8AE9680C309D
:10504000FEF7A7FFD2E7D26816880436B6B2B3429D
:10505000D0D32846E0F778FC21690B8AB34204D903
:105060002046BDE87040FFF7A0BF00232361204623
:105070000122BDE8704000F070BA10B5034600F19F
:10508000C8021046FFF747FF80B1BFF35B8F411C9A
:1050900052E8004F844204D142E8001CBCF1000FEA
:1050A000F6D1BFF35B8FECD1184610BD0346FBE78A
:1050B0002DE9F84307460E46904600244FF0D009EC
:1050C000B44203D100231846BDE8F88309FB0470FD
:1050D000FFF7D3FF034658B1457B012D02D0073DB2
:1050E000012D03D81A884245EDD01846E2F7F2FEAA
:1050F0000134E5E710B5437B023B0446062B16D886
:10510000DFE803F009041515150B090001730021F0
:105110002046E2F709FF002010BD0088FFF7BAFB28
:105120000028F9D1637B072BF5D10821F0E76FF058
:105130007F00F1E710B50446D0F8A00028B9207A26
:1051400004F17001E6F7E0FC38B1E278C3892AB9CE
:1051500013F0210F14BF0120002010BD13F0240F05
:10516000F8E738B5037A8B420446154615D100F1AD
:1051700070010722284604F02CFF80B1E378072253
:1051800043B904F17E01284604F023FFB0FA80F011
:10519000400938BD04F17701F5E70020F9E7012067
:1051A000F7E708B5E3F7C2F910B1E2F793FE012083
:1051B00008BD20B18378194214BF01200020704738
:1051C00008B503210246FFF7F4FF28B1D07A18B1E1
:1051D000D2F8A00000B1007B08BD38B50A46032113
:1051E0000446FFF7E6FF48B3637B072B29D113067C
:1051F00002F07F050BD54FF40041201DFFF791FE13
:10520000A5722046E6F764F8A8B9002038BD637A95
:10521000AB42FAD2A37AAB42F7D2BFF35B8F231D26
:1052200053E8001F21F4004143E80012002AF7D19F
:10523000BFF35B8FE4E7637AA372E7E76FF01500D3
:10524000E4E76FF07F00E1E708B503210246FFF7CE
:10525000B0FF00B1507A08BD08B501210246FFF742
:10526000A8FF08B102F1700008BDF8B507460D4669
:1052700042F213000E21E1F761F80646D0B10E218B
:105280000C30FEF780FE0E220446002105F016F8D1
:105290003B8823802B8863806B88A380AB88E38066
:1052A000EB88238131460022BDE8F84042F213002A
:1052B000E1F7DAB96FF06800F8BD7047704710B4D5
:1052C00000F14C030122BFF35B8F53E8001F43E85A
:1052D0000024002CF9D1BFF35B8F41B9034653F88A
:1052E000482B8164D2F8B41031B9C2E92C3300687C
:1052F0005DF8044BE2F74CBD0B60C2F8B430F6E742
:1053000010B50368D3F8B02042B1D3F8B4401168A7
:10531000C3F8B010A24208BFC3F8B4104C30002349
:10532000BFF35B8F50E8002F40E800310029F9D12E
:10533000BFF35B8F10BD70B5D0E9003504464BB3A9
:10534000D3F8B020483000216AB1904234D1A26C29
:1053500051BBD3F8B410C3F8B020884201D1C3F8D0
:10536000B4200023A36404F14C030022BFF35B8F3D
:1053700053E8001F43E800200028F9D1BFF35B8FFA
:1053800004F13006236BD3B96B680BB12046984704
:1053900000232360E3680BB1204698472B6AB3B122
:1053A0002046BDE8704018470A60D3F8B420904208
:1053B00008BFC3F8B410D4E711461268C4E700224E
:1053C00000233046FBF73EF9E0F7BEFADAE770BD9E
:1053D00038B5406B30B150F8084904B1083CFFF7CC
:1053E000AAFF04B938BDA5682DB12046083DFFF7D6
:1053F000A2FF2C46F7E72046BDE83840FFF79BBFE9
:1054000038B5436B0D46BBB1184650F8084904B196
:10541000083C53F8043C9B680BB1294698475CB1A3
:105420002046A468436824B19B68083C002BF4D153
:10543000F6E79B68002BF0D138BDF8B50E46002189
:105440000746154600234FF480320846E3F784FAF6
:10545000044630B104210C30FEF795FD077046700C
:1054600045802046F8BD38B50546006898B1407BB8
:10547000072810D1087A012810D1C87A07280DD939
:105480008A61CB6105F1300004F0D4F82846FFF7BB
:1054900016FF002038BD6FF07F00FBE76FF01500AE
:1054A000F8E7406B30B1838B8B42A0F1080001D04C
:1054B0008068F7E7704710B54AB989B2FFF7F1FF86
:1054C00028B143689B6913B1BDE81040184710BD6F
:1054D00038B50D460521FFF7E4FF00231A4629469B
:1054E000FFF7C1FF044610B12846E0F72DFA204629
:1054F00038BD38B50B8A032B05460C4621D904214B
:1055000004F10C00FEF766FD238A42889A4218D106
:105510004178B1B10378012B13D0132B11D00222A3
:1055200001202D68FFF789FF044650B102210C309D
:10553000FEF729FD00230370437021462846FFF73C
:10554000C7FF002038BD406B30B183898B42A0F18A
:10555000080001D08068F7E7704738B50B8A032B45
:1055600005460C4604D82046BDE83840E0F7ECB9C3
:10557000042104F10C00FEF72DFD41882846FFF7B9
:10558000E2FF0028EFD0436821465B699847EAE7CD
:1055900070470346006828B1596802681A6088425B
:1055A00008BF5A6070470346002003B970471A8A43
:1055B0005B681044F9E710B5D4682378023113B959
:1055C0002170012010BD8B42FBD0038A023B038275
:1055D00000201061F6E70620704773B514460146B7
:1055E00005464FF49572206801F06BF8207500BBFA
:1055F000237A2068ABB1A3F11802534253419B00B8
:105600000193638A0093AE68238AE2682946B04713
:10561000002808DB238A83420ED100232375012052
:1056200008E00223ECE710F1FF0F05D34042C0B2BF
:105630002075002002B070BD0E20F9E71FB5CDE93E
:105640000123002300931A46E4F706FD05B05DF838
:1056500004FB2DE9F04F91B0166880460F460025F7
:1056600042F601030068D6F804908DF82C500BA97F
:105670001446ADF82E30FEF757FD002800F0898063
:105680004FF42053D8F800008DF82C500BA9ADF83A
:105690002E30FEF749FD38B1A3681BB15A88BA42D3
:1056A00000D25F8001200EE061680846FFF77BFFB3
:1056B000728B738D9A4294BFC0EB0200C0EB030063
:1056C000032803D8002011B0BDE8F08F0846FEF78C
:1056D00021FC05466068FFF766FF728D738B05F14C
:1056E0000C0B9A4294BFC0EB020AC0EB030A584667
:1056F000FEF784FC824544D26068FFF754FF728D48
:10570000738B9A4294BFC0EB0200C0EB030070B9E8
:105710006368987AE0F770F800220023FEF7C7FB71
:1057200005460028CED001466068FEF704FC002341
:105730000093D8F80460102302AA41464846B047B7
:10574000061E26DB227CE068B2421ED001460BA872
:10575000FEF718FDE8B1F2B202A906A8FEF712FDA5
:10576000B8B106A90BA8FEF7DFFC90B9002363745B
:10577000042105F10C00FEF706FCA0600780A36879
:105780008FE75846FEF73AFCC1E702A904F021FC76
:10579000EBE70023A36085E7F8B593681668054634
:1057A0000F46144663B9506801210C30FEF7EBFB3D
:1057B000A0602B681B78002B14BF02230123037009
:1057C000A3681B78012B03D0022B1FD000201CE004
:1057D0002B681B78002BF9D1606804210C30FEF790
:1057E000D2FBE06007802A68E36852885A806168CB
:1057F000728D738B088A9A4294BFC0EB0200C0EB93
:105800000300042894BF00200120F8BD2B681B78FA
:10581000022BDBD1606812210C30FEF7B4FBE06094
:1058200007802B68E268591C0232113351F8040BCF
:1058300042F8040B9942F9D16168728D738B088A22
:105840009A4294BFC0EB0200C0EB03001228D9E7D4
:1058500070B405686A6A52B3136803B1A83BA2F139
:10586000A8040022114600E0A83B844207D0668DC0
:10587000648BB14238BF3146A24238BF22461C4633
:105880002BB1D3F8A830002BEED18442EFD1438D59
:10589000408B8B4201D890420BD9824238BF0246DE
:1058A0009942286838BF194670BCE5F729B81146F7
:1058B000EDE770BC7047D0680378043113B901700C
:1058C000012070478B42FBD091680B8A0020043B7B
:1058D0000B82106170472DE9F04F044685B01046E9
:1058E00090469946FFF75FFE638B628D934228BF17
:1058F000134683428B4640F293806368039340468D
:10590000FEF708FB4FF0000A06464046FFF74BFE45
:10591000628B638D06F10C079A4294BFC0EB0205BF
:10592000C0EB03053846FEF769FB854217D24046B7
:10593000FFF739FE628B638D9A4294BFC0EB02057C
:10594000C0EB03058DBB98F80A00DFF755FF002276
:105950000023FEF7ACFA064630B9574636E0384623
:10596000FEF74CFB0546EDE701464046FEF7E3FA3D
:105970004046FFF718FE628D638B06F10C079A42D2
:1059800094BFC0EB0205C0EB03053846FEF736FBBB
:1059900085421FD24046FFF706FE628D638B9A4216
:1059A00094BFC0EB0205C0EB0305F168328ACDF865
:1059B0000090DBF8047003980A44ABB25946B8472C
:1059C000071E0CDABAF1000F18BF5746384605B06B
:1059D000BDE8F08F3846FEF711FB0546E5E70E9B64
:1059E000B3B9394606F10C00FEF7CDFA4046FFF791
:1059F000DAFD638D628B934228BF1346B94483421C
:105A0000BA441FFA89F9A8D9AF423FF47EAFA4E7A0
:105A10000F9A0E9B3946304698470028E1D19CE703
:105A20000027D3E70368002203B970478B420FD1E8
:105A30000B683AB942680360914200D14360002389
:105A40000B60704713604368994208BF4260F6E7F5
:105A50001A461B68E8E706207047BFF35B8F50E8E3
:105A6000003F43F0080240E800210029F7D1BFF3CE
:105A70005B8FC3F3C000704773B5166805460023FB
:105A80007068137314462946952200F01AFE20739D
:105A900080B9CDE900002946A388A2683046FFF707
:105AA0001AFF002809DA10F1FF0F26BF4042C0B2EA
:105AB0000E202073002002B070BD0120FBE72DE90D
:105AC000F34116680746002370681373144639467D
:105AD000952200F0F6FD0546207308BBA068718B87
:105AE000728D038A914294BFC3EB0103C3EB02039F
:105AF000012B15DD02210C30FEF745FACDE90055EA
:105B00008046A388A26839463046FFF7E4FE031EAC
:105B10000ADA13F1FF0F26BF5B42DBB20E232373B9
:105B2000002002B0BDE8F081A8F800300120F8E7BD
:105B30002DE9F04104468868FFF735FD638B628DDF
:105B4000934228BF134683420D461DD3E165D1F829
:105B5000088000278F60FBF779FA41462046E3F77B
:105B60009DF9064638B1C5F80880E765FBF782FA6B
:105B70003046BDE8F081618D638B994228BF19469C
:105B8000284600F032FFF1E76FF07906F0E738B50C
:105B9000BFF35B8F0B68BFF35B8FDB07054617D541
:105BA00050F8040CA0B1AB6D93B90430FFF7F1FCD1
:105BB000044668B10146281FFFF7BAFF002807DA3C
:105BC00055F8043C5A6822609A685C6002B99C608F
:105BD00038BD2DE9F041446A07463CB354F8A86942
:105BE00006B1A83E00231D4607F1040801E0344633
:105BF0001646E26D9AB905B98BB94046FFF7C9FC64
:105C0000054658B101462046FFF792FF00280DDAFD
:105C10007B682B60BB687D6003B9BD6023462EB1F5
:105C2000D6F8A820002AE2D0A83AE0E7BDE8F08143
:105C300070B504460E46002200230846FAF702FD1E
:105C4000054658B101462046E3F728F9044618B145
:105C50002946304603F0F9FC204670BD6FF0010480
:105C6000FAE7F8B50546071F00F1540350F8044C55
:105C7000BFF35B8F53E8001F21F0040143E80012DB
:105C8000002AF7D1BFF35B8F04B3AB6D8BB96368A8
:105C90007BB1201DFFF77DFC014606463846FFF725
:105CA00047FF002812DA63683360A368666003B9AF
:105CB000A66005F15C013846FFF7BAFF30B104F188
:105CC0000C013846BDE8F840FFF7B2BFF8BD38B563
:105CD00004460D46E3F7E2F830B1294604F16000CE
:105CE000BDE8384003F0A6BC38BD2DE9F041884638
:105CF00017460121042205461E46E2F70DFF044621
:105D000070B104210C30FEF73EF980F80080A0F855
:105D10000170C67021462846BDE8F041FFF7D7BFA5
:105D2000BDE8F08137B50C46054601F10C00FEF7E1
:105D300059F9228A0192E268009203461322122145
:105D40002846E3F7B5F903B030BD37B50C46054634
:105D500001F10C00FEF746F9228A0192E2680092F6
:105D60000022034611462846E3F7A2F903B030BDEE
:105D700008B5437B072B01D0002008BD0421FFF7A5
:105D8000E2FB0028F8D0BFF35B8F436DBFF35B8F5E
:105D9000DB07F1D550F8040CEFE770B50E46154659
:105DA000FFF7E6FF78B1436A6BB1184650F8A8399F
:105DB00003B1A83B691C428D448BA24228BF2246F6
:105DC000914202D93BB9002070BD2A463146BDE858
:105DD0007040E2F7A1BED3F8A84004B1A83C184631
:105DE0002346E8E707B5CA681388528800920C2159
:105DF0000D22E3F7F5FA03B05DF804FB07B5CB68B5
:105E000000221B8800920A210B22E3F7E9FA03B073
:105E10005DF804FB2DE9F041CB681F88BBB2162B5F
:105E200005461BD90321E3F7A3F90646C0B10221B9
:105E30000C30FEF7A8F800244FF0410880F80080ED
:105E4000447031462846FFF742FF2846A5F81A80DD
:105E50006F85FFF7FDFC2046BDE8F0810420FBE7DD
:105E60000E20F9E7E4F774B80A8AC9680023E3F75B
:105E700057BC70B5054650F8043C55F80469044613
:105E8000002B32D031B1836D7BB31B7CDA072CD56C
:105E900005231DE03046E4F747FD737A012B24D03B
:105EA000A46D14B3237CDB071FD5E368002BEFD070
:105EB0006269617C2846E2F72FFE064638B1D4E9D4
:105EC0000512E368984750B13046DFF73DFD0E23D9
:105ED000002228461146BDE87040E3F721BC314658
:105EE0002846E2F7DBFF0028EED170BD30B505464D
:105EF00089B055F8043B04461868FFF7ADF96946C8
:105F0000E2F778FE2846E3F745FC60681321FFF7C7
:105F1000F1F809B030BD10B5044688B054F8783DAA
:105F20001868FFF799F96946E2F764FE2046FFF723
:105F3000DDFF08B010BD70B50E46FFF719FF04462F
:105F400028B93046DFF700FD6FF07F0070BD00F12B
:105F50000C052846314603F06DFB606A38B150F8F5
:105F6000A84904B1A83C2946FFF762FE20B90020E9
:105F7000ECE71C466FF00100002CF8D0D4F8A830F4
:105F800023B90230F5D020461C46ECE7A83BF8E7E1
:105F900038B505460C46FBF759F82846FFF7E8FEEA
:105FA00020B9FBF767F86FF07F0038BD002323604E
:105FB00083683BB9C0E90144FFF70BFEFBF75AF8D1
:105FC0000020F2E71C608460F6E70120704708B506
:105FD000FFF7CEFE98B1436A8BB1BFF35B8FA83B4E
:105FE00003F1580252E8000F20F0080042E80001D7
:105FF0000029F7D1BFF35B8FD3F8A830ECE708BDD9
:1060000008B50421FFF79FFA30B1BFF35B8F406DF5
:10601000BFF35B8FC0F3C00008BD10600020704765
:1060200010B5029CA36833B1B1F5807F28BF0E2163
:10603000CAB221469847A37DE268013BDBB2A37553
:1060400022B11BB92046BDE81040104710BD1060BA
:10605000918000207047002070470B6803608B8898
:1060600083808B7983717047F0B587B00026BDF8C7
:1060700030500196174631460D2202A81C4604F006
:106080001DF90F2D12D82544102D12DC2246394659
:1060900001A804F0EBF804F118036B4401A803F81D
:1060A000146CE0F737FA204607B0F0BD6FF0060435
:1060B000F9E76FF00C04F6E708B5072203F089FF53
:1060C000B0FA80F0400908BD70B5037893420446E9
:1060D0000E46154603D10130FFF7EEFF68B9A37AEB
:1060E000AB420CD1314604F10B00FFF7E5FF18B1CC
:1060F00001230A2202FB034070BD0023F9E70020C0
:10610000FAE710B50346BFF35B8F53E8000F40EA90
:10611000010243E80024002CF7D1BFF35B8F10BDD0
:1061200010B50346BFF35B8F53E8000F00EA01028E
:1061300043E80024002CF7D1BFF35B8F10BDBFF301
:106140005B8F0068BFF35B8F704770B50D460646E6
:1061500011F8010BE2F7EAF9044610B12C89E1F7D6
:10616000B9FEA87A05F10B01E2F7E0F928B16B8AD4
:106170009C4238BF1C46E1F7ADFEAB8AA34207D074
:10618000AB69AC8223B121463046BDE87040184768
:1061900070BD38B5BDF81040A24215460CD84CB1C0
:1061A0006BB1A21A8A42A8BF0A4694B22246591974
:1061B00004F05CF8204638BD6FF00600FBE76FF096
:1061C0000D00F8E730B585B0C96814461D46E3F701
:1061D0003FFC00B10089ADF80E0002230093BDF82A
:1061E00020200DF10E0329462046FFF7D2FF05B00F
:1061F00030BD1FB50C461946E3681C781046BDF843
:1062000018203CB110240133069404B0BDE81040BE
:10621000FFF7BFBF5B88ADF80E30022300930DF18E
:106220000E03FFF7B6FF04B010BD30B585B01D46B4
:10623000002314468DF80C30E3F7E8FB10B1037A25
:106240008DF80C3001230093BDF8202003AB2946C4
:106250002046FFF79EFF05B030BD2DE9F041144602
:106260001D46BDF81870E0F779F90646D9F774FFB6
:1062700080B2069033463A4629462046BDE8F041B2
:10628000FFF787BF30B585B014461D46FEF727FAE5
:106290000223ADF80E000093BDF820200DF10E038F
:1062A00029462046FFF775FF05B030BD10B5E3F76E
:1062B0002BFB044640B1014611F8010BDFF73CFD12
:1062C000002323606360A360002010BD70B500F15F
:1062D000700605463146007AFEF704FA0446314658
:1062E000287A1CB1BDE87040FFF7E0BFE3F70CFB74
:1062F00010B104604460846070BD022A10B508D1FA
:10630000002300F170011A46007AE3F701FC022035
:1063100010BDFFF7DBFFFAE737B504460D46E3F79C
:10632000BBFA024688B1037A8DF804300C30FFF7CF
:1063300006FF00F001008DF80500022301AA29469E
:106340002046DFF701FD03B030BD0346F7E7F0B5A7
:1063500007683D7889B0064614462DBB7B88B3F5A7
:10636000245F04D01AD8A3F52053032B1CD8ADF812
:106370000A1002220DF10A01204602F0A2F948B9E2
:106380007B88ADF80A3002220DF10A01204602F0A6
:1063900098F968B16FF01502A26506E003F556435F
:1063A000FF339BB2042B12D90125284609B0F0BD5A
:1063B000009003AA776813233146B847021EEBDB2F
:1063C00003A9204602F07DF90028EDD0E2E7ADF800
:1063D0000A1002220DF10A01204602F072F900288B
:1063E000D8D17B88ADF80A3002220DF10A01E8E726
:1063F00008B50C3029B10121FFF783FEC0430840E6
:1064000008BD6FF00101FFF78BFE00F00100F7E718
:1064100010B50446FFF7ECFF38B121460122BDE874
:10642000104011F8010BE3F737BB10BD2DE9F04127
:106430001F46BDF81830012B064690462DD83B4428
:10644000012B3D462CDCE3F7E1FA044618B9E3F7EB
:10645000DDFA044638B397B1217A98F8002000237A
:1064600021FA03F0C70703D522FA03F0C0071DD5B0
:106470000133032BF4D102F007021143217206F11C
:106480007001601CFFF7E9FD337A2370012120467B
:10649000FFF7BEFF2846BDE8F0816FF00605F9E77B
:1064A0006FF00C05F6E76FF01005F3E76FF01205DB
:1064B000F0E770B504461546FFF787FD48B1204662
:1064C000E3F7A4FA28B1037ADB0702D50121FFF72D
:1064D0009FFF85B9207A04F17001E3F715FA0246AF
:1064E00048B101468560BDE8704011F8010B0423F6
:1064F0000832DFF713BC70BD2DE9FF418846164610
:106500001F46044628B96FF01505284604B0BDE8BB
:10651000F08102A9FDF7E0FD05460028F3D101A9AD
:106520002046FDF772FC0198D0B902A90020E3F7DC
:10653000B3F9044648B9E3F769FA044678B300238F
:1065400000F8013B02A9FFF788FDB8F1000F22D047
:10655000022269463846B047002808DA0546D4E7E3
:106560000A222946FBF742FA0028DED0CBE79DF845
:1065700000302372022804D000212046FFF748FF94
:10658000C3E79DF801100129F6D801F0010120466A
:10659000FFF72EFFB9E72046E3F79EFBB5E76FF064
:1065A0000B05B2E738B5BDF81010BDF81840059DD1
:1065B000A14210461A460CD84CB16DB1631A9A42EA
:1065C000A8BF1A4694B22246294403F04FFE204643
:1065D00038BD6FF00600FBE76FF00D00F8E713B56C
:1065E000044610B9002002B010BD00238DF804301D
:1065F000006842F6030301A9ADF80630FDF794FDEB
:106600000028EFD1E36898880028ECD12046E3F712
:10661000F3FC013080B2E6E770B5CC6888B008467C
:106620001E46A3798DF80C301546FFF7D8FFADF85C
:106630000D00246823786BB96388ADF80F3005230B
:106640000093BDF8302003AB31462846FFF7A1FD8B
:1066500008B070BD631C0DF10F02113453F8041B18
:1066600042F8041BA342F9D11323E9E71FB5CDE992
:106670000123002300931A46E3F7EEFC05B05DF812
:1066800004FBE3F7D7BD1FB50C461946E368104677
:106690001A788DF8082093F901208DF809205A887E
:1066A000ADF80A201A79DB88ADF80D3007238DF894
:1066B0000C200093BDF8182002ABFFF76AFD04B070
:1066C00010BD38B54C8AD3070546C4F30E0404D573
:1066D00014F0950F2AD04B6843B3900704D514F4F7
:1066E000957F25D08B681BB3144014F4DE7F0DD04A
:1066F000EB7A2BB92846FEF71DFDD8B9052038BD29
:1067000014F0300F04D114F4C07F07D10020F6E755
:106710002846FEF799FD0228F5D8EFE7D5F8A03016
:10672000002BEBD05B7BDB06E8D5EFE70220E6E74A
:106730000320E4E70F20E2E72DE9F041437B072B3C
:1067400086B005460C46174640F0848000238DF83D
:106750001430206842F6030305A9ADF81630FDF7A2
:10676000E3FC90B96668002E74D00090012304AA5F
:106770002146B04701286DD19DF8103013F0300F3D
:1067800068D02046E3F7ECFD0446002320688DF82E
:10679000143005A942F60213ADF81630FDF7C4FC1B
:1067A00018B12046E3F7DCFD0446002642F6021845
:1067B00020688DF8086002A9ADF80A80FDF7B4FCE6
:1067C000F0B9002320688DF8143005A942F60213B1
:1067D000ADF81630FDF7A8FC00283BD16668002E06
:1067E00038D00090022305AA21462846B047022847
:1067F00030D1BDF814301F4214BF012000202AE020
:1068000020688DF80C6042F6030303A9ADF80E3042
:10681000FDF78AFC0028D4D020688DF810604FF472
:10682000205304A9ADF81230FDF77EFC0028C8D033
:1068300020688DF8146042F6010305A9ADF8163002
:10684000FDF772FC0028BCD02046E3F789FD044622
:106850000028ADD1002006B0BDE8F081F8B514469F
:106860000F46942261680646FFF72BFF20BB616844
:1068700001223046FFF760FF08B3A2891B210232D4
:106880003046FFF78AFA0546E0B1A1890C300231A3
:10689000FDF779FB20F8027BA289A16803F0E6FCF2
:1068A000D4E9041228460123E2F7D8FF29463046EE
:1068B000BDE8F840FFF73FBB4FF0FF30F8BD6FF089
:1068C0001500FBE76FF00B00F8E72DE9F0410546F6
:1068D0008846E3F79BF80446E0B1037ADB0719D555
:1068E00000F10C073846FFF72AFC10F0010611D121
:1068F000B8F1000F0FD06FF002013846FFF710FC1F
:1069000010F0020F284609D0FFF761FB0121204655
:10691000FFF77EFD01263046BDE8F081FFF755FB0D
:106920000028F8D02846FFF76BFB0028F3D06FF063
:1069300002013846FFF7F4FB2846E5E7F8B50646BE
:106940000F46E2F7C5FF394604463046FDF7CAFE5A
:1069500068B364B304F108056FF001012846FFF73E
:10696000DFFBC20703D539463046E3F7F5FF6FF08A
:1069700002012846FFF7D4FB830703D5394630468A
:10698000FFF7CAFC2846FFF7DAFB80B9234603F875
:10699000010BC4F80100C3F80300BFF35B8F55E897
:1069A000003F45E80002002AF9D1BFF35B8FF8BD34
:1069B00038B5A0F12F05441C15F8010C29460C35FB
:1069C000FFF7BCFFA542F7D138BD38B5044659B131
:1069D00000F170052946007AE3F7BEFF207A2946C8
:1069E000BDE83840FFF798BC38BD704707207047B6
:1069F00008B50621FEF7A7FD00B1EC3808BDBFF3CE
:106A00005B8F0068BFF35B8F084100F001007047A7
:106A100010B50346D9B1C88910F0240F17D01A7DDC
:106A20005C7B097BA24228BF2246914201D900200B
:106A300010BD820604D4187A003818BF0120F7E789
:106A40000521181DFFF7DBFF0028F4D1EFE7012037
:106A5000EEE701238B40DB43BFF35B8F50E8002F51
:106A60001A4040E800210029F8D1BFF35B8F70473E
:106A700007207047002370B51A460446EC300D46D7
:106A8000FEF7F1FC20B12846BDE87040DEF75CBFA0
:106A900004F5A0704FF47022BDE870400023FAF7AF
:106AA000B9B801238B40BFF35B8F50E8002F1A4326
:106AB00040E800210029F8D1BFF35B8F704708B58B
:106AC0000E21FFF7EEFF002008BD38B505460B4646
:106AD00004300D21FFF793FFA0B1DC68D5F8EC304E
:106AE0000220197A03F1700200F096FB80B1224671
:106AF00000F12A0304F1100152F8040B43F8040BCF
:106B00008A42F9D128460921FFF7CBFF002038BD82
:106B10000820FCE770B5051D0E4628460421FFF746
:106B20006EFF68B10022002100230846E1F714FF40
:106B3000044640B904212846FFF7B3FF204670BD44
:106B40004FF47022EFE701210C30FDF71CFA0670BC
:106B5000F4E738B504210446FFF7DCFF054698B199
:106B600010210C30FDF70FFA04F1270304F137026E
:106B700053F8041B40F8041B9342F9D120462946E0
:106B8000FFF778FF002038BD0820FCE72DE9F0472B
:106B900090B004460CAD10220021284603F08EFB75
:106BA000237A052B1ED8DFE803F0060303061D2118
:106BB000D4F8D8300C93D4F8EC3004F1470204F147
:106BC000C707CDE9017204F1370803F17E0204F131
:106BD0002709009277334A46414604F19700E4F7CB
:106BE000B3FF98B1082010B0BDE8F087D4F8E430C6
:106BF000002BE0D02E4603F1100718685968324682
:106C000003C20833BB421646F7D1D4E7D4F8EC30C0
:106C100003F177027E3308AE019304F1110302926F
:106C2000009303962B4642464946384600F0ABFB9C
:106C30000028D7D1237A052B0FD1D4F8E0100029F2
:106C400048D00B46AC4601F1100E186859686246F0
:106C500003C2083373459446F7D1D4F8EC3003F1FE
:106C60007E0277330DF1100A019304F10A030292B8
:106C70000093CDF80CA02B464A464146384600F01A
:106C800082FB0028AED11022514604F1B70003F078
:106C9000A0F920BB0D212046FFF73CFF0746002846
:106CA000A0D010210C30FDF76EF93246034616468F
:106CB00003CEAE4218605960324603F10803F6D1A4
:106CC00039462046FFF7D6FE201D0121FFF7E9FED9
:106CD000002088E71022284603F0F0FABDE70B20D9
:106CE00081E770B5D0F8EC30DB78012B044619D180
:106CF000CD68061D10213046FFF7ABFE2B4604F190
:106D0000B70205F1100153F8040B42F8040B8B4253
:106D1000F9D107213046FFF772FE28B1092130462C
:106D2000FFF7BFFE002070BD0A213046FFF767FE67
:106D30000028F3D12046BDE87040FFF727BF70B5AB
:106D4000061DCD6804460B213046FFF782FE2B4618
:106D500004F1170205F1100153F8040B42F8040B7B
:106D60008B42F9D1237A012B09D0022B13D1204673
:106D70000421FFF796FEBDE87040E3F7F7BF0A2154
:106D80003046FFF73CFE0028F1D030460021FFF7E7
:106D900088FE002070BD0820FCE707207047072010
:106DA00070470720704730B5012303FA01F1CA4349
:106DB000BFF35B8F50E8003F03EA020440E8004560
:106DC000002DF7D1BFF35B8F194214BF01200020C3
:106DD00030BD70B500F1700604460D460722096803
:106DE000304603F0F6F840B96B681A6822679A8853
:106DF000A4F874209B7984F8763070BD38B50446C9
:106E0000031D0025BFF35B8F53E8002F43E80051BB
:106E10000029F9D1BFF35B8F04F5A07002F010FDDB
:106E20002572BFF35B8F54E8003F44E80052002A0C
:106E3000F9D1BFF35B8F20460121BDE83840FFF751
:106E400030BE2DE9F84FDDF82C80BDF828900446BF
:106E500092461F46FFF7CCFD054600285AD0061D76
:106E6000B9F1000F27D15AEA070324D10321304694
:106E7000FFF7C5FDD0B301213046FFF7C0FDA8B331
:106E80002C7D6B7B9C4228BF1C46224605F14701A6
:106E9000404603F0EBF90F2C06D8C4F11002002194
:106EA00008EB040003F00AFA30460121FFF7F9FD70
:106EB0000120BDE8F88FD4F8A030F3B904F1700BCD
:106EC000217A5A462020E4F787FDC4F8A00030B9A3
:106ED000217A5A460120E4F77FFDC4F8A000B9F1F9
:106EE000000F0AD15AEA070704D006E0D4F8A03010
:106EF000002BE3D0D4F8A01071B90F213046FFF772
:106F00007EFD20B1022206212046E1F7A7FA28469D
:106F1000FFF774FF0020CCE7CB899B06EDD50C7BF7
:106F20001A312246B4E76FF085007047F8B5031DAB
:106F300006460F4618460221FFF761FD044620B1C0
:106F4000B6F8E840B4FA84F4640903211846FFF760
:106F500056FD58B139463046E4F77EFA052194B122
:106F6000D6F8EC00FEF7C6F80020F8BD012118465F
:106F7000FFF745FD0028EDD10F211846FFF73FFD33
:106F80000028E7D1EAE73046FFF7C4FD054688B19F
:106F900001210C30FCF7F7FF2346077022462946F3
:106FA00006F1EC00FEF75FFA0028DDD02846DEF798
:106FB000CBFCD9E76FF06800D7E770B5044608202E
:106FC000E3F798FD0546E0B1061D08213046FFF7BE
:106FD00040FDBCB30721FFF73CFD234605F19702B6
:106FE00004F1200153F8040B42F8040B8B42F9D151
:106FF0000A213046FFF703FD70B109213046FFF743
:1070000050FD0720E3F776FD0446E8B1E3F7D0FD35
:107010000146C8B1204612E010213046FFF7EFFCD0
:1070200009210028EAD13046FFF7E9FC0028E8D022
:107030002846FFF7ABFD01460028E2D02846FFF7BF
:1070400075FFDEE70B21F9E770BD2DE9F0410E4633
:107050000446D0F8EC80E3F767FDF768261D054687
:107060000A213046FFF79FFE38B16DB920463978C6
:10707000E4F7F2F90020BDE8F0810B213046FFF77C
:1070800092FE0028F1D1F1E76B69002BEED040466B
:107090009847EBE770B50446A0F1EC0650F8543B76
:1070A000E83CD3F8A05002F0CBFB03212046FFF7C9
:1070B000A6FCA0B108213046E4F7CEF93DB1EB893A
:1070C00013B16B7B9B0702D5284600F0B9F8304618
:1070D0004FF4BC72BDE87040002103F0EFB801210D
:1070E0002046FFF78CFC0028E4D10F212046FFF753
:1070F00086FC0028DED1E1E710B508210446A0F5A2
:10710000A070E4F7A9F9A4F59E700421BDE8104031
:10711000FFF7C7BC70B50446FFF76AFC05460028B8
:1071200063D0061D03213046FFF769FC00285CD0C0
:10713000D4F8A00008B100F083F8207A04F17001BF
:10714000E4F7A8FBC4F8A00028B928460821BDE848
:107150007040FFF7EBBE0E213046FFF750FC28B120
:10716000D4F8A020537B43F0020353732A7AD4F857
:10717000A010032A4B7B39D8002A3ED0D4F8A02097
:10718000537B43F0010353732B7D697BD4F8A0201C
:107190008B4228BF0B46137305213046FFF72FFCA7
:1071A000D4F8A0305A7B88B342F010025A730D21F4
:1071B0003046FFF724FCC0B1D4F8A000202100F035
:1071C0003BF8D4F8A03005F147021A33573552F88E
:1071D000041B43F8041BAA42F9D1D4F8A0200023D1
:1071E00013615361D4F8A020138370BD053A012ABE
:1071F00003D843F020034B73C0E723F020034B7305
:10720000D4F8A020537B23F00103BCE722F0100246
:107210005A73EAE7DFF780BD70B504460D4616469F
:10722000E4F7DAFB38B931462846E4F733FB10B10E
:10723000C3891C43C48170BDC3891943C181704790
:1072400010B5037A5B07044601D5DFF7FBFD214645
:1072500011F8010BDEF716FE20464022BDE8104073
:10726000002103F02BB870B5064690B014461846BE
:1072700016B3342203A9A047051E1DDB01A9304621
:10728000FCF72AFF0446B8B969463046FCF7BDFD55
:10729000009858B99DB101A90020E4F7FBFA034614
:1072A00048B3342D18D0FFF7CBFF05E00A22214662
:1072B000FAF79CFB0028EDD06FF0150409E001AA55
:1072C00029463F20E4F788FB18B14022294602F006
:1072D000F5FF204610B070BD03AA0C330FAE154663
:1072E00003CDB542186059602A4603F10803F6D170
:1072F00028681860EDE76FF00B04EAE701460246E4
:10730000342311F8010B0C32DEF7AEBD531E1944C5
:10731000024411F8013900F8013B9042F9D170475D
:1073200010B5431E00F11002073013F8011F12F8C8
:10733000014D1C7083421170F7D110BDF0B597B0AC
:1073400014460E462022014605A81D461C9FFFF745
:10735000DDFF202231460DA8FFF7D8FF214610227D
:1073600001A88DF85450FFF7D1FF3B46412205A9F3
:1073700001A8E4F77FFC044610B93846FFF7D0FFB8
:10738000204617B0F0BD2DE9F04397B004461646ED
:1073900005A810221D46DDE91F98219FFFF7B6FFC3
:1073A0001022314609A8FFF7B1FF102229460DA887
:1073B000FFF7ACFF1E99032211A8FFF7A7FF49466C
:1073C000D9F8010011F8013B8DF8473012908B88F5
:1073D000ADF84C30062212A8FFF798FF414606226E
:1073E00011F8013B8DF84E30D8F80130CDF84F3010
:1073F0000DF14F008B88ADF85330FFF787FF214622
:10740000102201A8FFF782FF3B46412205A901A8EF
:10741000E4F730FC044610B93846FFF781FF2046F8
:1074200017B0BDE8F0832DE9F04106460D4617463A
:107430001C46ABB1D0F80880D8F800309847002D32
:1074400011DB84420FD8031BAB420CD3D8F808E001
:1074500023463A4629463046F446BDE8F0416047A7
:107460001846BDE8F0816FF01500FAE74368D3E9EC
:107470000203C01A70472DE9F0410C4646680546E4
:10748000006990461F46F3F7EDF8002C15DBD6E9AE
:107490000231E2195B1A9A420FD8D6E90003E118CB
:1074A000737C19443B464246FFF7BDFF04462869FA
:1074B000F3F7E6F82046BDE8F0816FF01504F6E733
:1074C0002DE9F8430D1ED0F80490064690461C4660
:1074D0002DDBEA18D9E902315B1A9A4227D80069F4
:1074E000F3F7C0F8D9E9007299F81130B4B1D7F8C0
:1074F000089015441D443846D9F800309847002DAF
:1075000012DB844210D8031B9D420DD82346D9F8C4
:107510000490424629463846C84704463069F3F786
:10752000AFF82046BDE8F8836FF01504F6E76FF07A
:107530001504F6E738B5456804460069F3F792F894
:107540002B8A2069002B0CBF6FF085050125F3F70E
:1075500097F8284638BD38B544680569206801F0B9
:107560008FFE78B1206883681B689847002808DB85
:10757000D4E901321344834207D8281D01F08AFF61
:10758000002038BD6FF01200FBE76FF01500F8E740
:10759000F0B50569476885B01022002106466846A7
:1075A00002F08CFE00242846F3F75CF82C70254688
:1075B000BB68A34205D83069F3F762F8284605B0E6
:1075C000F0BDD7E9000121441B1B102B28BF10235D
:1075D0006A46FFF728FF051EEDDBBB681B1B102B5F
:1075E00094BFE4181034E3E710B50369C0E905332C
:1075F0000023C360837F044613B1407AF4F7A4FBF1
:107600000123237700236377E377A37710BDF8F78F
:1076100051BFF8F7C7BF0378027903F00F011AB919
:1076200059B14FF0FF3070470829FAD8012A04D128
:1076300083F0080040F3C000704743F3C000704778
:1076400038B50446F3F736F8054660B1037A6BB1F6
:1076500020460024F4F7FCFB2846AC77FFF7C4FF74
:107660002C72204638BD6FF01500FBE76FF07700F5
:10767000F8E770B504460E461546F3F7FBFC30B943
:1076800006B925B12046BDE87040F3F73BBD70BD9B
:1076900008B5F3F71DFF00280CBF6FF00A000020AB
:1076A00008BDC343C3F3C01300F00F0000EB031089
:1076B000704708B5F3F7A8FD818208BD08B5F3F758
:1076C000A3FDEFF31183202282F31288BFF36F8FA3
:1076D00002690A60027B2AB9807D83F31188BFF3B7
:1076E0006F8F08BD0420F8E710B403460838BFF3D5
:1076F0005B8F50E8002F511C40E80014002CF8D19B
:10770000BFF35B8F1AB95DF8044BF4F72FBC6FF031
:107710000F025DF8044B9A6670470369C9B20C22E8
:1077200001FB0233186C00F00700704770B5C9B256
:107730000369EFF31185202484F31288BFF36F8F60
:107740000C2606FB0134246C14F0C00408D0A242BD
:1077500006D085F31188BFF36F8F4FF0FF3070BDF7
:1077600006FB013301221A6485F31188BFF36F8F82
:10777000436803EBC1035B6898470020EFE7802272
:10778000FFF7D4BFF8B5069F0469C9B2EFF31186BD
:10779000202585F31288BFF36F8F0C2505FB01446C
:1077A000256C05F0070CBCF1010F0CD1276486F3A2
:1077B0001188BFF36F8FC4E90E23436853F831304B
:1077C00098470020F8BD05F0C005AF4286F3118848
:1077D000BFF36F8F0CBF6FF077004FF0FF30F1E712
:1077E00013B580240094FFF7CDFF02B010BD10B494
:1077F0000069CBB21C2403FB040000215DF8044B9C
:1078000010470020F5F730BF002000F0EDB910461A
:10781000F8F74ABF0020704708461146DEF7DCBF84
:1078200043685B68D3F810350B60002070474368ED
:107830005B6802EA010021EA0201C3F80805C3F807
:107840000C150020704743685B680020C3F80815DA
:10785000704743685B680020C3F80C1570474368A5
:107860005A68D2F8043521EA03000B40C2F8080533
:10787000C2F80C350020704710B503695868F8B19C
:10788000884219D19C6808685860A14200D198606C
:10789000002008602AB15A680A609A68596002B9E3
:1078A0009960002010E0814206D108682060986845
:1078B0008142EDD19C60EBE7044600680028F2D1DC
:1078C000002AE8D16FF0150010BD13B54FF08052BB
:1078D0000829136E526E28BF082112BA00921BBAF3
:1078E0000C460A466946019302F0C0FC204602B0ED
:1078F00010BD70B50B680546006898420C460AD06A
:1079000041F8040B066983685B68984740B963686F
:107910003268534063602B796068D84000F0010002
:1079200070BD70B403460C46DA88006819792243AA
:10793000056986682B6801248C4012F0010F14BF82
:107940002343A3432B60336870BC184703460A46A1
:1079500000681979012303FA01F103691B681942D0
:1079600018BF82F0010212B18368DB681847836890
:107970001B69FBE7036911B1D960002070476FF004
:10798000150070472DE9F04F0669446885B005463B
:107990004FF000094FF00C0B63684B4531D84FF0A6
:1079A0000009C84623694B4500F28D802A69686842
:1079B000D2E9103102F11004B8F1000F00F091800B
:1079C0008069C31841EBE071C2E91031C90341EA93
:1079D000534140F2E732DB03981841F10001B0F562
:1079E0007A7F71F1000371D34FF47A720023D8F7D4
:1079F00087FB6FF00102121A4FF0FF3363EB0103B4
:107A000068E027680BFB097701213846FFF79EFFE6
:107A1000002863D1CDE9020004F1080382460193F6
:107A2000B368534508D800213846FFF78FFF002878
:107A300054D109F10109AFE7706894F820C0BA6821
:107A400021690BFB0A008368BCF1000F13D101FB15
:107A5000032802A9FFF74DFF00283FDBB06C019B14
:107A6000A26914BF0121002100EB480001F0C7FB0F
:107A70000AF1010AD4E701FB0238EAE7B26C03FB22
:107A80000A9302EB430B584601F0F1FB40B1584614
:107A900001F0E9FBF7680346524649462846B847D5
:107AA000B8F1000F0DD1584601F0D5FB00F00108E8
:107AB0000AF1010AD4E904325245DFD809F101097B
:107AC00070E70120F2E74FF0000AF3E76FF00102E0
:107AD0004FF0FF332046F9F79DF8002005B0BDE8D0
:107AE000F08FC0696DE770B50446066902F027F8AB
:107AF0004FF47A75A0FB053205FB0121DB0B43EA4D
:107B00004143C90BC6E910312046BDE87040FFF77C
:107B100039BF50F8100CFFF735BF08B500691030B9
:107B200001F08EFE002008BD4368586870474FF092
:107B3000FF324FF0FF33F8F7BDBCF8F733BD2DE946
:107B4000F041D0F80480044600691F460E461546F1
:107B5000FFF7EDFFD8F800103A463144284602F00E
:107B600085FB2069FFF7E9FF0020BDE8F0812DE9E2
:107B7000F041D0F80480044600691F460D461646C1
:107B8000FFF7D5FFD8F800003A463146284402F006
:107B90006DFB2069FFF7D1FF0020BDE8F08138B50B
:107BA000456804460069FFF7C2FF6A68286800213B
:107BB00002F084FB2069FFF7C0FF002038BD08B544
:107BC000006901F067FC002008BD00F150039B0034
:107BD0009BB203F1804303F5883300221A601B68CF
:107BE0007047004701F047BBF5F7B4BCF7B501900B
:107BF00001A8DDE9084716461D46F5F7BDFD019BC6
:107C0000B6F1000C18BF4FF0010C00EB83000B1E07
:107C100018BF0123002D43EA4C0314BF4FF00C0C96
:107C20004FF0000C002C43EA0C0314BF4FF4E06C3F
:107C30004FF0000C002F43EA0C03D0F8002714BFCC
:107C40004FF4403C4FF0000C43EA0C0322EA0303DC
:107C500001B109780EB13678760019430DB12D784F
:107C6000AD0031430CB12478240229430FB13F7891
:107C70003F040C433C43C0F8004703B0F0BD1FB5C0
:107C80000DF10F03019300238DF80F1000931A4696
:107C90001946FFF7ABFF05B05DF804FB38B50546A4
:107CA00008460C46F5F7BAFDB0B10846F5F7AAFD4F
:107CB00090B90846F5F79AFD2A6801238340C2F877
:107CC00008332A6803B202EB8303D3F8102522F0AD
:107CD0000302C3F8102538BD20460021BDE8384016
:107CE000FFF7CDBFF5F720BEFFF7D8BF00F1804307
:107CF0001A68002A1FBF00221A601B68012008BFF3
:107D0000002070474FF080434FF46072C3F80423A3
:107D100070474FF080434FF46072C3F808237047F8
:107D200008B5F6F769F9BDE80840F5F7F1BC4FF47E
:107D30008C72002102F0C2BA18B14FF48C71F7F7BF
:107D4000E5B9704710B40C46012C11461A4608D804
:107D50001CB95DF8044BF6F7ADBC5DF8044BF6F7C3
:107D6000EBBA6FF020005DF8044B70472DE9FF4738
:107D700001291E468046DDE90C34154658D882B3E9
:107D80002A0758D1002949D10DF110091D44EC46AC
:107D90001A4603F1100A674610685168E646AEE8D5
:107DA000030008325245F446F6D1224619464046B1
:107DB000F6F780FCB0B933582258534023500430B2
:107DC0001028F8D132463B4603CB4B45106051603A
:107DD0001F4602F10802F6D1AA45534604F11004E9
:107DE000D5D1002004B0BDE8F087C25851F803C0D7
:107DF00082EA0C02E2500433102BF6D122462146CF
:107E00004046F6F799FA0028ECD1103D04F1100332
:107E1000214606D01C460023781BE6E731465F1951
:107E2000F9E754F8042B46F8042B9C42F9D1D8E723
:107E30006FF02000D6E76FF02100D3E710B50446BD
:107E4000FFF77AFF2046BDE81040F7F771B910B58B
:107E50004FF48C710120F7F765F9044608B1FFF77C
:107E600066FF204610BDF6F7E3B9F6F715B9FFF740
:107E70007DBFFFF767BF4822002102F01FBA10B58F
:107E8000044608B1F7F742F92046BDE81040F7F77D
:107E90004FB908B5F7F790FC002818BF6FF0040041
:107EA00008BD38B5084614461D461146DDF786FD67
:107EB00008B92C6038BD6FF08300FBE730B587B0A0
:107EC0001D460DF1170303920024009303AA0DF140
:107ED00016038DF81740F7F731F950B99DF81700E0
:107EE00005B128709DF816200399F6F7A1FD07B09B
:107EF00030BD2046FBE700230B606FF08600704723
:107F00002DE9F34747683F0ADDE90A9A04460D4622
:107F10001646984611D1CDE9009A00F018FE10F1EE
:107F2000860F0CD14346324629462046CDE90A9AAF
:107F300002B0BDE8F04700F094BA6FF0860002B0DE
:107F4000BDE8F087009BF7F75BB9009BF7F758B9DE
:107F500038B51C460368154623B1F7F715F900B983
:107F6000256038BD6FF08800FBE72DE9F04194B043
:107F700004460D461E464C22002101A8DDF86C8007
:107F80001D9F02F09BF9214633462A4601A8F7F7C8
:107F900037F9044648B9B8F1000F0DD11C993A469B
:107FA00001A8F7F7F1F8044678B101A8F7F70EF940
:107FB000204614B0BDE8F0811A99424601A8F7F7AF
:107FC0005FF904460028E9D0EFE71E9B1F60ECE74D
:107FD00000F4E040B0F5805F04D0A0F500535842B3
:107FE00058417047012070473AB1002918BF00235B
:107FF000D21A2121184402F061B9704738B51346EE
:108000004FF480420D46F7F7C5FA044640B9286898
:1080100043681B0A04D000F049FD2C606FF0850412
:10802000204638BD2DE9F04F89B09B4600238DF8DE
:108030001B30159BDDF85080002B91460B460E46F9
:108040000CBF4FF400624FF4806207A9DDE912A76C
:10805000F7F7A0FA044608BB079D0DF11B0229881B
:108060003046F7F705FB0446C0B99DF81B30BB420C
:1080700026D868686A6E000A05F1200123D1CDE98F
:108080000338CDE901BACDF8009033462846FFF712
:108090006CFF10F1860F044600D008B1C8F80070DC
:1080A000D8F800303A4621465046FFF79DFF079822
:1080B00000F0FCFC002C18BF204609B0BDE8F08F92
:1080C0006FF08904EAE76FF08604E7E72DE9F341F2
:1080D000002313604668D0F8148004460F463046EB
:1080E000114600F0E5FC054688B9304600F0E2FC98
:1080F000054660B9F6B276B9B8F1000F05D1A068AF
:1081000020F47F4020F0030060B16FF08605284620
:1081100002B0BDE8F0810146606900F0A1FC0028D2
:10812000EDD1F2E762884FF6F8739A4219D894F8C5
:108130000480B8F1000F00D101A83946F7F7D2FB4F
:1081400005460028E3D10FCC3F683E460FC694E8B1
:10815000030086E80300B8F1000FD8D1019B7B61D2
:10816000D5E76FF08505D2E7434213F07F0306D0D1
:10817000722B24D0712B58DD6FF08300704710F103
:10818000720F1CD010F1710F1CDA10F5C44F3DD0E6
:108190000BDC10F5C64F3CD010F5C54F42D010F5A2
:1081A000C74FE9D16FF09600704710F5C34F33D039
:1081B000E2DB10F5C24F35D010F5C14FDCD16FF0C6
:1081C0008500704710F13B0F11DA10F13D0F26DAF0
:1081D00010F16E0FE6D010F1400F20D010F1700FAB
:1081E00008BF6FF0920018BF6FF08300704700283F
:1081F00020D0C1DC10F1210F14D010F1200FDED0FF
:1082000010F1220F08BF6FF08500ECE76FF09500CA
:1082100070476FF0940070476FF08C0070476FF0FC
:10822000930070476FF0860070473B2BC3F100004E
:10823000CBDCDFE7704741F2052398421AD8B0F54E
:10824000905F09D241F2010398420CD0B0F5885FEB
:1082500009D06FF085007047A0F5905080B22923B7
:10826000C340DB07F5D511F0070F0CBF00206FF0FE
:1082700086007047B0F5105FEBD121F04003802BF2
:1082800006D0B1F5807F0CBF00206FF086007047EC
:1082900000207047F8B504460F4600881E46154674
:1082A00092B1FFF795FE78B1089BD1001960208844
:1082B000FFF7C1FF044628B93946304601F0D6FF22
:1082C000079B1D602046F8BD6FF08504FAE72DE995
:1082D000F04F476885B03F0ADDE90E9ADDF840B0FF
:1082E00004460D461646984615D1CDE901ABCDF8AA
:1082F000009000F0E6FB10F1860F0ED143463246A7
:1083000029462046CDE90FABCDF8389005B0BDE841
:10831000F04FFFF7BFBF6FF0860005B0BDE8F08FEC
:1083200010B5436E04461BB141212030F6F7EEFE36
:108330000020606610BD38B50546FFF7F1FF2B7EC3
:10834000012B04460ED0023B012B0ED8EB69012B0A
:1083500018BF6FF0960468220021284601F0AEFF96
:10836000204638BDEB69002BF2E76FF09604F2E788
:1083700013B50446A0B101A9F7F7FCFA044678B991
:108380000198037E022B0ED1032303760379FF2B82
:1083900008BF6FF0840400F074FB002818BF044687
:1083A000204602B010BD6FF09604F4E770B5144695
:1083B0000288049E10461D46FFF70AFE68B922F4A3
:1083C000405044F20103984207D002F44F42B2F504
:1083D000824F02D0B2F5844F0ED1B4420FD822465C
:1083E000284601F043FF321B0021281901F066FFE7
:1083F000059B00201C6070BD6FF08500FBE76FF0EF
:108400008900F8E72DE9FF4188461F4616462AB342
:1084100000233B60012203A9F7F7BCF8044658B9D2
:10842000039D6B686A6E1B0A05F1200108D028467F
:1084300000F03CFB6FF08604204604B0BDE8F081FC
:108440004346CDE900672846FFF7B0FF04462846BB
:1084500000F02CFB002C08BF0446EDE76FF0890408
:10846000EAE770B514460288049D02F4E040B0F5D6
:10847000804F1CD122F4405644F20100864207D0BE
:1084800002F44F42B2F5824F02D0B2F5844F0ED1C2
:10849000AC420FD81846224601F0E8FE2A1B002104
:1084A000204401F00BFF059B00201C6070BD6FF0A5
:1084B0008500FBE76FF08900F8E7F0B50F4685B05F
:1084C0001E46154612B3002333601A4603A9F7F778
:1084D00061F8044638B9039803885B0406D400F0B9
:1084E000E5FA6FF08604204605B0F0BDCDE90056F0
:1084F0003B46426E00F12001FFF702FD044603985F
:1085000000F0D4FA002C08BF0446ECE76FF08904B1
:10851000E9E72DE9F0411F4688B00023CDE9053396
:10852000064688463B601546002A57D0B2F1005FE8
:1085300057D206AA05A9FFF7C9FD044638B9059A1E
:10854000536E83B973681B0A07D06FF086040598D1
:1085500000283FD0FFF7EFFE3CE0412D02D96FF03D
:108560008504F4E755665388079307AB029302F13D
:1085700064030193536E0093414602F12003304699
:108580002A46FFF7A4FE04460028E0D10599079B80
:108590004A88D2B94B800799059A4FF6F8739942E9
:1085A000DDD8338813B111889942CED1738813B1C5
:1085B00051889942C9D153693B60137E012B07D082
:1085C00000233B606FF09604C1E79A42BDD1E2E719
:1085D00002231376204608B0BDE8F0816FF08604D0
:1085E000F8E76FF08504F5E710B50446006868B158
:1085F00001280CD104F10800F6F7E8FD0023236000
:10860000A38823F4FF7323F00103A38010BD6FF050
:108610008600F3E72DE9FF410546984600230393C2
:108620002B6808461746002B3CD1B8F1000F1346C3
:1086300003A914BF4FF480624FF40062F6F7AAFF5B
:10864000044688BB039E2A1D31883846F7F710F888
:10865000044648BB6B7968F300036B71736E7168F5
:1086600006F12002B8F1000F13D0090A23D10097B8
:10867000314605F10800FFF765FC0446A0B9012367
:1086800003982B6000F012FA0446204604B0BDE8BF
:10869000F081090A0FD10097314605F10800FFF774
:1086A00054FCEAE76FF088042846FFF79DFF039823
:1086B00000F0FCF9E9E76FF08604F5E70123FFF726
:1086C000A9BF38B50546006898B112B90024204604
:1086D00038BD01280AD105F10800F6F7D1FD04469E
:1086E0000028F3D02846FFF77FFFF0E76FF08604FD
:1086F000F8E76FF08804EAE72DE9F04105460068E5
:108700000E4617469846C8B16A79D20716D52A7917
:10871000A2B1BA4215D8012816D105F10800FFF719
:1087200017FC044698B10023C8F800702B71A6B955
:108730002846FFF759FF2046BDE8F0816FF0880416
:10874000F1E76FF08904EEE76FF08604EBE726B9F6
:108750002846BDE8F041FFF747BF2146D8F8003072
:108760003A463046FFF740FC2846FFF73DFF002C15
:1087700008BF0446DFE71FB501240394089C029458
:10878000079C0194069C0094FFF74CFC04B010BDBC
:10879000036819430CBF0120002070472DE9F04702
:1087A00086B007469A460023059307F0FE43B3F1CF
:1087B000106FDDE90E58109E084691460BD0002D33
:1087C00046D13560284600F071F96FF086042046E6
:1087D00006B0BDE8F0873A4605A9FFF70FFC04464E
:1087E00028B175BB3560059800F060F9EFE7059991
:1087F0000B8823F0FF03B3F5E24F02D0B3F5E44F4B
:108800000CD14B880733B8EBD30F07D21DBB3560B3
:10881000084600F04BF96FF08904D8E7CDE90186EE
:10882000009553464A463846F6F778FE04463DB969
:108830000598356000F03AF9002C08BF0446C6E7F9
:1088400060B141462846F6F74BFEC6F80080CAE7FD
:108850006FF08604F5E76FF08904F2E7059800F001
:1088600025F90446B3E7F6F73BBE08B50088DDE915
:108870000221FFF7ADFB20B1BDE808401046F6F736
:108880002FBE6FF0850008BD2DE9F04F8BB01F465D
:10889000DDF850800023C8F80030CDE90733438865
:1088A00005460E469146002B00F0D380038803F462
:1088B000E043B3F5804F00F0CC8039463046FFF7F7
:1088C00067FF002800F0C58008AA07A92846FFF71F
:1088D000FDFB044628BB079A6B68526E002A3DD107
:1088E0001A0A40F08980B5F800A069885046FFF761
:1088F0006FFB78B15046FFF79EFC044688B90AF436
:10890000E043B3F5805F02D0B3F5005F10D10731CB
:10891000CA081DE02AF0FF03B3F5E24F5FD06FF005
:1089200085040798002800F09080FFF704FD8CE094
:108930000AF44F43B3F5844FE9D047F201039A4557
:1089400031D149080131C90801EBC10101F13B02F4
:108950000992099B079A412BE1D85366079B9A46D7
:1089600003F1200B6B685AF8642F1B0A65D12B8822
:10897000590449D4CDE9012ACDF800B03B464A4616
:1089800031462846FFF771FF0446079B002C56D15D
:108990005A69C8F800201A7E012A54D0C8F800404D
:1089A0006FF09604BDE744F201039A4503D1C9086C
:1089B00001F11002CCE747F202039A4505D1C9083C
:1089C00001EB410101F15A02C2E744F202039A4568
:1089D00005D1C90801EB410101F14A02B8E72AF0CB
:1089E000FF00B0F5E24F92D0B0F5824F01BFCC1D31
:1089F000E4086400621CABE709A92846FFF77BFA8C
:108A000004460028A5D08CE703F44F41B1F5824F0E
:108A1000B0D147F212118B42ACD16B88B3F5807F95
:108A2000A8D1534659462846059200F0B7F810F1F0
:108A3000860F059A0446A8D19CE76FF08604079834
:108A4000FFF76EFC6DE702221A7620460BB0BDE8F8
:108A5000F08F6FF08604F8E71822002101F02EBC99
:108A600003466FF040420846591E914207D338B181
:108A700003F1404393428CBF002001207047012046
:108A80007047034668B1017E8A1E012A0BD803296C
:108A9000C26903D1012A01D1FFF74DBC1AB1013AD5
:108AA000DA61002070476FF096007047FFF7E9BF6A
:108AB00000207047C0B2002814BF6FF0850000206E
:108AC0007047F8B5089F1E463B680D46144663B1D3
:108AD000B3F5807F38D1038844F21212934223D138
:108AE000412C09D06FF08600F8BD038844F21212C1
:108AF00093420FD1412C27D1681C00F04AFA00287C
:108B0000F0D14FF480733B60069B9C4213D96FF009
:108B10008900E9E747F21212934215D1202C13D1B4
:108B2000284600F044FAEAE747F2121293420BD1CA
:108B3000202CD7D1F4E722462946304601F096FB97
:108B4000079B00201C60CFE76FF08500CCE770B575
:108B50000446184626886488B4F5807FDDE904352C
:108B600013D147F21214A6420FD1202A10D1402B64
:108B700011D9042300F8013BF7F726F908B941237E
:108B80002B60BDE87040F6F70BBF6FF0850070BD3D
:108B90006FF08600FBE76FF08900F8E730B5202A18
:108BA00091B0084614461D4609D16946F7F7BEF84C
:108BB00000B92C6011B0BDE83040F6F7F1BE6FF09F
:108BC000890011B030BD70B51446202CDDE90426B3
:108BD000DDE90603089D0CD1412E0AD11F2B0BD9CC
:108BE0000132F7F7C5F800B92C60BDE87040F6F720
:108BF000D7BE6FF0860070BD6FF08900FBE740F8CC
:108C0000041B1C22002101F059BBF0B500240546CD
:108C10002646204652F8247051F82430DB1946EBE2
:108C200006071B1845F8243004F1010447F1000041
:108C3000082CEFD1F0BD002370B50646184652F857
:108C4000235051F82340641B65EB0505241A46F8B0
:108C5000234003F1010365F10005082BC5F1000075
:108C6000EDD170BD70B504395642041F013A1C3075
:108C700054F8043F51F8045F134035402B438442BD
:108C80002360F5D170BD002330B50446184654F872
:108C9000232051F8235001336A40082B40EA020098
:108CA000F5D130BD70B5044605681668002003464E
:108CB000E1FB6653256056686568E1FB66536560B5
:108CC0009668A568E1FB6653A560D668E568E1FB98
:108CD0006653E56016692569E1FB665325615669AF
:108CE0006569E1FB665365619669A569E1FB6653B9
:108CF000A561D569E269E1FB6523E261226A9B18FF
:108D00002362404170BD10B50438A1F120024B7FB1
:108D10000C7F1B0443EA0463CC7F23438C7F04391C
:108D200043EA04238A4240F8043FF0D110BD0B1FF0
:108D30001C3153F8042F120E02775A8842771A68B2
:108D4000120A82771A68C2778B42A0F10400F0D130
:108D5000704770B588B01E460446FFF756FF32468E
:108D6000054621466846FFF766FFC0F101022A4327
:108D700069462046FFF776FF08B070BD2DE9F04F39
:108D80008BB00E46074691460021242201A8D3F855
:108D900040A0984601F092FAA6F1040B1C36D9F8CF
:108DA00000305BF8041F019D4A4601A803FB0155F2
:108DB000FFF778FF0AFB05F504464246294601A85D
:108DC000FFF770FF01AA04440823516842F8041B0E
:108DD000013BFAD15E450994E1D1424601A93846EA
:108DE000FFF729FFC0F101022243C2F10102384618
:108DF000FFF738FF0BB0BDE8F08F0B4601F1200202
:108E00000146FFF7BBBF30B589B004460D46684642
:108E10000121FFF7F4FE2B466A4621462046FFF764
:108E2000ADFF09B030BD38B504461546FFF7E7FE83
:108E300029462046BDE83840FFF7DFBF2DE9F04363
:108E400089B01446064601226846FFF70BFF22460A
:108E500001213046FFF7E7FF25682746023D04F170
:108E60001C094FF02008EB0705D523466A4631461A
:108E70003046FFF783FF23466A4669466846FFF798
:108E80007DFFB8F101084FEA5505ECD14F4502D0FE
:108E900057F8045FE5E709B0BDE8F08330B589B065
:108EA0000446154668460122FFF7DCFE294668465F
:108EB000FFF7A9FF69462046FFF739FF09B030BD2B
:108EC000F0B599B004460D461646114668461F4651
:108ED000F6F772FD3246694608A8F6F76DFD3A4688
:108EE00069466846F6F768FD08A91E9A0846F6F72F
:108EF00063FD224669466846F6F7A6FD08A92A469C
:108F00000846F6F7A1FD6A4631463046F6F754FDAD
:108F10006A46694610A8F6F74FFD6A4610A96846EA
:108F2000F6F74AFD10A922460846F6F745FD08AABD
:108F300011462046F6F740FD10AA21462046F6F7D6
:108F400083FD10AA21462046F6F77EFD6A4621469B
:108F50002046F6F779FD10A922460846F6F774FD7B
:108F600010A908AA0846F6F727FD2A46694668466A
:108F7000F6F722FD6A4610A92846F6F765FD19B0F6
:108F8000F0BD08B5FFF76FFC003818BF0120404264
:108F900008BD00B591B0024608A96846F6F768FD1D
:108FA000002818BF6FF0010011B05DF804FB10B588
:108FB00088B001466846F6F727FD2021044668463A
:108FC000F6F7A4F8002C0CBF20466FF0020008B0A2
:108FD00010BD2B2904D0302912D06FF085007047C6
:108FE0004FF47A714388B3FBF1F313604388B3FB0A
:108FF000F1F001FB10339BB24B43536000207047EC
:10900000037913600023F8E741F2670398420ADC12
:1090100040F67A53984208DD0F234000B0FBF3F08E
:109020003530C0B270476420704700207047006937
:109030002030FFF7CEBF37B50C460569836801A91C
:109040005B68984748B9019B2A685A40012303FA94
:1090500004F10A4214BF1846002003B030BD70B4BA
:10906000034600681979DB8843F480320569866815
:1090700013F0010F4FF001042B6804FA01F414BF40
:109080002343A3432B60336870BC184738B50446AC
:1090900001790068FFF7CFFF217B0546A068FFF745
:1090A000CAFF40EA450038BD38B54568046928461E
:1090B000FFF7ECFF2278C0B240EA82020E2A1FD8E6
:1090C0000123934042F6140213421BD144F2821250
:1090D000134214BF012200226378207013445BB254
:1090E0006370298A51B9A97CE27093FBF1F1A170F8
:1090F000AA7C93FBF2F102FB11336370002038BDB0
:109100000022E9E74FF0FF32E6E770B544680669F0
:109110000546206800F0B4F818B96FF01504204631
:1091200070BDA06800F0ACF80028F6D02046FFF72C
:1091300096FF10B16FF00404F1E704F10800FFF7A7
:109140008EFF04460028F5D12846F6F713FF0028C5
:10915000F0DB6868FFF79AFF3070E0E738B5044647
:109160000029006821790CBF4FF400154FF0E86525
:109170002A46F6F7EDFEA068217B2A46BDE8384076
:10918000F6F7E6BE10B58B690C4658680021FFF76C
:10919000E5FF04F12400BDE81040F7F799BC10B5D5
:1091A000CB680C4658680021FFF7D8FF04F118007F
:1091B000BDE81040F7F78CBC10B550F80C4C236993
:1091C0002046D3E90821904760680121BDE810409E
:1091D000FFF7C4BFF8B50446076940680E46002192
:1091E0001546FFF7BBFF0021A42000F02FFCC7E9C4
:1091F000085601216068FFF7B1FF0020F8BD70B587
:1092000004786FF34104047004F0010504888D4272
:10921000C4F38D0609D1B24203DD6FF38F040480DD
:1092200070BDB61A66F38F04F9E7D3E9001314F0A2
:10923000010F18BF19468E4208D21644B6F5804F6A
:10924000F0D343F6FF7363F38F04E8E785F001047E
:1092500044F00204E3E7008820F0020080B2003806
:1092600018BF01207047007800F0010070470078B7
:10927000C0F34000704708B1DCF78ABB7047704705
:1092800040B1C368587810F001001EBF1878B0FADA
:1092900080F040097047EFF31183202383F3128895
:1092A000BFF36F8FFEE708B5FFF7F5FF10B5D0E904
:1092B000003433B90020E268537843F0010353705F
:1092C00010BD204698470028F4D00028B8BF40427F
:1092D000E368FF28A8BFFF201870ECE700F0EEBF9E
:1092E00000F0C4BF704710B400F10C04C0E903449F
:1092F0005DF8044BFAF7D4BA2DE9F04F89B0DDE9F7
:10930000126705463B46914606A83246059100F095
:1093100018FCDDE9063405F1140ACDE90234EFF357
:1093200011844FF0200888F31288BFF36F8F05F186
:109330000C0B05994A462846FAF74AFA30B184F3ED
:109340001188BFF36F8F09B0BDE8F08F3E43F6D0B0
:10935000DDE9022306A800F018FCDDE906675A469D
:10936000CDE9006721465046F7F7CEFDEFF31184B3
:1093700088F31288BFF36F8FDBE738B50446EFF34D
:109380001185202383F31288BFF36F8FFAF7E8F972
:1093900004F10C0000F046FB30B1294604F1140042
:1093A000BDE83840F7F72CBE85F31188BFF36F8F07
:1093B00038BD4169836843EA010212F003020FD10C
:1093C000C2600269013A01FB023382689A4201D904
:1093D00000207047C2681A604269C3609B1AF4E7B4
:1093E0006FF0150070472DE9F04105460F46EFF389
:1093F0001188202383F31288BFF36F8FC668F6B9F4
:109400000468A0421BD0D4B1D4E9003213605A6082
:10941000637BA66023F002036373C4E9006604F172
:10942000180000F067FB20462667676100F09BFA92
:10943000414605F10800BDE8F041F7F7E1BD3E60A7
:10944000AB69EF60013BAB6188F31188BFF36F8FAD
:10945000BDE8F08108B52024EFF3118384F312886E
:10946000BFF36F8FFAF701FDF6E7D0E90032136022
:109470005A60427B002322F00202C0E900334273AB
:109480008360704790F90E308B4201D0F7F768BDCA
:109490000020704703460020C3E90200C3E90033FF
:1094A0007047D0E9003213605A60427B002322F0FB
:1094B0000202C0E900334273836070472DE9F8432C
:1094C000914604469DF820200D4600F10807EFF371
:1094D0001186202181F31288BFF36F8F02B1456896
:1094E000D4F80880474518D0B8F1000F15D0404691
:1094F000FFF7D7FF08F1180000F0FCFA0023C8F8C6
:109500007030C8F81490404600F02DFA38463146C5
:10951000F7F776FD0020BDE8F883ABB10821002005
:10952000F8F7EAF9002838D00122C0F80490026068
:10953000016801F003015DB922680A4302606268B4
:1095400020606AB960600BE0C9F800304846EFE778
:109550002A68032A16D80160616869B9C4E9000065
:10956000042104F1100000F090FB0028CED186F316
:109570001188BFF36F8FCEE70A6802F0030202433F
:109580000A60DFE722F003020A4302602A6802F061
:10959000030240EA02032B60E2E76FF00B00E6E70C
:1095A00010B5044630B10268930703D0446809B18E
:1095B00000F08AFB204610BD0023C0E9003300F113
:1095C0000803C0E9023300F11003C0E90433704717
:1095D000F8B500F10806EFF31187202383F3128812
:1095E000BFF36F8F8568AE4200F1100417D0B5B19C
:1095F0002846FFF756FF05F1180000F07BFA00231C
:1096000028462B676B6100F0AEF90821204600F078
:109610003CFB39463046BDE8F840F7F7F1BC08217D
:10962000204600F032FB0028F3D187F31188BFF306
:109630006F8FF8BD07B50123009300230A46194632
:10964000FFF73CFF03B05DF804FB07B500230A46B3
:1096500000931946FFF732FF03B05DF804FB006882
:109660000021FFF79DBF5AB18A4209D300F11003D0
:10967000C0E90212C0E90000C0E9043300207047CD
:109680006FF015007047026801238B4022EA030344
:10969000036022FA01F000F001007047704710B536
:1096A000032104460C30FFF7EEFF30B104F1100047
:1096B00000F020FAB0FA80F0400910BD20B100227D
:1096C0001146C03000F0DBB9704770B5C368C3F312
:1096D00040069B07044616D4856802210C30FFF72C
:1096E000D2FF80B1D5F8B8206AB194421DD122686A
:1096F0009EB9D5F8BC30C5F8B8209C4201D1C5F858
:10970000BC2000232360E36813F01F001EBF43F05A
:109710000203E36040F0020070BD3260D5F8BC2067
:10972000944208BFC5F8BC60EBE716461268DBE759
:1097300073B50446EFF31185202383F31288BFF33A
:109740006F8F0023A0F11006032104380193FFF767
:109750009AFF28B1A369019301A93046F7F722F9CE
:1097600085F31188BFF36F8F02B070BD38B5044622
:109770000D461022002100F0A1FD656038BDEFF319
:109780001183202282F31288BFF36F8FC06800F02C
:109790001F0083F31188BFF36F8F704713B50190DB
:1097A0000846EFF31184202383F31288BFF36F8FF1
:1097B00001A9F7F7F7F884F31188BFF36F8F02B0B0
:1097C00010BD10B5FFF7EAFF041E08DDEFF31180AE
:1097D000202383F31288BFF36F8FF7F723FC204613
:1097E00010BD70B50D46EFF31186202383F3128868
:1097F000BFF36F8FF7F730F9044686F31188BFF394
:109800006F8F38B14FF0FF324FF0FF3305F110008A
:10981000F6F784FF204670BD08B5D822002100F07D
:109820004DFD08BD38B5302204460D46002100F03C
:1098300045FD4FF480736560E36038BDFFF79FBF5F
:1098400038B50446EFF31185202383F31288BFF364
:109850006F8FFFF724FF2046FFF737FF85F311884E
:10986000BFF36F8F38BDF8B504460D46EFF3118690
:10987000202383F31288BFF36F8FC36803F01F03A5
:10988000002B14BF0127002705D186F31188BFF3F1
:109890006F8F3846F8BDFFF702FF2046FFF715FF30
:1098A00029462046F7F760F886F31188BFF36F8FDB
:1098B0000028EED04FF0FF324FF0FF3305F10800E3
:1098C000F6F72CFFE5E7D0E9003213605A60427BDF
:1098D000002322F00202C0E9003342738360704724
:1098E000EFF30580003818BF012070476FF0570074
:1098F0007047D0E9003213605A600023C0E900339A
:10990000704708B5FFF7F5FF437B23F0020343736D
:109910000023836008BD38B504460D46F7F782FA88
:10992000637B43F002036373E5B1A5602B689D423E
:1099300009D16B68C4E900531C606C6012E06A686E
:109940009A42F6D01B68002BF3D094F90E2093F9BD
:109950000E108A42F3D09142F1DD5A68C4E9003218
:1099600014605C6038BD10B5EFF31184202383F3DD
:109970001288BFF36F8FF7F713FA84F31188BFF3E0
:109980006F8F10BD08B5EFF31181202282F312888A
:10999000BFF36F8F83680BB1FFF7B3FF81F31188BB
:1099A000BFF36F8F08BD10B50146EFF3118420237C
:1099B00083F31288BFF36F8F437B13F0280F0AD114
:1099C00083680BB1FFF79DFF4B7B23F004034B73C0
:1099D0000846F7F7E5F984F31188BFF36F8F10BDE0
:1099E00001211838FFF7DFBF08B50346EFF31181F7
:1099F000202282F31288BFF36F8F0068834207D062
:109A000008B1FFF77EFF81F31188BFF36F8F08BDA8
:109A10000020F8E710B5FFF7B5FFBDE8104018309B
:109A200000F068B838B504680546AC424FF0000055
:109A300000D138BD002CFCD02046FFF7EBFF2046BC
:109A4000FFF791FF2C680120A542F1E738B50C46DD
:109A50000546F7F78FFBB4F1FF3F08BFB5F1FF3FB5
:109A60001FBF47F6FF7300224FF47A71C0FB01322B
:109A70001ABFD80B40EA42404FF0FF3038BD38B52E
:109A8000EFF31185202383F31288BFF36F8F0468EF
:109A9000A04212D09CB1216762612046FFF731FFDE
:109AA00004F1180000F026F82046F7F779F90120B4
:109AB00085F31188BFF36F8F38BD0020F8E720468B
:109AC000F6E710B5F7F732FD0446F7F737FD74B146
:109AD000D4E904321B1A62EBE072B3F1004F72F169
:109AE000000104DA002AACBF1846002010BD6FF058
:109AF0000040FBE738B50246EFF31185202383F3DE
:109B00001288BFF36F8F036893B1F7F70FFD044618
:109B10001046F7F71DFD844204D1FFF7D2FF002164
:109B2000F3F7B6FB002085F31188BFF36F8F38BDC4
:109B30006FF01500F7E708B5F7F7F4FD08BDF7F784
:109B4000F1BDB3F1FF3F08BFB2F1FF3F70B504466E
:109B50001D46164613D01A4315D06FF00102921B12
:109B60004FF0FF3363EB0501002904DAF7F7DAFD64
:109B7000821941EB0501C4E90021204670BD4FF078
:109B8000FF321146F7E70022FBE7B3F1FF3F08BFC2
:109B9000B2F1FF3FF8B5074616461C4610D054EA0E
:109BA000020311D0F7F7BEFDB0420A46A1410346B9
:109BB0000AD2F31A64EB0204C7E900343846F8BD50
:109BC0004FF0FF331C46F7E70023FBE710B50446D0
:109BD000FFF790FFA8B9636A0BB12046984704F1DC
:109BE0001800FFF701FF60B1FFF7BDFEEFF3118032
:109BF000202383F31288BFF36F8FBDE81040F7F77F
:109C000011BA10BD2DE9F041846805460E46D4B165
:109C10006378012B22D114F8533C9A0711D5A4F193
:109C200060073846FFF7F6FE082E0CBF6FF00303FF
:109C30000023236114F8533CDB0602D13846FFF7BA
:109C400092FE00232370EB68C3F386321643002094
:109C500066F39433A860EB60BDE8F081022BF0D18D
:109C60002378002BEDD054F8048CB8F1000FE8D025
:109C700004F11400FFF73EFFA4F114070023E36290
:109C800039464046FFF78AFDDBE738B5EFF311852B
:109C9000202383F31288BFF36F8F0468A04211D092
:109CA000D4E9003213605A600023C4E9003320462F
:109CB000FFF7A8FF85F31188BFF36F8F201E18BF31
:109CC000012038BD0024F5E720B1011F50F8040C35
:109CD000FFF753BB7047022B10B509D092080368F9
:109CE0000C6840F8044B013A41F8043BF7D110BD31
:109CF00002440C78037800F8014B904201F8013BD4
:109D0000F7D1F4E7F8B50F46164604461D469847C6
:109D10000028314638460CDAA847002802DA3C46CB
:109D20002046F8BD31462046A8470028F8DA3446D8
:109D3000F6E7A8470028F2DC31462046A84700286D
:109D4000F5DAEDE72DE9F04F95B00646009340EACD
:109D500002039B07144618D1B2F1040818BF4FF054
:109D600001080023019304FB01F7F319062906EB10
:109D7000040B029328D8029B9B4510D3019B002B18
:109D800040F0178115B0BDE8F08F4FF00208E8E70A
:109D90004346224639462846FFF79DFF0FE05D46C1
:109DA0000EE02F1B009B294638469847002809DD06
:109DB000B8F1000FECD12B683A682A603B603D4651
:109DC000AE42EED3A344D6E74FEA51093F1B072921
:109DD00004FB0969374421D0282944D9CD086543BB
:109DE000009B06EB450271193046FFF78BFF494691
:109DF00009EB0502009B8246481BFFF783FF3A46AA
:109E0000009B8146791BA7EB4500FFF77BFF0246CD
:109E10004946009B5046FFF775FF8146B8F1000F99
:109E200024D13368D9F800203260C9F80030D9460F
:109E3000BA465D460023B94557D803933146009B87
:109E4000484698470028039B2CDC0AD1B8F1000F44
:109E500013D12B68D9F800202A60C9F800302544B6
:109E60000123A144E7E73A46B246D1E743462246FA
:109E700049463046FFF72FFFD9E743462246494679
:109E80002846FFF728FFEAE70BD1B8F1000F1ED1F3
:109E90003B68DAF800203A60CAF80030AAEB040AFE
:109EA00001233F1BB94520D803933146009B384618
:109EB00098470028039BE7DAB8F1000F0ED1D9F8D4
:109EC00000303A68C9F800203B603F1BC8E74346B2
:109ED000224651463846FFF7FEFEDFE7434622465C
:109EE00039464846FFF7F7FEEFE7FBB9029B9B4573
:109EF000BFF444AF5D4615E0434622463946284646
:109F0000FFF7E9FE0DE02F1B009B294638469847D6
:109F1000002809DDB8F1000FEED12B683A682A60FD
:109F20003B603D46AE42EED3A344DFE7A9EB050B11
:109F3000AA1B5A45A8BF5A462AB14346A9EB0201BB
:109F40003046FFF7C8FE029BA3EB0A02AAEB070507
:109F5000121BAA4228BF2A462AB102994346891AEF
:109F60004846FFF7B8FE029B5D455F46A3EB050040
:109F700004D933462F4606465D461846A54221D9E8
:109F8000B5FBF4F1019B072B0DD8B7FBF4F714AA2E
:109F900002EBC30343F8406C43F83C7C019B013364
:109FA00001930646DFE6009B2246FFF7CBFEA74261
:109FB0000BD8019B14AA013B019302EBC30353E9A5
:109FC0001001EEE7A7427FF6D9AEB7FBF4F13046B9
:109FD000E7E710B501390244904201D1002005E0C5
:109FE000037811F8014FA34201D0181B10BD0130B6
:109FF000F2E710B56AB10139841810F8012B11F895
:10A00000013F9A4203D1A04201D0002AF5D1D01AD3
:10A0100010BD1046FCE710B5024601448A421346C3
:10A0200003D01C780132002CF8D1181A10BD2DE98C
:10A03000F047C3F13709074688465FFA89F903F00C
:10A040001F0516464FF0000A384641462A46534639
:10A05000D6F756F8D4B2092C88BF4C443A4643464A
:10A0600088BFE4B2AA4204F1300473EB0A0306F895
:10A07000014B07468846E7D23046BDE8F0872DE918
:10A08000F04F89B00618994604AB41EB01040093E8
:10A0900015463046D2E900232146DDF84CB000F0E9
:10A0A000ABF806AB0093D5E9022307468846304655
:10A0B000214600F0A1F8DDE90463841951EB0306A1
:10A0C000069BD5E900014FF0000228BF0122D218FB
:10A0D000079B43F10003381848EB0101B84271EBCC
:10A0E0000801E9680391A96834BF0120002014EB3E
:10A0F000010C039946EB010110EB0C0041F100014A
:10A10000A04271EB060C34BF4FF0010C4FF0000C75
:10A11000CDE90623A9F1410A1CEB020243F1000339
:10A12000CDF800A000F083F8129BC3E90001149B56
:10A13000012BDDE9062329D1D5E90201D5E900C5C6
:10A14000201A66EB0101674578EB050534BF012550
:10A150000025401B61F10001844276EB010534BF0C
:10A1600001250025521BCDF800A063F1000300F08B
:10A170005EF8DDE90623CBE90001CDF800A020461A
:10A18000314600F054F809B0BDE8F08F17EB070E28
:10A1900048EB080C201946EB0601BE457CEB08088D
:10A1A00034BF01270027C71941F10008D5E9000194
:10A1B00086457CEB010CD5E9021534BF0120002057
:10A1C000381A68F1000C401A6CEB050192185B41DB
:10A1D000A74278EB060534BF01250025521943F14B
:10A1E0000003874278EB010834BF01250025521B8C
:10A1F000A9F140050095B8E7F0B50F460446A0FB6D
:10A200000201A7FB02524919A3FB044542F10002D7
:10A21000A7FB0373611845F10004D219059E43F1B1
:10A220000003121943F10003C6E90023F0BDF0B5A5
:10A23000059CC4F14007C4F1200602FA06F6A4F119
:10A240002005BB4022FA05F53343C4F120062B4319
:10A2500001FA06F6A4F12005E04021FA05F53043A5
:10A26000BA402843E14010431943F0BD0A449142EB
:10A2700000F1FF3300D1704710B511F8014B03F81E
:10A28000014F9142F9D110BD884210B501EB020493
:10A2900002D98442234607D8431EA14208D011F8B0
:10A2A000012B03F8012FF8E7024401468A4200D14E
:10A2B00010BD13F8014D02F8014DF7E702440346C3
:10A2C000934200D1704703F8011BF9E72DE9F04FE5
:10A2D00055EC104BA446C5F30A54034644EA0C0758
:10A2E00008462946C5F31305302657EA05085E716E
:10A2F000E146AE4673D10024A1421C716DDA012102
:10A300001971A0424FF000041ADA204603F1120638
:10A310000D25C2F157024FF0300C07F00F013F0935
:10A3200047EA0E774FEA2E1E002940F08680A842A9
:10A3300001DB86F800C0013D06F1FF36EDD175E086
:10A340000C2867DCC0F10D018900012601F1FF3EF8
:10A35000A1F12108C1F1210726FA07F706FA08F84A
:10A3600006FA0EF648EA070816EB060A48EB080B51
:10A37000DAF100076BEB4B0E1AF1FF3A4BF1FF3BA2
:10A380000AEA0C0A0BEA050B564578EB0B0B10DBBF
:10A39000C1F1200BB1F1200A05FA0BFB2CFA01F1F7
:10A3A00041EA0B015CBF45FA0AFA41EA0A01C90712
:10A3B00024D51CEB060C45EB0805B5F5801FE146DE
:10A3C0001CDB5979B4F5806F01F10101597127D077
:10A3D00007EA0C070EEA050E98E7002892E75CB141
:10A3E0003126C90F0028A4F2FF345E7119710FDB0A
:10A3F0000C28A7DD0D2005E00124F2E707EA090992
:10A400000EEA0505B4F5806F06D04F46AE467DE7EF
:10A410000020F7E70D2079E759EA05051A7908D0F9
:10A420001A7942F008021A714FF480641C60BDE88A
:10A43000F08F42F004021A71F8E70929D4BF3031D5
:10A440008918A8423170B8BF284674E7D1E90432B0
:10A4500093421EBF5A1C0A61187070470148006879
:08A4600070470000D429002020
:08A46800CC5CFD7F0100000047
:10A4700081590000000000004DC401001CA602002C
:10A480009102020000000000B5020200000000007E
:10A49000D9CA010044A60200D9CA010030A60200B0
:10A4A000157802006CA60200F5C8010058A602004B
:10A4B0002DD1010000000000A5590000000000009F
:10A4C0000000000008A60200F9560000000000008D
:10A4D0000000000080A6020000000000A8A6020004
:10A4E00000000000D0A602000000000094A60200B8
:10A4F00000000000BCA6020000000000F8A6020058
:10A5000000000000E4A60200BF7B020020A70200BA
:10A51000BF7B020034A70200E13D00000000000004
:10A52000114002000CA70200937E02000000000010
:10A53000E90702000000000051C201005CA7020010
:10A540000000000048A70200955E00000000000027
:10A5500041A70100000000005775020070A702002B
:10A560005775020084A702001DCD010098A70200C4
:10A570000B91020024A802000B91020010A8020017
:10A580000B910200FCA702000B910200E8A7020059
:10A590000B910200D4A7020021FE0100C0A7020017
:10A5A0008DCE0100ACA70200D529000000000000FC
:10A5B0004535000000000000F139000000000000F7
:10A5C000111F000000000000E92100000000000051
:10A5D000512E020000000000393100000000000090
:10A5E0006B320200000000005D3C00000000000033
:10A5F000AB3D020000000000413D000000000000F3
:08A60000993C0000000000007D
:10A608005EE202000000000068AE0200F3090020CC
:10A618000000000056E902001CD3020030AA020024
:10A628000D0A0020B450002084E902002CD3020057
:10A63800D4A90200130A00205C51002092E902000C
:10A6480044D30200D4A90200150A00206851002052
:10A6580065E9020000000000CCA902000F0A0020F2
:10A668000851002075E9020000000000C4A902009A
:10A67800110A0020000000001DE302002FE3020081
:10A68800E0AF0200F50900200000000026E3020008
:10A6980030E30200E0AF0200F709002000000000EC
:10A6A8003BE3020000000000F8AF0200F9090020B7
:10A6B800000000005EE302000000000010B002008D
:10A6C800FB0900200000000044E3020054E30200FC
:10A6D80028B00200FD0900200000000055E3020038
:10A6E8000000000040B00200FF0900200000000048
:10A6F8005AE302004803002058B00200010A002073
:10A70800F424002084E50200280E002044BC020046
:10A71800030A0020E4290020A6E902008CD30200E5
:10A72800F8A90200190A002074510020B9E90200B2
:10A7380094D30200F8A902001B0A002088510020C7
:10A74800ACC202000000000024AA0200050A002092
:10A758009038002049E9020000000000B8A9020072
:10A768000B0A002000000000FEE80200C8D2020028
:10A77800F8D20200070A0020E4450020FEE80200A3
:10A78800E0D20200F8D20200090A0020FC450020AD
:10A79800A0E902005CD3020080D30200170A00205F
:10A7A80088020020CCE902000000000008AA02008C
:10A7B8001D0A00209C51002056EC020034DD0200E6
:10A7C80048DD02001F0A0020840900205CEC02001A
:10A7D80064DD0200C8DD0200210A00208458002040
:10A7E80068EC020078DD0200C8DD0200230A0020C0
:10A7F800BC58002074EC02008CDD0200C8DD0200A9
:10A80800250A0020F458002080EC0200A0DD020098
:10A81800C8DD0200270A00202C5900208CEC020019
:10A82800B4DD0200C8DD0200290A002064590020B6
:10A83800217D0200E37B020000000000553E02007B
:10A8480000000000553E020000000000553E0200D6
:10A8580000000000553E020000000000553E0200C6
:10A868009DDD0100E37B02005CA702009DC20100A0
:10A8780000000000553E020000000000553E0200A6
:10A8880000000000553E0200000000009D77010016
:10A89800ACA70200FDCD01000851002065C90100E8
:10A8A80000000000B1A5010000000000553E0200B4
:10A8B80000000000553E020000000000BDD101006C
:10A8C80000000000553E020000000000553E020056
:10A8D80000000000553E020000000000553E020046
:10A8E80000000000553E020000000000553E020036
:10A8F80000000000CD77010000000000553E020076
:10A9080000000000553E020000000000553E020015
:10A9180000000000553E020000000000553E020005
:10A9280000000000553E020000000000553E0200F5
:10A9380000000000553E020000000000553E0200E5
:10A9480000000000553E020000000000553E0200D5
:10A9580000000000553E020000000000553E0200C5
:10A9680000000000553E0200ADB60100E37B020086
:10A9780000000000553E020000000000553E0200A5
:10A9880000000000553E020000000000553E020095
:10A9980000000000553E020000000000553E020085
:10A9A80000000000553E020000000000553E020075
:0CA9B80089BF0100BDC001005802000072
:10A9C40019780200000000009DC80100F5C70100CD
:10A9D4006DCB0100217802002F7802004778020035
:10A9E400537802005F780200D9C901007978020027
:04A9F400000000005F
:10A9F800297B02003F7B02006F7B02009F7B0200E5
:10AA080000000000000000000000000015CE01005A
:0CAA1800D1CD0100000000000000000093
:0CAA24000DEC00008DEA0000A5ED000024
:10AA3000A5C401007F770200E1770200000000005A
:0CAA40001B770200000000000000000076
:10AA4C0005000000858800000000000006000000E2
:10AA5C00BDAA00000000000004000000258D0000CD
:04AA6C0000000000E6
:10AA7000E8BD02000800000088BE020007000000D8
:10AA8000D4BB02000500000048BB02000700000024
:08AA9000B0B902001200000041
:10AA9800B3E602000000000000000000555B000063
:10AAA800E95D00000000000092E8020001000000DB
:10AAB80000000000576002000000000000000000D5
:10AAC800A1E802000100000000000000F964020093
:10AAD800000000000000000099E8020001000000EA
:10AAE8000000000081980000B1A2000000000000F2
:10AAF800E6E80200010000000000000067720200A2
:10AB0800C5B9000000000000A7E80200010000002D
:10AB1800000000007D9B0000AD9C000000000000CC
:10AB2800A9E302000000000000000000B1300000AE
:10AB3800C53102000000000074E2020000000000BD
:10AB48000000000099210000000000000000000043
:10AB6000000000000B000400A0000000F000000046
:10AB700000000000000106020100000000010201C7
:10AB8000040404049DEC02000001000006000C0017
:10AB90001E00900101030062746C6500000000005B
:10ABA00000000000000000000000000000000000A5
:10ABB0000000000000000000000000000000000095
:10ABC0000000000000000000000100000000000084
:10ABD0000338FDD8704700000100000000000000AD
:10ABE0000500000000000000190000000000000047
:10ABF0007D00000000000000710200000000000065
:10AC0000350C000000000000093D000000000000BD
:10AC10002D31010000000000E1F5050000000000FA
:10AC200065CD1D0000000000F90295000000000045
:10AC3000DD0EE90200000000514A8D0E0000000008
:10AC40009573C24800000000E941CC6B0100000090
:10AC50008D49FD1A07000000C16FF2862300000035
:10AC6000C52EBCA2B1000000D9E9AC2D78030000CC
:10AC70003D9160E45811000031D6E275BC560000E9
:10AC8000F52E6E4DAEB10100C9EA26836778080043
:10AC9000ED95C28F055A2A00A1EDCCCE1BC2D30080
:10ACA00025A4000A8BCA2204000000000000000056
:10ACB0000000000000000010000000000000000084
:10ACC000B9340332B7F4AD1410DB1AB30892540E42
:10ACD0000D307D951447BA1A66088F4D26ADC66DA6
:10ACE000F598BF85E2B74511CA96853D92BD1DEB2B
:10ACF000FCA11860DCEF52163C92AE220BB8C1B436
:10AD0000839D2D5B0562DA1C304C7E8F4E8BB25BCF
:10AD100016F4529F8B56A512FBD4827643ED8AF02F
:10AD20008FE7F9311565191850F19BD94A13EEB424
:10AD3000284CF0A686C1251F035FC270CB9E491622
:10AD4000E642889C44EB2014B0650836AD6EA585BC
:10AD500085F0CA14E2FD031A0B899979D5B13D0932
:10AD6000D8DA973A35EBCF10AC363F5E73BB38CFAD
:10AD70003E6752FA44AFBA1501000000000000001F
:10AD80000000000000000020345065C05FC9A652DA
:10AD9000BB13CBAEC440C21806C8DF7100D5A87C77
:10ADA000F56F0FDA58FC27136E4756357D24206562
:10ADB00002C7E768E48CA41DE9E60268D7CD3961D3
:10ADC0007977FCC2405BEF16798CDE43FFA751F91F
:10ADD00091F3B278F5BDBE11E857E9D6E8BEE87B3D
:10ADE000B054AC8F848D751BEA23A499E9F9D38BF9
:10ADF000B7A3714061DA3E15CEE33ECB73F9480844
:10AE00008C97B427D51B7010A2BFEFB9EB85321514
:10AE10004DB44DB49BBB6F1996B6076CF8E7EEAD19
:10AE200036D9B4F59135AE13222218AF4E6A684D6B
:10AE300091DAAA3D4F40741E9FBD9EE006A1C098C6
:10AE400057C2A7FDA40E90170E7D497173E3208FA2
:10AE5000B220D87605143B12853D7434811343B07B
:10AE6000AD297A5F27F4351CF32C0200CD1E0000BB
:10AE70009D1E0000911E0000A91F000088AE020068
:10AE80004C000000070B0000000000000000000064
:10AE900000000000000000000000000000000000B2
:10AEA000000000000100000000000000020000009F
:10AEB0000000000003000000040000000500000086
:10AEC0000600000007000000080000000900000064
:10AED0000A0000000B0000000C0000000D00000044
:10AEE00000000000000000000E0000000F00000045
:10AEF000100000001100000012000000130000000C
:10AF00001400000000000000000000001500000018
:10AF100016000000170000001800000019000000D3
:10AF20001A0000001B0000001C0000001D000000B3
:10AF30001E000000000000001F00000020000000B4
:10AF40002100000022000000230000002400000077
:10AF5000250000002600000027000000000000007F
:10AF60000000000028000000290000002A00000066
:10AF70002B0000002C0000002D0000002E0000001F
:10AF80002F00000030000000000000000000000062
:10AF900000000000000000000000000000000000B1
:10AFA00031000000320000003300000034000000D7
:10AFB000350000003600000085E202007CAE020091
:10AFC00098A70200A4DE02003000000095E2020013
:10AFD000BBE20200D6E20200F1E2020002E302005C
:10AFE00001000000000000009F2E02000000000091
:10AFF000000000000000000002000000E12400004A
:10B0000089240000F52E020000000000000000006E
:10B0100000000000000000000F300200FB2F0200C3
:10B020000000000000000000000000000000000020
:10B030004530020023300200000000000000000044
:10B0400000000000000000006730020073300200C2
:10B0500000000000000000000000000000000000F0
:10B0600000000000000000008D2700007F3002007B
:10B07000B92B0000090000002F00000000000000B4
:10B08000000000000200FFFF500000000000000070
:10B090005EE302001E000702000000000000000046
:10B0A0000B0000002900000000000000000000006C
:10B0B0000200FFFF50000000000000005EE30200FD
:10B0C0001F00070200000000000000000B0000004D
:10B0D0002A00000000000000000000000200FFFF46
:10B0E00050000000000000005EE3020020000702A4
:10B0F00000000000000000000B0000002B0000001A
:10B1000000000000000000000200FFFF50000000EF
:10B11000000000005EE302002100070200000000C2
:10B12000000000000B0000002C00000000000000E8
:10B13000000000000200FFFF5000000000000000BF
:10B140005EE3020022000702000000000000000091
:10B150000B0000002D0000000000000000000000B7
:10B160000200FFFF50000000000000005EE302004C
:10B170002300070200000000000000000B00000098
:10B180002E00000000000000000000000200FFFF91
:10B1900050000000000000005EE3020024000702EF
:10B1A00000000000000000000B000000270000006D
:10B1B00000000000000000000200FFFF500000003F
:10B1C000000000005EE3020025000702000000000E
:10B1D000000000000B00000028000000000000003C
:10B1E000000000000200FFFF50000000000000000F
:10B1F0005EE30200260007020000000000000000DD
:10B200000C0000002F000000000000000000000003
:10B210000200FFFF50000000000000005EE302009B
:10B220001E00070300000000000000000C000000EA
:10B230002900000000000000000000000200FFFFE5
:10B2400050000000000000005EE302001F00070342
:10B250000000000000000000150000002A000000AF
:10B2600000000000000000000200FFFF500000008E
:10B27000000000005EE30200200007030000000061
:10B28000000000000C0000002B0000000000000087
:10B29000000000000200FFFF50000000000000005E
:10B2A0005EE3020021000703000000000000000030
:10B2B0000C0000002C000000000000000000000056
:10B2C0000200FFFF50000000000000005EE30200EB
:10B2D0002200070300000000000000000C00000036
:10B2E0002D00000000000000000000000200FFFF31
:10B2F00050000000000000005EE30200230007038E
:10B3000000000000000000000C0000002E00000003
:10B3100000000000000000000200FFFF50000000DD
:10B32000000000005EE302002400070300000000AC
:10B33000000000000C0000002700000000000000DA
:10B34000000000000200FFFF5000000000000000AD
:10B350005EE302002500070300000000000000007B
:10B360000C000000280000000000000000000000A9
:10B370000200FFFF50000000000000005EE302003A
:10B380002600070300000000000000000C00000081
:10B390000400000000000000000000000200FFFFA9
:10B3A00050000000000000005EE3020016000700ED
:10B3B00000000000000000000C000000050000007C
:10B3C00000000000000000000200FFFF500000002D
:10B3D000000000005EE30200100007000000000013
:10B3E000000000000B00000035000000000000001D
:10B3F000000000000200FFFF5000000000000000FD
:10B400005EE30200290007000000000000000000C9
:10B410000B0000001D000000000000000000000004
:10B420000200FFFF50000000000000005EE3020089
:10B430001C00070000000000000000000B000000DE
:10B440003200000000000000000000000200FFFFCA
:10B4500050000000000000005EE302000F00070043
:10B460000000000000000000010000002F000000AC
:10B4700000000000000000000200FFFF500000007C
:10B48000000000005EE30200270007040000000047
:10B490000000000001000000270000000000000084
:10B4A000000000000200FFFF50000000000000004C
:10B4B0005EE302001300070000000000000000002F
:10B4C0000100000007000000000000000000000074
:10B4D0000200FFFF50000000000000005EE30200D9
:10B4E0000F00070200000000000000000100000043
:10B4F0002B00000000000000000000000200FFFF21
:10B5000050000000000000005EE30200170007008A
:10B5100000000000000000000B0000001000000010
:10B5200000000000000000000200FFFF50000000CB
:10B53000000000005EE302000C00070000000000B5
:10B54000000000000B0000001100000000000000DF
:10B55000000000000200FFFF50000000000000009B
:10B560005EE302000400070000000000000000008D
:10B570000B00000030000000000000000000000090
:10B580000200FFFF50000000000000005EE3020028
:10B590000500070000000000000000000B00000094
:10B5A0003100000000000000000000000200FFFF6A
:10B5B00050000000000000005EE3020015000700DC
:10B5C00000000000000000000B000000330000003D
:10B5D00000000000000000000200FFFF500000001B
:10B5E000000000005EE302000B0007000000000006
:10B5F000000000000C0000000B000000090000002B
:10B60000000000000300FFFF5000000000000000E9
:10B610005EE302004E000700000000000000000092
:10B620000C0000000B000000000000000000000003
:10B630000300FFFF50000000000000005EE3020076
:10B640004B00070000000000000000000B0000009D
:10B650000C00000004000000000000000300FFFFD9
:10B6600050000000000000005EE302001600070426
:10B6700000000000000000000B0000000C000000B3
:10B6800005000000000000000300FFFF5000000064
:10B69000000000005EE3020010000704000000004C
:10B6A000000000000C00000001000000030000008A
:10B6B000000000000300FFFF500000000000000039
:10B6C0005EE3020016000703000000000000000017
:10B6D0000C000000010000000B0000000900000049
:10B6E0000400FFFF50000000000000005EE30200C5
:10B6F0004E0007020000000000000000CF310200F1
:10B70000B3E30200D9310200D13202005EE302004D
:10B71000520007000000000055E302000000000096
:10B72000000000005EE302002C00070000000000A3
:10B730005EE302004A000700000000005EE3020032
:10B7400006000700000000005EE30200070007009B
:10B75000000000005EE302000B0007000000000094
:10B7600055E3020000000000000000005EE302005C
:10B7700050000700000000005EE3020051000700D7
:10B78000000000005EE302004F0007000000000020
:10B7900055E30200000000000000000055E3020035
:10B7A000000000000000000055E30200000000005F
:10B7B0000000000055E3020000000000000000004F
:10B7C00055E3020000000000000000005EE30200FC
:10B7D000120007000000000055E302000000000016
:10B7E0000000000055E3020000000000000000001F
:10B7F00055E3020000000000000000005EE30200CC
:10B8000025000701000000005EE30200260007019A
:10B81000000000005EE302001F00070100000000BE
:10B820005EE3020020000701000000005EE302006A
:10B8300021000701000000005EE302002200070172
:10B84000000000005EE3020023000701000000008A
:10B850005EE3020024000701000000005EE3020036
:10B860001E000701000000005EE302002E00070238
:10B87000000000005EE30200250007000000000059
:10B880005EE3020026000700000000005EE3020005
:10B890001F000700000000005EE302002000070018
:10B8A000000000005EE3020021000700000000002D
:10B8B0005EE3020022000700000000005EE30200D9
:10B8C00023000700000000005EE3020024000700E0
:10B8D000000000005EE302001E0007000000000000
:10B8E0005EE3020025000704000000005EE30200A2
:10B8F00026000704000000005EE302001F000704AA
:10B90000000000005EE302002000070400000000C9
:10B910005EE3020021000704000000005EE3020075
:10B9200022000704000000005EE302002300070479
:10B93000000000005EE30200240007040000000095
:10B940005EE302001E000704000000005EE3020048
:10B950001E000705000000005EE302001F0007054F
:10B96000000000005EE30200200007050000000068
:10B970005EE30200210007050000000055E302001D
:10B9800000000000000000005EE302002D00070040
:10B9900000000000C8E30200E0E30200FCE3020054
:10B9A0003F33020016E40200B1E402000000000090
:10B9B000A4E10200F361020000000000A0E1020027
:10B9C000000001009CE10200196602000000000076
:10B9D000E40400200000010094E102008134020030
:10B9E00000000000E50900200000010090E10200D5
:10B9F0001966020000000000DC04002000000100C5
:10BA000088E10200D53900000000000000000000BD
:10BA10000000040084E1020019660200000000003A
:10BA2000D4040020000001007CE1020099340200EF
:10BA300000000000000000000000040078E10200A7
:10BA4000C5610200B99D0000B004002000000C0098
:10BA500074E102006934020000000000E3090020E4
:10BA60000000040070E102001966020000000000FE
:10BA7000A80400200000010068E102003B3402003D
:10BA800000000000000000000000040064E102006B
:10BA9000C5610200B99D00008404002000000C0074
:10BAA00060E102006934020000000000DF090020AC
:10BAB000000004005CE102001966020000000000C2
:10BAC0007C0400200000010054E10200000000009E
:10BAD000F33302000000000000000C0050E10200FF
:10BAE0006934020000000000E109002000000400A9
:10BAF0004CE10200196602000000000074040020FE
:10BB00000000010044E1020000000000CD3302000B
:10BB1000F65A0020000002002AE502004FE502006C
:10BB2000E13B000069E50200D53402001335020054
:10BB30000000000000000000D53D000000000000F3
:10BB4000EBE5020000000000D0E10200F36102001A
:10BB500000000000CCE1020000000100C8E102008A
:10BB6000196602000000000020050020000001000E
:10BB7000C0E10200753D02000000000012EC02006E
:10BB800000000100BCE10200196602000000000094
:10BB90001805002000000100B4E10200753D02001C
:10BBA000000000003DE6020000000100B0E10200DC
:10BBB00019660200000000001005002000000100CE
:10BBC000A8E10200B94D000000000000EA090020D1
:10BBD00000000100ECE10200F3610200000000003F
:10BBE000E8E1020000000100E4E102001966020041
:10BBF000000000004C05002000000100DCE1020014
:10BC0000D54D000000000000000000000000010011
:10BC1000D8E10200C5610200B99D0000280500209E
:10BC200000000300D4E1020087660200000000006B
:10BC3000F0E10200000001002958000000000000AF
:10BC4000A33E02000000000038BC020054BC020009
:10BC50004A000000D495002038BC020064BC0200F9
:10BC60002E000000389B002038BC020074BC02008B
:10BC700002010000189C00200E030000116B000060
:10BC80000F0400004D6B00001A010000B7420200D3
:10BC9000050400006960000013010000694402000F
:10BCA000FF010000E96000003E01000009610000A2
:10BCB0000504000035430200080400006546020048
:10BCC0003003000005460200100100008F4302000F
:10BCD00001120000916A00000A1E0000CB48020019
:10BCE0000309000003450200040B00009743020013
:10BCF000060A0000B9470200070A00007743020065
:10BD00000C0500005D430200050C0000F746020030
:10BD100038BC02001CBD020047000000389D002016
:10BD200038BC02002CBD020000000000649E002010
:10BD300038BC02003CBD02004A000000B49E002056
:10BD4000BB520200BD5202000000000000000000D3
:10BD500000000000F354020000000000000000009A
:10BD6000000000000000000002020100155E020059
:10BD700004040100459600000606010085950000B8
:10BD800008040100719400000A020100FD5D020038
:10BD90000C040100E55D02000E0401004593000063
:10BDA00020040100A992000010040100B9910000D4
:10BDB00012020100255D020016040100D7550200A1
:10BDC00018010100575A02001E000400695E0200BB
:10BDD000520200004B5D020038BC0200E4BD0200CC
:10BDE0004C0000000CA0002024E20200F3610200DD
:10BDF0000000000020E20200000001001CE202003E
:10BE00001966020000000000580600200000010032
:10BE100014E202000000000000000000000000002A
:10BE20000000000010E20200C5610200B99D0000A0
:10BE300060060020000003000CE202001966020008
:10BE400000000000500600200000010004E2020093
:10BE50002B6202002D6402000000000000000300BD
:10BE600000E20200196602000000000048060020FF
:10BE700000000100F8E10200BDA100000000000088
:10BE8000000000000000010050E20200F361020027
:10BE9000000000004CE202000000010048E2020045
:10BEA0001966020000000000940600200000010056
:10BEB00040E202005B62020069600200B001002003
:10BEC000000009003CE202001966020000000000C8
:10BED0008C0600200000010034E2020085620200AE
:10BEE00000000000000000000000010030E202003D
:10BEF0001966020000000000840600200000010016
:10BF000028E20200099C0000000000000000000080
:10BF1000000001007DB20000957002008DB70000A6
:10BF20000000000000000000F5B500000000000067
:10BF30000000000000000000000000000000000001
:10BF40000000000045B00000060000009F6D0200E8
:10BF5000060000003F6D02001000000015AC00005C
:10BF6000100000004B70020001000000ED690200AB
:10BF7000100000009B6D02000A000000CB6A020066
:10BF80001000000079B6000007000000A36D020059
:10BF900010000000716A02000100000035AF0000CF
:10BFA00040000000E36C020010000000BF6A0200C5
:10BFB00001000000574553545F544F504449522FDD
:10BFC0007A65706879722F7375627379732F626CFA
:10BFD0007565746F6F74682F636F6E74726F6C6CBD
:10BFE00065722F7469636B65722F7469636B657218
:10BFF0002E6300007469636B65725F7265736368BA
:10C0000065642D3E7469636B735F746F5F657870F0
:10C01000697265203D3D2030550000004153534575
:10C020005254494F4E204641494C205B25735D20B8
:10C03000402025733A25640A00000000282874690E
:10C04000636B65725F72657363686564292D3E6515
:10C0500078745F64617461202626202828746963DF
:10C060006B65725F72657363686564292D3E6578E0
:10C07000745F646174612D3E7469636B735F736C8C
:10C080006F745F77696E646F7720213D203055298A
:10C0900029000000574553545F544F504449522FD4
:10C0A0007A65706879722F7375627379732F626C19
:10C0B0007565746F6F74682F636F6E74726F6C6CDC
:10C0C00065722F6C6C5F73772F756C6C2E6300003C
:10C0D000216572720000000072780000756C6C5F60
:10C0E0007265665F67657428756C6C5F6864722939
:10C0F000000000003000000072656C65617365200F
:10C100003D3D20646F6E65002172657476616C0040
:10C1100064656C7461203C3D2030207C7C206D6522
:10C120006D5F6C696E6B5F72782E71756F74615F95
:10C13000706475203C20282833202B2030202B20B1
:10C140003129202B202832202A2028322929290091
:10C15000636F6E6E5F6C6C6C0000000021636F6E2D
:10C160006E5F6C6C6C2D3E6C696E6B5F74785F6695
:10C17000726565006D656D715F6C696E6B000000C6
:10C1800072782D3E6864722E7479706520213D208E
:10C190004E4F44455F52585F545950455F4E4F4E85
:10C1A000450000002163632D3E7374617475730054
:10C1B00072785F667265652D3E6864722E74797060
:10C1C0006520213D204E4F44455F52585F545950E1
:10C1D000455F4E4F4E45000021636F6E6E2D3E6CE5
:10C1E0006C6C2E6C696E6B5F74785F66726565004F
:10C1F00021726574000000006C6F6F700000000019
:10C20000574553545F544F504449522F7A657068D4
:10C2100079722F7375627379732F626C7565746FA1
:10C220006F74682F636F6E74726F6C6C65722F6CB5
:10C230006C5F73772F6C6C6C5F636F6D6D6F6E2EC0
:10C240006300000021657272207C7C206572722080
:10C250003D3D202D31313900574553545F544F50E7
:10C260004449522F7A65706879722F7375627379B9
:10C27000732F626C7565746F6F74682F636F6E7463
:10C28000726F6C6C65722F6863692F6863695F6495
:10C2900072697665722E6300425420525820707283
:10C2A00069000000425420525800000062745F6828
:10C2B00063695F636F6E74726F6C6C65720000000F
:10C2C0005A6570687972204F532076342E312E30A3
:10C2D00000000000574553545F544F504449522FBB
:10C2E0007A65706879722F7375627379732F626CD7
:10C2F0007565746F6F74682F636F6E74726F6C6C9A
:10C3000065722F6863692F6863692E6300000000FF
:10C310002828282875696E747074725F74296E6F8E
:10C320006465292025205F5F616C69676E6F6628F0
:10C33000737472756374206E6F64655F72785F6387
:10C34000632929203D3D2030290000002828282885
:10C3500075696E747074725F74296E6F64652920DC
:10C3600025205F5F616C69676E6F662873747275F4
:10C370006374206E6F64655F72785F63752929202E
:10C380003D3D203029000000574553545F544F5025
:10C390004449522F7A65706879722F737562737988
:10C3A000732F626C7565746F6F74682F636F6E7432
:10C3B000726F6C6C65722F6C6C5F73772F756C6C21
:10C3C0005F6164762E63000068616E646C65203C7A
:10C3D0002031000028726574203D3D203029207CEA
:10C3E0007C2028726574203D3D2032290000000029
:10C3F0006164762D3E6C696E6B5F63635F66726528
:10C40000650000006164762D3E6E6F64655F727832
:10C410005F63635F66726565000000002168647297
:10C420002D3E64697361626C65645F636200000045
:10C43000737461747573203D3D2030207C7C2070C6
:10C440006172616D203D3D20756C6C5F6469736144
:10C45000626C655F6D61726B5F6765742829207C13
:10C460007C2028636F6E6E65637461626C65202644
:10C470002620216164762D3E6C6C6C2E636F6E6E8F
:10C4800029207C7C20300000216C6C6C2D3E6C6976
:10C490006E6B5F74785F6672656500006D61726BCC
:10C4A000203D3D206164760021657272207C7C20F5
:10C4B00028657272203D3D202D3132302900000068
:10C4C0007265660028726574203D3D203029207C0D
:10C4D0007C2028726574203D3D203229207C7C2000
:10C4E0002866705F6F705F66756E63203D3D202823
:10C4F00028766F6964202A29302929007064752DF7
:10C500003E6C656E203E3D205F5F6275696C7469AC
:10C510006E5F6F66667365746F66202873747275DC
:10C520006374207064755F6164765F6164765F69CF
:10C530006E642C20646174612900000057455354D7
:10C540005F544F504449522F7A65706879722F7347
:10C5500075627379732F626C7565746F6F74682F71
:10C56000636F6E74726F6C6C65722F6C6C5F737737
:10C570002F756C6C5F636F6E6E2E630074785F62F4
:10C580007566000072782D3E6864722E6C696E6B61
:10C5900000000000737461747573203D3D2030000D
:10C5A000737461747573203D3D2030207C7C207055
:10C5B0006172616D203D3D20756C6C5F75706461CA
:10C5C00074655F6D61726B5F6765742829207C7C80
:10C5D00020706172616D203D3D20756C6C5F6469F7
:10C5E0007361626C655F6D61726B5F67657428294A
:10C5F0000000000070203D3D20706172616D000000
:10C60000287469636B65725F737461747573203D20
:10C610003D203029207C7C20287469636B65725F23
:10C62000737461747573203D3D2032290000000051
:10C63000657272203D3D2030207C7C206572722026
:10C640003D3D202D3132300009706172616D313A0B
:10C6500020257520706172616D323A2025750A00BF
:10C66000636F6E6E2D3E6C6C6C2E68616E646C65D3
:10C6700020213D20307846464646000028746963F4
:10C680006B65725F737461747573203D3D20302952
:10C69000207C7C20287469636B65725F737461749D
:10C6A0007573203D3D203229207C7C202828766F20
:10C6B0006964202A29636F6E6E5F6C6C203D3D209B
:10C6C000756C6C5F64697361626C655F6D61726BE0
:10C6D0005F676574282929006C6C6C5F74780000B2
:10C6E0007064755F74782D3E6C656E00216C696EA8
:10C6F0006B2D3E6E65787400574553545F544F5010
:10C700004449522F7A65706879722F737562737914
:10C71000732F626C7565746F6F74682F636F6E74BE
:10C72000726F6C6C65722F6C6C5F73772F756C6CAD
:10C730005F6C6C63705F656E632E63006E74660081
:10C74000574553545F544F504449522F7A6570688F
:10C7500079722F7375627379732F626C7565746F5C
:10C760006F74682F636F6E74726F6C6C65722F6C70
:10C770006C5F73772F756C6C5F6C6C63705F706847
:10C78000792E63006E74662D3E6864722E74797023
:10C7900065203D3D204E4F44455F52585F545950EF
:10C7A000455F52455441494E000000006374782DA6
:10C7B0003E6E6F64655F7265662E747800000000DF
:10C7C0006374782D3E646174612E70752E6E74668C
:10C7D0005F646C655F6E6F6465000000636F6E6E12
:10C7E0002D3E6C6C6C2E726F6C65203D3D20307858
:10C7F00030310000574553545F544F504449522F35
:10C800007A65706879722F7375627379732F626CB1
:10C810007565746F6F74682F636F6E74726F6C6C74
:10C8200065722F6C6C5F73772F756C6C5F6C6C63CB
:10C83000702E63006374782D3E6F776E6572000012
:10C840006374782D3E6E6F64655F7265662E7278D4
:10C850000000000063747800FD2F01000D3001001E
:10C860001D3001002D30010000000000000000001C
:10C870003D300100E53001004D30010000000000B6
:10C88000F5300100000000005D30010005310100BD
:10C89000000000006D300100153101007D30010005
:10C8A00025310100353101004531010055310100CC
:10C8B00065310100753101008D300100000000007C
:10C8C0000000000000000000000000000000000068
:10C8D000D5300100574553545F544F504449522FAF
:10C8E0007A65706879722F7375627379732F626CD1
:10C8F0007565746F6F74682F636F6E74726F6C6C94
:10C9000065722F6C6C5F73772F756C6C5F6C6C63EA
:10C91000705F636F6D6D6F6E2E6300006374782DB2
:10C920003E70726F63203D3D2050524F435F54452F
:10C93000524D494E415445006374782D3E70726FDC
:10C9400063203D3D2050524F435F444154415F4C72
:10C95000454E4754485F555044415445000000003F
:10C96000574553545F544F504449522F7A6570686D
:10C9700079722F7375627379732F626C7565746F3A
:10C980006F74682F636F6E74726F6C6C65722F6C4E
:10C990006C5F73772F756C6C5F6C6C63705F6C6F22
:10C9A00063616C2E6300000063747820213D2028B1
:10C9B00028766F6964202A29302900006374785F23
:10C9C000686561646572203D3D20637478000000F5
:10C9D0006374782D3E6E6F64655F7265662E727843
:10C9E000203D3D202828766F6964202A293029209F
:10C9F0007C7C206374782D3E6E6F64655F72656623
:10CA00002E72782D3E6864722E7479706520213DF7
:10CA1000204E4F44455F52585F545950455F524530
:10CA20005441494E00000000574553545F544F5045
:10CA30004449522F7A65706879722F7375627379E1
:10CA4000732F626C7565746F6F74682F636F6E748B
:10CA5000726F6C6C65722F6C6C5F73772F756C6C7A
:10CA60005F6C6C63705F636F6E6E5F7570642E6376
:10CA7000000000006374782D3E6E6F64655F726520
:10CA8000662E7278203D3D202828766F6964202A22
:10CA900029302900574553545F544F504449522F71
:10CAA0007A65706879722F7375627379732F626C0F
:10CAB0007565746F6F74682F636F6E74726F6C6CD2
:10CAC00065722F6C6C5F73772F756C6C5F6C6C6329
:10CAD000705F63686D752E63000000005745535406
:10CAE0005F544F504449522F7A65706879722F73A2
:10CAF00075627379732F626C7565746F6F74682FCC
:10CB0000636F6E74726F6C6C65722F6C6C5F737791
:10CB10002F756C6C5F6C6C63705F72656D6F7465A4
:10CB20002E63000008020B020A0305020000000049
:10CB300000000000020200000602000004030000E2
:10CB40000000090300000000010300000C030000C6
:10CB50000703000000000000000000005745535488
:10CB60005F544F504449522F7A65706879722F7321
:10CB700075627379732F626C7565746F6F74682F4B
:10CB8000636F6E74726F6C6C65722F6C6C5F737711
:10CB90002F756C6C5F7065726970686572616C2E60
:10CBA000630000007469636B65725F737461747510
:10CBB00073203D3D20300000737461747573202133
:10CBC0003D2031207C7C20706172616D203D3D20D4
:10CBD000756C6C5F64697361626C655F6D61726BCB
:10CBE0005F67657428290000574553545F544F50C0
:10CBF0004449522F7A65706879722F737562737920
:10CC0000732F626C7565746F6F74682F636F6E74C9
:10CC1000726F6C6C65722F6C6C5F73772F756C6CB8
:10CC20005F66696C7465722E63000000726C5F69E8
:10CC30006478203C20380000726C5B726C5F696421
:10CC4000785D2E74616B656E00000000726C5B7223
:10CC50006C5F6964785D2E727061735F7265616488
:10CC6000790000006465766D617463685F696420B3
:10CC70003C20282873697A655F7429202828286950
:10CC80006E74292073697A656F6628636861725BC8
:10CC900031202D2032202A202128215F5F627569F2
:10CCA0006C74696E5F74797065735F636F6D7061CA
:10CCB0007469626C655F70285F5F747970656F6618
:10CCC0005F5F2866616C292C205F5F747970656FE7
:10CCD000665F5F28262866616C295B305D292929FB
:10CCE0005D29202D203129202B202873697A656F3A
:10CCF000662866616C29202F2073697A656F662823
:10CD00002866616C295B305D292929290000000013
:10CD100066616C5B6465766D617463685F69645DB0
:10CD20002E74616B656E00006465766D6174636876
:10CD30005F6964203C20282873697A655F74292024
:10CD4000282828696E74292073697A656F662863BC
:10CD50006861725B31202D2032202A202128215F3A
:10CD60005F6275696C74696E5F74797065735F6317
:10CD70006F6D70617469626C655F70285F5F747954
:10CD800070656F665F5F28726C292C205F5F747915
:10CD900070656F665F5F282628726C295B305D299D
:10CDA00029295D29202D203129202B202873697AFB
:10CDB000656F6628726C29202F2073697A656F660B
:10CDC0002828726C295B305D292929290000000080
:10CDD000726C5B695D2E74616B656E0069726B6D60
:10CDE000617463685F6964203C20706565725F6987
:10CDF000726B5F636F756E740000000069203C20E9
:10CE000038000000574553545F544F504449522F47
:10CE10007A65706879722F7375627379732F626C9B
:10CE20007565746F6F74682F636F6E74726F6C6C5E
:10CE300065722F6C6C5F73772F6E6F726469632FEE
:10CE40006C6C6C2F6C6C6C2E6300000070726565EE
:10CE50006D70745F726571203D3D20707265656D07
:10CE600070745F61636B0000707265656D70745FF4
:10CE700073746172745F72657120213D20707265F8
:10CE8000656D70745F73746172745F61636B0000D1
:10CE9000707265656D70745F73746F705F726571C9
:10CEA00020213D20707265656D70745F73746F70C2
:10CEB0005F61636B00000000707265656D70745F88
:10CEC00072657120213D20707265656D70745F61BF
:10CED000636B0000707265656D70745F61636B20D9
:10CEE000213D20707265656D70745F726571000020
:10CEF00072656164792D3E707265706172655F70F4
:10CF00006172616D2E706172616D203D3D207061B6
:10CF100072616D00697465720000000065727220B4
:10CF20003D3D202D3134300021706172616D000073
:10CF300021706172616D207C7C206E6578740000C8
:10CF40006576656E742E637572722E61626F72748F
:10CF50005F6362006576646F6E65000065727220C3
:10CF60003E3D2030000000006E6578740000000037
:10CF7000217265616479207C7C2026726561647908
:10CF80002D3E707265706172655F706172616D20B7
:10CF90003D3D20707265706172655F706172616D98
:10CFA00000000000F401FA00960064004B0032001B
:10CFB0001E001400574553545F544F504449522F9C
:10CFC0007A65706879722F7375627379732F626CEA
:10CFD0007565746F6F74682F636F6E74726F6C6CAD
:10CFE00065722F6C6C5F73772F6E6F726469632F3D
:10CFF0006C6C6C2F6C6C6C5F6164762E630000004F
:10D000006E6F64655F72780021726164696F5F6939
:10D01000735F726561647928290000007000000068
:10D020006368616E00000000706475007363616E78
:10D030005F706475000000000925733A2041637435
:10D0400075616C204556454E545F4F5645524845D4
:10D0500041445F53544152545F5553203D20257540
:10D060000A000000707265706172655F63620000A3
:10D07000574553545F544F504449522F7A65706856
:10D0800079722F7375627379732F626C7565746F23
:10D090006F74682F636F6E74726F6C6C65722F6C37
:10D0A0006C5F73772F6E6F726469632F6C6C6C2F7B
:10D0B0006C6C6C5F636F6E6E2E6300002172616436
:10D0C000696F5F69735F61646472657373282900B7
:10D0D000646F6E65000000006C6C6C2D3E68616EC4
:10D0E000646C6520213D20307846464646000000AD
:10D0F000574553545F544F504449522F7A657068D6
:10D1000079722F7375627379732F626C7565746FA2
:10D110006F74682F636F6E74726F6C6C65722F6CB6
:10D120006C5F73772F6E6F726469632F6C6C6C2FFA
:10D130006C6C6C5F7065726970686572616C2E638F
:10D1400000000000707265706172655F63620000CC
:10D15000574553545F544F504449522F7A65706875
:10D1600079722F7375627379732F626C7565746F42
:10D170006F74682F636F6E74726F6C6C65722F6C56
:10D180006C5F73772F6E6F726469632F68616C2FA9
:10D190006E7266352F636E74722E63005F72656601
:10D1A000636F756E74000000574553545F544F50C1
:10D1B0004449522F7A65706879722F73756273795A
:10D1C000732F626C7565746F6F74682F636F6E7404
:10D1D000726F6C6C65722F6C6C5F73772F6E6F72F1
:10D1E0006469632F68616C2F6E7266352F6D61798B
:10D1F000666C792E63000000574553545F544F50BE
:10D200004449522F7A65706879722F737562737909
:10D21000732F626C7565746F6F74682F636F6E74B3
:10D22000726F6C6C65722F6C6C5F73772F6E6F72A0
:10D230006469632F68616C2F6E7266352F74696341
:10D240006B65722E63000000757365725F69642000
:10D250003C2073697A656F662863616C6C65725FE8
:10D2600069645F6C7574290063616C6C65725F69D9
:10D270006420213D2030000001030405574553542C
:10D280005F544F504449522F7A65706879722F73FA
:10D2900075627379732F626C7565746F6F74682F24
:10D2A000636F6E74726F6C6C65722F6C6C5F7377EA
:10D2B0002F6E6F726469632F68616C2F6E726635B2
:10D2C0002F6563622E63000008A6020000000000C4
:10D2D000010000000000000000000000000000004D
:10D2E00034A7020000000000010000000000000060
:10D2F00000000000000000006D740200357502009F
:10D30000C17402007774020091750200B9A801008F
:10D31000D5C30100A5C30100000000002DC5010018
:10D3200019C401000378020009780200FFFF000021
:10D3300000030050000000000100000000600040F9
:10D3400000000000FFFFFFFF000000500000000091
:10D3500000000000006000400000000018080020ED
:10D360000B0000000700000007000000070000009D
:10D370000B000000010000000A0000000100000096
:10D38000757902001B7B0200E77A0200200500404D
:10D39000010000001C050040010000000100000029
:10D3A000020000000400000008000000100000005F
:10D3B0002000000040000000800000001B00000072
:10D3C0003600000051F4A7507E4165531A17A4C3DC
:10D3D0003A275E963BAB6BCB1F9D45F1ACFA58AB41
:10D3E0004BE303932030FA55AD766DF688CC7691F9
:10D3F000F5024C254FE5D7FCC52ACBD7263544800E
:10D40000B562A38FDEB15A4925BA1B6745EA0E986B
:10D410005DFEC0E1C32F7502814CF0128D4697A3CB
:10D420006BD3F9C6038F5FE715929C95BF6D7AEBBE
:10D43000955259DAD4BE832D587421D349E0692915
:10D440008EC9C84475C2896AF48E797899583E6B42
:10D4500027B971DDBEE14FB6F088AD17C920AC66C3
:10D460007DCE3AB463DF4A18E51A318297513360B2
:10D4700062537F45B16477E0BB6BAE84FE81A01C34
:10D48000F9082B94704868588F45FD1994DE6C8715
:10D49000527BF8B7AB73D323724B02E2E31F8F5773
:10D4A0006655AB2AB2EB28072FB5C20386C57B9A17
:10D4B000D33708A5302887F223BFA5B202036ABA82
:10D4C000ED16825C8ACF1C2BA779B492F307F2F099
:10D4D0004E69E2A165DAF4CD0605BED5D134621FEE
:10D4E000C4A6FE8A342E539DA2F355A0058AE132CC
:10D4F000A4F6EB750B83EC394060EFAA5E719F06D2
:10D50000BD6E10513E218AF996DD063DDD3E05AE29
:10D510004DE6BD4691548DB571C45D050406D46FCA
:10D52000605015FF1998FB24D6BDE997894043CC7C
:10D5300067D99E77B0E842BD07898B88E7195B38C9
:10D5400079C8EEDBA17C0A477C420FE9F8841EC94A
:10D550000000000009808683322BED481E1170AC5C
:10D560006C5A724EFD0EFFFB0F8538563DAED51E30
:10D57000362D39270A0FD964685CA6219B5B54D1EC
:10D5800024362E3A0C0A67B19357E70FB4EE96D2C1
:10D590001B9B919E80C0C54F61DC20A25A774B69CE
:10D5A0001C121A16E293BA0AC0A02AE53C22E043F4
:10D5B000121B171D0E090D0BF28BC7AD2DB6A8B9A6
:10D5C000141EA9C857F11985AF75074CEE99DDBB3C
:10D5D000A37F60FDF701269F5C72F5BC44663BC5E6
:10D5E0005BFB7E348B432976CB23C6DCB6EDFC682F
:10D5F000B8E4F163D731DCCA426385101397224047
:10D6000084C61120854A247DD2BB3DF8AEF9321183
:10D61000C729A16D1D9E2F4BDCB230F30D8652EC55
:10D6200077C1E3D02BB3166CA970B999119448FA5D
:10D6300047E96422A8FC8CC4A0F03F1A567D2CD880
:10D64000223390EF87494EC7D938D1C18CCAA2FE88
:10D6500098D40B36A6F581CFA57ADE28DAB78E26C8
:10D660003FADBFA42C3A9DE45078920D6A5FCC9BED
:10D67000547E4662F68D13C290D8B8E82E39F75E14
:10D6800082C3AFF59F5D80BE69D0937C6FD52DA915
:10D69000CF2512B3C8AC993B10187DA7E89C636EE8
:10D6A000DB3BBB7BCD2678096E5918F4EC9AB701A9
:10D6B000834F9AA8E6956E65AAFFE67E21BCCF0847
:10D6C000EF15E8E6BAE79BD94A6F36CEEA9F09D450
:10D6D00029B07CD631A4B2AF2A3F2331C6A59430FD
:10D6E00035A266C0744EBC37FC82CAA6E090D0B0AA
:10D6F00033A7D815F104984A41ECDAF77FCD500EE4
:10D700001791F62F764DD68D43EFB04DCCAA4D54E0
:10D71000E49604DF9ED1B5E34C6A881BC12C1FB888
:10D720004665517F9D5EEA04018C355DFA8774730E
:10D73000FB0B412EB3671D5A92DBD252E9105633D0
:10D740006DD647139AD7618C37A10C7A59F8148E8D
:10D75000EB133C89CEA927EEB761C935E11CE5ED95
:10D760007A47B13C9CD2DF5955F2733F1814CE79F9
:10D7700073C737BF53F7CDEA5FFDAA5BDF3D6F1478
:10D780007844DB86CAAFF381B968C43E3824342CB0
:10D79000C2A3405F161DC372BCE2250C283C498B16
:10D7A000FF0D954139A80171080CB3DED8B4E49C93
:10D7B0006456C1907BCB8461D532B670486C5C7482
:10D7C000D0B85742C66363A5F87C7C84EE7777991E
:10D7D000F67B7B8DFFF2F20DD66B6BBDDE6F6FB10A
:10D7E00091C5C5546030305002010103CE6767A96E
:10D7F000562B2B7DE7FEFE19B5D7D7624DABABE6B6
:10D80000EC76769A8FCACA451F82829D89C9C94023
:10D81000FA7D7D87EFFAFA15B25959EB8E4747C961
:10D82000FBF0F00B41ADADECB3D4D4675FA2A2FD29
:10D8300045AFAFEA239C9CBF53A4A4F7E472729651
:10D840009BC0C05B75B7B7C2E1FDFD1C3D9393AEB5
:10D850004C26266A6C36365A7E3F3F41F5F7F70272
:10D8600083CCCC4F6834345C51A5A5F4D1E5E534C4
:10D87000F9F1F108E2717193ABD8D8736231315389
:10D880002A15153F0804040C95C7C7524623236583
:10D890009DC3C35E30181828379696A10A05050F58
:10D8A0002F9A9AB50E070709241212361B80809B07
:10D8B000DFE2E23DCDEBEB264E2727697FB2B2CD0A
:10D8C000EA75759F1209091B1D83839E582C2C74C1
:10D8D000341A1A2E361B1B2DDC6E6EB2B45A5AEE59
:10D8E0005BA0A0FBA45252F6763B3B4DB7D6D66167
:10D8F0007DB3B3CE5229297BDDE3E33E5E2F2F714A
:10D9000013848497A65353F5B9D1D1680000000061
:10D91000C1EDED2C40202060E3FCFC1F79B1B1C8C3
:10D92000B65B5BEDD46A6ABE8DCBCB4667BEBED913
:10D930007239394B944A4ADE984C4CD4B05858E866
:10D9400085CFCF4ABBD0D06BC5EFEF2A4FAAAAE54F
:10D95000EDFBFB16864343C59A4D4DD766333355D1
:10D96000118585948A4545CFE9F9F910040202062C
:10D97000FE7F7F81A05050F0783C3C44259F9FBAA9
:10D980004BA8A8E3A25151F35DA3A3FE804040C081
:10D99000058F8F8A3F9292AD219D9DBC703838488B
:10D9A000F1F5F50463BCBCDF77B6B6C1AFDADA7562
:10D9B0004221216320101030E5FFFF1AFDF3F30E22
:10D9C000BFD2D26D81CDCD4C180C0C14261313355B
:10D9D000C3ECEC2FBE5F5FE1359797A2884444CC3F
:10D9E0002E17173993C4C45755A7A7F2FC7E7E8221
:10D9F0007A3D3D47C86464ACBA5D5DE73219192BC6
:10DA0000E6737395C06060A0198181989E4F4FD1D5
:10DA1000A3DCDC7F44222266542A2A7E3B9090AB12
:10DA20000B8888838C4646CAC7EEEE296BB8B8D3FC
:10DA30002814143CA7DEDE79BC5E5EE2160B0B1DDB
:10DA4000ADDBDB76DBE0E03B64323256743A3A4ED3
:10DA5000140A0A1E924949DB0C06060A4824246C63
:10DA6000B85C5CE49FC2C25DBDD3D36E43ACACEF87
:10DA7000C46262A6399191A8319595A4D3E4E437A4
:10DA8000F279798BD5E7E7328BC8C8436E373759BF
:10DA9000DA6D6DB7018D8D8CB1D5D5649C4E4ED2AB
:10DAA00049A9A9E0D86C6CB4AC5656FAF3F4F40763
:10DAB000CFEAEA25CA6565AFF47A7A8E47AEAEE959
:10DAC000100808186FBABAD5F07878884A25256FFB
:10DAD0005C2E2E72381C1C2457A6A6F173B4B4C752
:10DAE00097C6C651CBE8E823A1DDDD7CE874749CC1
:10DAF0003E1F1F21964B4BDD61BDBDDC0D8B8B8620
:10DB00000F8A8A85E07070907C3E3E4271B5B5C444
:10DB1000CC6666AA904848D806030305F7F6F601D6
:10DB20001C0E0E12C26161A36A35355FAE5757F9FC
:10DB300069B9B9D01786869199C1C1583A1D1D2778
:10DB4000279E9EB9D9E1E138EBF8F8132B9898B3EA
:10DB500022111133D26969BBA9D9D970078E8E8978
:10DB6000339494A72D9B9BB63C1E1E22158787924B
:10DB7000C9E9E92087CECE49AA5555FF5028287813
:10DB8000A5DFDF7A038C8C8F59A1A1F809898980E0
:10DB90001A0D0D1765BFBFDAD7E6E631844242C6DB
:10DBA000D06868B8824141C3299999B05A2D2D7720
:10DBB0001E0F0F117BB0B0CBA85454FC6DBBBBD66D
:10DBC0002C16163A0200000024DC020003000000BC
:10DBD0001CDC02000400000014DC02000500000050
:10DBE0000CDC02000600000004DC0200070000005C
:10DBF000FCDB02000000000000000000FEEB020061
:10DC0000902407000AEC02009023060016EC0200A4
:10DC10009022050022EC0200101404002EEC0200F9
:10DC2000101303003AEC0200101202000200000080
:10DC3000737E02006F7E02006B7E0200677E020030
:10DC40004F7E02003D7E0200000000000A5695CE85
:10DC50005753F2DD5CE419BAE4B84A8B25F321DDB1
:10DC60008886E8D2855D882518FF71853C14A9183F
:10DC7000D430E77901B6ED5FFC95BA75102562776F
:10DC80002B73FB79C65537A5765F9018DFBDC42985
:10DC900062DF9CD890308478CD05F0ACD62E21F789
:10DCA000AB20A2E5344887041D0630DC512563FC17
:10DCB000C2CAB9F3849E17A7ADFAE6BCFFFFFFFF07
:10DCC000FFFFFFFF00000000FFFFFFFFA2EE79BE95
:10DCD000954C2483A66FBD499C79994659EC6B2BD2
:10DCE00039B245282056D9F3942DE1664FBC00EE99
:10DCF000FFFFFFFFFFFFFFFFFFFFFFFF0000000030
:10DD0000000000000000000001000000FFFFFFFF16
:10DD10000300000000000000FFFFFFFFFBFFFFFF0C
:10DD2000FEFFFFFFFFFFFFFFFDFFFFFF04000000FE
:10DD300001000000020000000000000000000000E0
:10DD400080841E00A0072B000000000000000000DF
:10DD50000000000075FE01002F900200000000008E
:10DD60000000000044A602000800100044A60200C3
:10DD70001B0010001200010044A602001A0010004F
:10DD800044A60200060010001200010044A6020092
:10DD90001700100044A60200150010001200010038
:10DDA00030A602000900100044A602000C0010007A
:10DDB0001200010044A602000200100044A6020066
:10DDC0001C00100012000100000000000000000014
:10DDD000D5910200A9900200F9FE010000000000A8
:10DDE0000000000070A4020070A40200B0A40200B1
:10DDF000C0A40200A8A5020008A6020000000000BE
:10DE000000000000000000000000000000000040D2
:10DE1000955969595555545515555556040515418B
:10DE20001054554045515544404550445055554572
:10DE300000400040400444966555565545404554C1
:10DE4000514115405591555555554051050100001A
:10DE50005445545445550504001004101404400062
:10DE600000000140555515415404000044000100D4
:10DE700000000040410000445044455054005555B6
:10DE800054556551004000400100000100050100AB
:10DE90001154515154555505000000000000000078
:10DEA00000000000640064000000000000000000AA
:10DEB0000000640064006400000000000000000036
:10DEC00064006400C800000000000000000064005E
:10DED00064002C01000000000000000064006400E9
:10DEE0009001000000000000000064006400F401E4
:10DEF0000000000000000000640064005802000000
:10DF000000000000000064006400BC02000000008B
:10DF10000000000064006400200300000000000016
:10DF200000006400640084030000000000000000A2
:10DF300064006400E80300000000000000006400CA
:10DF400064004C0400000000000000006400640055
:10DF50000000640000000000000064006400640031
:10DF6000640000000000000064006400C800640059
:10DF7000000000000000640064002C016400000048
:10DF800000000000640064009001640000000000D4
:10DF9000000064006400F401640000000000000060
:10DFA0006400640058026400000000000000640087
:10DFB0006400BC0264000000000000006400640013
:10DFC000200364000000000000006400640084037B
:10DFD000640000000000000064006400E8036400C6
:10DFE000000000000000640064004C0464000000B5
:10DFF00000000000640064000000C8000000000091
:10E000000000640064006400C8000000000000001C
:10E0100064006400C800C800000000000000640044
:10E0200064002C01C80000000000000064006400CF
:10E030009001C80000000000000064006400F401CA
:10E04000C800000000000000640064005802C8001E
:10E0500000000000000064006400BC02C800000072
:10E0600000000000640064002003C80000000000FD
:10E070000000640064008403C80000000000000089
:10E0800064006400E803C8000000000000006400B1
:10E0900064004C04C800000000000000640064003C
:10E0A00000002C0100000000000064006400640017
:10E0B0002C0100000000000064006400C8002C0176
:10E0C000000000000000640064002C012C0100002E
:10E0D000000000006400640090012C0100000000BA
:10E0E000000064006400F4012C0100000000000046
:10E0F0006400640058022C0100000000000064006D
:10E100006400BC022C0100000000000064006400F8
:10E1100020032C0100000000000064006400840360
:10E120002C0100000000000064006400E8032C01E2
:10E13000000000000000640064004C042C0100009A
:10E140000000000000004C2A00004C2A00000328B8
:10E150000000082900004D2A00004D2A0000032875
:10E16000000008290000022900004D2A00004D2A65
:10E1700000000328000008290000022900004D2AA1
:10E1800000004D2A0000032800004B2A00004B2A03
:10E190000000032800004A2A00004A2A0000032841
:10E1A00000001218000000280000502A0000502A29
:10E1B000000003280000292A0000292A0000032863
:10E1C0000000242A0000242A0000032800000A1866
:10E1D0000000002800000429000002290000192A7C
:10E1E0000000192A0000032800000F180000002872
:10E1F0000400AD270100060100002A2B00002A2B95
:10E20000000003280000292B0000292B0000032810
:10E21000000002290000052A0000052A000003284A
:10E2200000000118000000280000042A0000042A51
:10E23000000003280000012A0000012A0000032832
:10E240000000002A0000002A000003280000001837
:10E25000000000286BFF79FF79FF7CFF00006D61F3
:10E260006769635F6D61707065720073656C65638B
:10E2700074656400706879736963616C5F6C61795F
:10E280006F7574730034302520416C6C2031552F2C
:10E2900047726964007A6D6B5F7068797369636156
:10E2A0006C5F6C61796F75745F73656C65637469BD
:10E2B0006F6E5F6368616E676564007A6D6B5F6146
:10E2C000637469766974795F73746174655F636898
:10E2D000616E676564007A6D6B5F706F73697469F6
:10E2E0006F6E5F73746174655F6368616E676564A8
:10E2F000007A6D6B5F73656E736F725F6576656EC6
:10E3000074007A6D6B5F7573625F636F6E6E5F73BF
:10E31000746174655F6368616E67656400626F6FE6
:10E32000746C6F6164007379737265736574000156
:10E33000004558545F504F57455200657874706FD0
:10E34000776572006D6F6D656E746172795F6C6177
:10E3500079657200006E6F6E6500656E635F6B6558
:10E36000795F707265737300656E64706F696E7447
:10E37000732F7072656665727265643200656E64D3
:10E38000706F696E74732F70726566657272656402
:10E39000004E6F6E650055534200424C453A25646D
:10E3A00000496E76616C696400656E64706F696EB9
:10E3B0007473007A6D6B5F656E64706F696E745F05
:10E3C0006368616E676564007A6D6B5F6C61796527
:10E3D000725F73746174655F6368616E6765640022
:10E3E0007A6D6B5F6D6F646966696572735F737474
:10E3F0006174655F6368616E676564007A6D6B5F09
:10E400006B6579636F64655F73746174655F63687E
:10E41000616E676564007A6D6B5F626C655F6163F6
:10E42000746976655F70726F66696C655F63686159
:10E430006E67656400626C652F6163746976655F01
:10E4400070726F66696C65007075626C69630072EA
:10E45000616E646F6D007075626C69632D69640034
:10E4600072616E646F6D2D6964003078253032788A
:10E4700000253032583A253032583A253032583A51
:10E48000253032583A253032583A25303258202833
:10E490002573290070726F66696C657300626C6524
:10E4A0002F70726F66696C65732F256400626C65EE
:10E4B00000484944204F7665722047415454205308
:10E4C000656E6420576F726B0005010906A1018516
:10E4D00001050719E029E715002501750195088157
:10E4E00002050775089501810305081901290575BD
:10E4F000019505910205087503950191030507151E
:10E500000026FF00190029FF750895068100C00547
:10E510000C0901A1018502050C150026FF0F190049
:10E520002AFF0F751095068100C07A6D6B5F7065CC
:10E53000726970686572616C5F626174746572792A
:10E540005F73746174655F6368616E676564007AA8
:10E550006D6B5F626174746572795F737461746509
:10E560005F6368616E676564007A6D6B5F6869649C
:10E570005F696E64696361746F72735F6368616E13
:10E58000676564004849445F300005010906A10140
:10E590008501050719E029E7150025017501950892
:10E5A00081020507750895018103050819012905F0
:10E5B00075019505910205087503950191030507FD
:10E5C000150026FF00190029FF750895068100C077
:10E5D000050C0901A1018502050C150026FF0F1984
:10E5E000002AFF0F751095068100C04C6F772050F0
:10E5F00072696F7269747920576F726B20517565FB
:10E600007565004661696C656420746F207265628F
:10E610006F6F743A207370696E6E696E6720656EF5
:10E62000646C6573736C792E2E2E0A003031323390
:10E63000343536373839414243444546005A4D4B0C
:10E640002050726F6A6563740000FFFFFFFFFFFFD9
:10E6500000000000000000FFFFFFFFFFFF000000C0
:10E660000000006E616D650062742F25732F2530E8
:10E67000327825303278253032782530327825309E
:10E6800032782530327825752F25730062742F2556
:10E69000732F253032782530327825303278253086
:10E6A0003278253032782530327825750062742F23
:10E6B0002573006274004254204C572057510002C9
:10E6C000FB349B5F80000080001000000000000011
:10E6D000574553545F544F504449522F7A657068E0
:10E6E00079722F7375627379732F626C7565746FAD
:10E6F0006F74682F686F73742F6863695F636F72DC
:10E70000652E630062745F6863695F6576745F6736
:10E7100065745F666C616773286864722D3E657608
:10E7200074292026202831554C203C3C20283129B2
:10E730002900415353455254494F4E204641494CBC
:10E74000205B25735D20402025733A25640A00650F
:10E7500076745F666C6167732026202831554C20E3
:10E760003C3C20283029290062756600737563637C
:10E770006573730009636F6D6D616E64206F706304
:10E780006F6465203078253034782074696D656F4A
:10E7900075740A00657272203D3D20300009436F98
:10E7A0006E74726F6C6C657220756E726573706FCB
:10E7B0006E736976652C20636F6D6D616E64206F7A
:10E7C00070636F6465203078253034782074696D0B
:10E7D000656F75742077697468206572722025648E
:10E7E0000A004254205258205751000009090909D3
:10E7F000010209090909090909090909090709099A
:10E80000090909060909090909090909090909097B
:10E810000909090905574553545F544F504449525B
:10E820002F7A65706879722F7375627379732F62AE
:10E830006C7565746F6F74682F686F73742F68637D
:10E84000695F636F6D6D6F6E2E6300E69D350E48D8
:10E850000103CCDBFDF4AC1191F4EFB9A5F9E9A704
:10E86000832C5E2CBE97F2D203B0208BD28915D0B8
:10E870008E1C742430ED8FC24563765C15525ABFEE
:10E880009A32636DEB2A65499C80DC01010101012C
:10E89000020362742F6363630062742F686173689C
:10E8A0000062742F63660062742F736300000506B4
:10E8B0001F1F2918120308020305080A0008010394
:10E8C0000401050405090607010106060800000108
:10E8D0000001000301000302020100020000000029
:10E8E00000020301000362742F6B657973006C886A
:10E8F0008391AAF5A53860370BDB5A6083BE726539
:10E9000074656E74696F6E403000757362645F7712
:10E910006F726B710001000200000101010101062C
:10E9200001050104010702030105020201030205BA
:10E9300004010101020103010401060108010C01A7
:10E9400010011801200140018061646340343030BF
:10E95000303730303000636C6F636B4034303030B0
:10E96000303030300072616E646F6D403430303062
:10E970006430303000656E74726F70795F62745FFE
:10E98000686369006770696F40353030303033300C
:10E9900030006770696F40353030303030303000D3
:10E9A0006B7363616E006770726567726574324085
:10E9B00034303030303532300067707265677265E0
:10E9C00074314034303030303531630074656D70EF
:10E9D000403430303063303030000000000000013F
:10E9E0000100000000000020303030303030303086
:10E9F000303030303030000100000100000052099A
:10EA00006AD53036A538BF40A39E81F3D7FB7CE39F
:10EA100039829B2FFF87348E4344C4DEE9CB547B7D
:10EA20009432A6C2233DEE4C950B42FAC34E082EFB
:10EA3000A16628D924B2765BA2496D8BD12572F8E4
:10EA4000F66486689816D4A45CCC5D65B6926C704A
:10EA50004850FDEDB9DA5E154657A78D9D8490D8D4
:10EA6000AB008CBCD30AF7E45805B8B34506D02CEC
:10EA70001E8FCA3F0F02C1AFBD0301138A6B3A91CB
:10EA800011414F67DCEA97F2CFCEF0B4E67396AC53
:10EA90007422E7AD3585E2F937E81C75DF6E47F182
:10EAA0001A711D29C5896FB7620EAA18BE1BFC56C4
:10EAB0003E4BC6D279209ADBC0FE78CD5AF41FDDDA
:10EAC000A8338807C731B11210592780EC5F605115
:10EAD0007FA919B54A0D2DE57A9F93C99CEFA0E057
:10EAE0003B4DAE2AF5B0C8EBBB3C83539961172B65
:10EAF000047EBA77D626E169146355210C7D637CC8
:10EB0000777BF26B6FC53001672BFED7AB76CA827D
:10EB1000C97DFA5947F0ADD4A2AF9CA472C0B7FD2D
:10EB20009326363FF7CC34A5E5F171D8311504C7EB
:10EB300023C31896059A071280E2EB27B275098362
:10EB40002C1A1B6E5AA0523BD6B329E32F8453D103
:10EB500000ED20FCB15B6ACBBE394A4C58CFD0EFF8
:10EB6000AAFB434D338545F9027F503C9FA851A332
:10EB7000408F929D38F5BCB6DA2110FFF3D2CD0C50
:10EB800013EC5F974417C4A77E3D645D19736081E1
:10EB90004FDC222A908846EEB814DE5E0BDBE032B2
:10EBA0003A0A4906245CC2D3AC629195E479E7C87D
:10EBB000376D8DD54EA96C56F4EA657AAE08BA78F1
:10EBC000252E1CA6B4C6E8DD741F4BBD8B8A703E93
:10EBD000B5664803F60E613557B986C11D9EE1F84A
:10EBE000981169D98E949B1E87E9CE5528DF8CA198
:10EBF000890DBFE6426841992D0FB054BB164145BF
:10EC0000532D3235362D434243004145532D313982
:10EC1000322D434243004145532D3132382D43427A
:10EC200043004145532D3235362D45434200414581
:10EC3000532D3139322D454342004145532D313258
:10EC4000382D45434200141400001C2030401C2085
:10EC500000001C203040766261747400656E636F42
:10EC60006465725F73773500656E636F6465725FAC
:10EC700073773400656E636F6465725F737733001A
:10EC8000656E636F6465725F73773200656E636F84
:10EC90006465725F737731006D61696E00737973BB
:10ECA000776F726B71002A2A2A20426F6F74696E27
:10ECB00067205A6570687972204F53206275696CBD
:10ECC0006420656333363531363939306434202A6F
:10ECD0002A2A0A00696E66006E616E00286E756CE5
:10ECE0006C290000CCAF0200D0AF0200D4AF02000C
:10ECF000D8AF0200DCAF020000B7020094B90200F6
:10ED000098B902009CB90200A4B9020018BB020025
:10ED10001CBB020024BB0200D8AF020078AE020088
:10ED2000D4AF020078AE02009CB9020070B00200BD
:10ED3000D4AF020070B00200A4B90200FCB6020019
:10ED4000DCAF0200FCB602009CB9020004B702006E
:10ED5000D8AF020008B70200D4AF020008B7020023
:10ED600000B70200A0B90200D0AF020020BB020031
:10ED700000000080FFFFFFFF00000080FFFFFFFF9B
:10ED800000000000092F000000000000000100004A
:10ED90000000000000000000000000000000000073
:10EDA0000000000000000000000000000000000063
:10EDB0000000000000000000000000000000000053
:10EDC0000000000000000000000000000000000043
:10EDD0000000000000000000000000000000000033
:10EDE0000000000000000000000000000000000023
:10EDF0000000000000000000000000000000000013
:10EE00000000000000000000000000000000000002
:10EE100000000000000000000000000000000000F2
:10EE200000000000000000000000000000000000E2
:10EE300000000000000000000000000000000000D2
:10EE400000000000000000000000000000000000C2
:10EE500000000000000000000000000000000000B2
:10EE600000000000000000000000000000000000A2
:10EE700000000000000000003168000000000000F9
:10EE80000000000000000000000000000000000082
:10EE90000000000000000000000000000000000072
:10EEA0000000000000000000000000000000000062
:10EEB0000000000000000000000000000000000052
:10EEC0000000000000000000000000000000000042
:10EED0000000000000000000000000000000000032
:10EEE0000000000000000000000000000000000022
:10EEF0000000000000000000000000000000000012
:10EF00000000000000000000000000000000000001
:10EF100000000000000000000000000048A7020000
:10EF200000000000000000000000000000000000E1
:10EF300000000000000000001F00000000000000B2
:10EF4000FFFFFFFFFF1F00000000000000000000A7
:10EF50000000000000000000551702000000000043
:10EF60000000000000000000F8010020F80100206F
:10EF7000E976020000000000000000000000000030
:10EF8000000000000000000018020020180200200D
:10EF900000000000010000002802002028020020DC
:10EFA00030020020300200200000000001000000BC
:10EFB000400200204002002000000000000000008D
:10EFC0000000000000000000000000000000000041
:10EFD0000000000000000000000000000000000031
:10EFE0000000000000000000000000000000000021
:10EFF0000000000000000000000000009C0800204D
:10F0000007000000000000000000000000000000F9
:10F0100000000000000000000000000000000000F0
:10F0200000000000000000000000000000000000E0
:10F0300000000000000000000000000000000000D0
:10F04000245A00200000000000000000711F000092
:10F0500000000000000000000000000091220000FD
:10F060000000000000000000B409002024A80200F5
:10F070000100240000000000B609002010A80200D2
:10F080000100240001000000B8090020FCA70200D4
:10F090000100240002000000BA090020E8A70200D5
:10F0A0000100240003000000BC090020D4A70200D6
:10F0B00001002400040000005EE3020000000000E4
:10F0C000000000005EE302000000000000000000FD
:10F0D00005000000010000005AE3020006000702DC
:10F0E000120007025AE3020006000702120007029C
:10F0F0005AE3020006000702120007025AE3020068
:10F1000006000702120007025AE302000600070287
:10F11000120007020000000031330200000000006E
:10F12000000000008938000000000000000000001E
:10F13000000000009F3302000000000000000000FB
:10F140000000000000000000633302000000000027
:10F15000CD380000ED350000000000000000000088
:10F160008B33020000000000773302000000000033
:10F17000ADE4020000000000000000004D36000079
:10F180003D39000000000000000000000000000009
:10F19000C733020000000000000000000000000073
:10F1A0005F330200000000000000000019020000B0
:10F1B000DD09002001010000DC090020020400003C
:10F1C000D8090020000000007D3A00000000000087
:10F1D0000000000000000000193A000000000000DC
:10F1E0000000000048E102000000040058E10200B5
:10F1F00000000E0000000000000000000000000001
:10F20000000000000000000000000000CB330200FE
:10F2100000000000000000006CE10200000012008D
:10F2200000000000000000000000000000000000DE
:10F230000000000000000000CB33020000000000CE
:10F240000000000080E10200000012008CE10200DA
:10F250000000020098E1020000000200000000002F
:10F26000113C000000000000000000000000000051
:10F27000C734020000000000000000001B3902003B
:10F28000ACE1020000000200B8E102000000020050
:10F29000C4E10200000002000000000000000000C5
:10F2A000000000000000000000000000000000005E
:10F2B000A93D02000000000000000000E0E10200A3
:10F2C000000012005405002054050020000000003A
:10F2D000000000000E000000DD590000800000006A
:10F2E00000000000AD5C0000000000000000000015
:10F2F000000000009F490200000000000000000024
:10F300000000000029610000000000000000000073
:10F31000000000001978000000000000000000005C
:10F320000000000001770000000000000000000065
:10F3300000000000A58000000000000000000000A8
:10F34000000000001D7C0000000000000000000024
:10F35000E0050020E00500200000000000000000A3
:10F36000B58B000095970000735E0200000000005E
:10F370000000000025900000635C02008F5B02002B
:10F38000A98B000000000000000000000000000049
:10F3900000000000000000000000000095A900002F
:10F3A0000000000000000000CB6902000000000027
:10F3B0000000000000000000FCE10200000002006C
:10F3C00008E2020000000A0018E20200000020002B
:10F3D000000000000000000000000000000000002D
:10F3E000000000000000000000000000FB620200BE
:10F3F000000000002CE202000000020038E20200DF
:10F400000000020044E2020000000A009C06002006
:10F410009C06002000000000000000000E0000001C
:10F42000B0060020B006002079B500000000000002
:10F4300000000000282E0020000000003DEA00002F
:10F4400000000000302E002000000000CDDA000097
:10F4500000000000382E002000000000F97D0100AF
:10F4600000000000402E00200000000039D70000FE
:10F4700000000000C8380020000000006D8A010074
:10F4800000000000E038002000000000F97D0100CD
:10F4900000000000E8380020000000001502010014
:10F4A000000000007439002000000000710C010011
:10F4B000000000007C39002000000000F97D010000
:10F4C000000000008439002000000000090E010047
:10F4D000000000008C39002000000000B519010078
:10F4E00000000000F03A002000000000903B0020E7
:10F4F00000000000703D002000000000D03E002011
:10F500000000000065970100000000009441002009
:10F5100000000000F97A010000000000C041002056
:10F5200000000000F97D010000000000DC45002023
:10F530000000000045C8000000000000D445002085
:10F540000000000045C8000000000000CC4500207D
:10F5500000000000B9C4000000000000C445002005
:10F560000000000045C8000000000000BC4500206D
:10F5700000000000B9C4000000000000B4450020F5
:10F580000000000045C8000030A602000D00000089
:10F590000000000044A602000F000000010000006F
:10F5A00030A602000A0000000200000044A602008B
:10F5B0000E0000000300000030A60200070000005B
:10F5C0000400000044A6020018000000050000002E
:10F5D00030A60200050000000600000044A602005C
:10F5E000140000000700000044A602001100000003
:10F5F0000800000044A602001000000009000000FE
:10F6000044A60200160000000A00000030A6020016
:10F610000E0020000000000030A602000B002000B9
:10F620000100000044A602000B00200002000000C0
:10F6300030A60200030020000300000030A60200F4
:10F64000010020000400000030A602000C00200091
:10F650000500000030A602000200200006000000A5
:10F66000000000000000000000000000000000009A
:10F67000000000000000000000000000000000008A
:10F68000000000000000000000000000000000007A
:10F69000000000000000000000000000000000006A
:10F6A000000000000000000000000000000000005A
:10F6B000000000000000000000000000000000004A
:10F6C000000000000000000000000000000000003A
:10F6D00008000000FF000000000000000300000020
:10F6E000000000002CDC0200BDA2020071570000E7
:10F6F0008D5700005CA70200000000000000000021
:10F7000000000000000000000000000000000000F9
:10F71000000000000000000000000000AC09002014
:10F72000AC09002002000200020002000200FF7F7C
:10F73000FF020000000000000000000000000100C7
:10F74000000000000000000112180F1806C103029B
:10F750000101020101000000030B01501D5E610167
:03F7600000640141
:10F763000000000000000000000000000000000096
:10F773000000000000000000000000000000000086
:10F783000000000000000000000000000000000076
:08F7930000000000000000006E
:10F7A00000000000000000005517020000000000EB
:10F7B0000000000000000000480A0020480A002065
:10F7C000051F000000000000000000000000000015
:10F7D0000000000000000000000000000000000029
:10F7E00055170200000000000000000000000000AB
:10F7F000800A0020800A0020A13B000000000000D9
:10F8000000000000000000000000000000000000F8
:10F81000A00A0020A00A002068A10020000000002B
:10F82000020000002C00000000000000BC0A0020C4
:10F83000BC0A0020E86F0020000000000200000069
:10F84000B000000000000000D80A0020D80A002004
:10F8500014A200200000000020000000140000009E
:10F8600000000000F40A0020F40A0020C0A10020DB
:10F8700000000000030000001C0000000000000069
:10F88000100B0020100B0020000000000000000002
:10F890000E000000240B0020240B002000000000BC
:08F8A000000000000E00000052
:10F8A800380B0020380B00200C000000040000007A
:10F8B800C88F0020F88F0020C88F0020C88F002034
:10F8C800000000005C0B00205C0B00200000000022
:10F8D800680B0020680B00201400000040000000A6
:10F8E800F88F0020F8940020F88F0020F88F00206F
:10F8F800000000008C0B00208C0B00200000000092
:10F90800980B0020980B00200C0000000500000058
:10F91800F894002034950020F8940020F8940020F2
:10F9280000000000BC0B0020BC0B00200000000001
:10F93800C80B0020C80B00200800000014000000BD
:10F9480034950020D495002034950020349500206B
:10F9580000000000EC0B0020EC0B00200000000071
:10F96800F80B0020F80B0020010000000100000047
:10F97800080C0020080C0020100C0020100C00209F
:10F988000100000001000000200C0020200C0020D5
:10F99800280C0020280C002000000000FFFFFFFFBB
:08F9A800380C0020380C00208F
:10F9B0000000000000000000480C0020480C00205F
:10F9C000500C0020500C002000000000000000003F
:10F9D000600C0020600C0020680C0020680C0020E7
:10F9E0000000000000000000780C0020780C0020CF
:10F9F000800C0020800C0020030003001000000099
:10FA00000000000030BD0200949F002000000000B4
:10FA100000000000A40C0020A40C0020AC0C00206E
:10FA2000AC0C00200300030010000000498F000010
:10FA3000D8BD0200F0A0002000000000000000007F
:10FA4000D00C0020D00C0020D80C0020D80C0020B6
:10FA500003000300010000000000000058BC020089
:10FA6000C49B00200000000000000000FC0C0020EF
:10FA7000FC0C0020040D0020040D002002000200F8
:10FA800010000000157B000020BD0200649E0020D5
:10FA90000000000000000000280D0020280D0020BC
:10FAA000300D0020300D0020030003000100000095
:10FAB0000000000010BD0200109E002000000000A9
:10FAC00000000000540D0020540D00205C0D0020AB
:10FAD0005C0D00200D000D00060000005D5F0000C1
:10FAE00048BC0200989900200000000000000000BF
:10FAF000800D0020800D0020880D0020880D002042
:10FB000001000100010000000000000068BC0200CC
:04FB10001C9D002018
:10FB14001201000200000040501D5E610104010258
:10FB2400030109020000000100E0320904000001A1
:10FB340003000000092111010001220000070580D3
:10FB44000310000104030904200343686F72644234
:10FB54006F6172644D7573696300000000000000FA
:10FB640000000000000000000803434243000000BE
:10FB74002203303132333435363738394142434445
:10FB840045460000000000000000000000000000E6
:04FB9400000000006D
:10FB980000000000BF0D00200D400200E15A0000E7
:10FBA800815A000000000000095A0000010000000E
:04FBB80068050020BC
:10FBBC0080A60200A8A60200D0A6020094A602000D
:0CFBCC00BCA60200F8A60200E4A602009D
:04FBD80015E015E03F
:04000003000053B5F1
:00000001FF
