:10C00000D0A10020C51A0100BD0E0300B11A010025
:10C01000B11A0100B11A0100B11A010000000000BC
:10C02000000000000000000000000000D51B01001F
:10C03000B11A010000000000451B0100B11A010007
:10C04000E51D010001420200E51D0100E51D0100A2
:10C05000E51D0100E51D0100E51D0100E51D0100D4
:10C06000E51D0100E51D0100E51D0100E51D0100C4
:10C07000E51D0100E51D0100E51D0100E51D0100B4
:10C08000E51D0100E51D0100E51D0100E51D0100A4
:10C09000E51D0100E51D0100E51D0100E51D010094
:10C0A000E51D0100E51D0100E51D0100E51D010084
:10C0B000E51D0100E51D0100E51D0100E51D010074
:10C0C000E51D0100E51D0100E51D0100E51D010064
:10C0D000E51D0100E51D0100E51D0100E51D010054
:10C0E000E51D0100E51D0100E51D0100E51D010044
:10C0F000E51D0100E51D0100E51D0100E51D010034
:10C1000053B94AB9002908BF00281CBF4FF0FF31BE
:10C110004FF0FF3000F00CB8ADF1080C6DE904CE23
:10C1200000F022F8DDF804E0DDE9022304B07047F6
:10C13000704700BF10F8012B11F8013B012A28BFFE
:10C140009A42F7D0D01A7047034611F8012B03F832
:10C15000012B002AF9D17047034613F8012B002A5E
:10C16000FBD1181A013870472DE9F04786468C46F6
:10C170000846089E154674461946002B40F0C280BA
:10C180008542B2FA82F245D94AB1C2F1200300FADF
:10C1900002FC2EFA03F3954043EA0C0C94404FEA5C
:10C1A000154EA8B2BCFBFEF8230C0EFB18CC08FB06
:10C1B00000F943EA0C43994528D9EB1808F1FF37F9
:10C1C00004D2994502D9A8F102072B44A3EB090335
:10C1D000A4B2B3FBFEFC0EFB1C330CFB00F044EAE4
:10C1E0000344A04214D92C190CF1FF3304D2A0420D
:10C1F00002D9ACF102032C44241A43EA07401EB1D1
:10C20000D440002334607360BDE8F0874746DDE723
:10C210006346F1E792BB431B01214FEA154EAFB2D3
:10C22000B3FBFEFC200C0EFB1C330CFB07F840EAB2
:10C230000343984562D9EB180CF1FF3004D29845BE
:10C2400002D9ACF102002B44A3EB0803A4B2B3FB68
:10C25000FEFC0EFB1C330CFB07F744EA0344A74229
:10C260004ED92C190CF1FF3304D2A74202D9ACF1FC
:10C2700002032C44E41B43EA0040C0E7C2F1200360
:10C2800020FA03F1954090402EFA03F303434FEA5E
:10C29000154EAFB2B1FBFEFC0EFB1C10190C0CFBD3
:10C2A00007F841EA0041884504FA02F422D96918E6
:10C2B0000CF1FF3004D2884502D9ACF102002944C8
:10C2C000A1EB08019BB2B1FBFEFC0EFB1C110CFBA9
:10C2D00007F743EA01439F420ED9EB180CF1FF31F7
:10C2E00004D29F4202D9ACF102012B44DB1B41EA8C
:10C2F000004192E76046E3E76146F7E76046A3E75F
:10C300006346B7E7834206D916B9002108467BE7A2
:10C31000C6E900E0F9E7B3FA83F78FB9834201D3A6
:10C32000724508D8BEEB020460EB030301209C4673
:10C330001EB9002168E73846FAE7C6E9004CF8E77D
:10C34000C7F1200CBB4022FA0CF41C432EFA0CF16E
:10C3500020FA0CF3B84001434FEA14490EFA07F5EE
:10C36000B3FBF9F81FFA84FE09FB18300B0C08FB2D
:10C370000EFA43EA00439A4502FA07F240D9E3185D
:10C3800008F1FF3004D29A4502D9A8F102002344F3
:10C39000A3EB0A0389B2B3FBF9F809FB183308FBD6
:10C3A0000EFE41EA03418E452CD9611808F1FF3396
:10C3B00004D28E4502D9A8F10203214443EA004089
:10C3C000A0FB0298A1EB0E014145CE46434602D3A5
:10C3D00006D14D4504D2B9EB020E68EB04030138D7
:10C3E000002EA6D0B5EB0E0261EB030101FA0CFCA6
:10C3F00022FA07F34CEA0303F940C6E9003198E753
:10C400004046C5E74346D9E7F7B5002101AA40F603
:10C41000034006F0DDFD0446002869D10198C36899
:10C420001B788BB9BFF35B8FB94B1A68BFF35B8F77
:10C4300002F00902BFF35B8F53E8001F43E80024BA
:10C44000002CF9D1BFF35B8F05F030FF01AA00216A
:10C4500041F2030006F0BCFD0446002848D1019AD1
:10C46000AC4DD168D1F80100D1F8051005F1780381
:10C4700003C3104605F01AFF214601AA41F201004C
:10C4800006F0A6FD044698BB0198C3685A7885F863
:10C4900070205A88A5F872201A7985F87120B3F8AF
:10C4A0000720A5F87420B3F80530A5F8763005F01C
:10C4B000FDFE214601AA41F2020006F089FD044674
:10C4C000B0B9019FFA6805F18006531C4132186823
:10C4D0005968344603C4083393422646F7D1384698
:10C4E00005F0E4FE95F87C305B0604D46FF012048E
:10C4F000204603B0F0BD01AA002142F2030006F07D
:10C5000067FD04460028F3D1019B834EDA68D2F818
:10C510000100D2F8051003C6184605F0C7FE2146F3
:10C5200001AA42F2020006F053FD04460028DFD1C2
:10C53000019CE368B3F8012091B249B1D97839B1CF
:10C54000A5F80421DA78114606F128002AF028F926
:10C55000204605F0ABFE95F87C601F2316F0200600
:10C56000A5F8203118D1022140F66D4006F09AFB63
:10C570000446002800F0C48002210C3024F04EFD57
:10C580000123037046702146324640F66D4006F0A6
:10C590001FFD04460028ABD195F89C301F0712D52B
:10C5A00001AA002142F21C0006F012FD04460028F8
:10C5B0009ED10198C368D3F80120D3F80530C5E9AE
:10C5C000382305F073FE95F8D8309E0624D50DF17A
:10C5D0000201684625F091F90446002888D104211B
:10C5E00042F2240006F05EFB0646002800F0888038
:10C5F00004210C3024F012FDBDF800300380BDF89A
:10C60000023043802246314642F2240006F0E0FC2C
:10C61000044600287FF46CAF95F8D8305C0610D53E
:10C6200001AA002142F22A0006F0D2FC04460028AA
:10C630007FF45EAF0198C3685B7885F8223105F01E
:10C6400035FE082142F2010006F02CFB04460028CA
:10C6500056D008210C3024F0E1FC95F8D81011F0E8
:10C66000400F024640F2022308BF032388074CBF55
:10C6700043F02C0043F00C0095F8D9308F0648BFEA
:10C6800040F0400013F0090F18BF40F40060CE07DF
:10C6900048BF40F01000002124F021FF2146002275
:10C6A00042F2010006F094FC044600287FF420AF1B
:10C6B00095F87C30B5F80411980624D4C9B901AABC
:10C6C00041F2050006F084FC044600287FF410AF18
:10C6D000B5F80431019C4BB9E368B3F80120A5F823
:10C6E00004219A880D4811462AF05AF8204605F090
:10C6F000DDFD082140F6014006F0D4FA044678B981
:10C700006FF06804F4E60029F3D16FF00404EFE65B
:10C7100014010020400000201801002048010020E2
:10C7200008210C3024F07AFC95F8D830D90702465D
:10C7300053BF4FF000512CA1D1E90001284824F04B
:10C74000CEFE2146002240F6014006F041FC0446A0
:10C7500000287FF4CDAE014601AA4FF6014006F055
:10C7600037FC044620BB019805F0A0FD214601AA34
:10C770004FF6024006F02CFC0446C8B90198C36885
:10C78000B3F80130A5F8C13005F090FD95F8C1303F
:10C790005B070DD501AA21464FF6034006F018FCB1
:10C7A00030B90198C3685B7885F8C03005F07EFD2C
:10C7B00025F07AFA044600287FF49AAE08F0F2FCDD
:10C7C000044600287FF494AEEB79002B3FF490AE42
:10C7D0000821044824F0E5FD06F04AFB88E600BF86
:10C7E00010880002140100209088000200800020C0
:10C7F0002DE9F843D0E90738856903EB08042F34A5
:10C80000A5420F46164619D8DFF87080A3FB080131
:10C8100017A3D3E90023FFF773FC0346601BA0FBBB
:10C82000080123F07F4412A3D3E90023FFF768FC3B
:10C8300020F07F403C603060BDE8F883DFF83C903A
:10C840000BA3D3E90023A5FB0901FFF759FC20F056
:10C850007F4409480A2106A3D3E90023E8FB090124
:10C86000FFF74EFC20F07F403C603060BDE8F8836D
:10C870008D49FD1A0700000000166BF100CA9A3BB3
:10C880009FED097B0E4B0F4A0F4983ED007B9FED17
:10C89000087B82ED007B9FED087B0C4B002281ED35
:10C8A000007B1A600EF04EBFFFFFFFFFFF1F00006E
:10C8B00000000000000000001F0000000000000059
:10C8C000D001002030230020C80100206C4C002043
:10C8D000002800F05F812DE9F04FB54C94F86A20F4
:10C8E00012F001058DB040F0A68194F82500FF23D9
:10C8F00000F0030084F8263017F05CF894F86A0022
:10C90000420727D494F8292094F8353004EB8202AA
:10C9100004EB8303D66AD3F8388086B1A448314645
:10C9200010F0EAFC33785B0605D506210BF098FE83
:10C93000002800F082819E48414610F0DDFC3378EB
:10C9400013F00E0F40F0B780236A93B10C200DB0A6
:10C95000BDE8F08F2A4604F16B01C0F3C00017F068
:10C96000A1F9FF2884F82600CCD0284617F03CF81F
:10C97000C8E70EF0B9F98146002800F06C810EF08E
:10C98000BFF98246002800F0638110F0BDFF054624
:10C99000002800F06281D0F894004FF6FF732B86D8
:10C9A00005F11C0B002800F04E8105F1840105F112
:10C9B00088020BF061FEB5F882307E4A23F4EF6303
:10C9C00023F0070343F48C7343F00103A5F882308E
:10C9D0001346D2F80120C5F8AB21C5F8B12113F8F0
:10C9E000012B9B88A5F8AF31A5F8B53195F8AA3190
:10C9F00002F0010262F3000362F3410385F8AA31F9
:10CA000095F8433003F03F0363F07F0385F843302C
:10CA100095F89A3023F0070385F89A3095F8483056
:10CA200023F00F03002785F848304FF4C023C5F8E2
:10CA300098312846C5E91577C5F89470A5F898701F
:10CA400085F84570EF86C5F83A70EF65A5F89E71D8
:10CA5000A5F8947113F042F985F86071C5F86491F6
:10CA600011F03EFA95F8A43160F3020385F8A43181
:10CA700011F03CFA95F8A43160F3C50385F8A431B0
:10CA800095F8903167F3410385F8903101212846EC
:10CA900011F086FE05F1E00012F0F8FEC4E9189AE4
:10CAA000C4F820B0C5E905772F70ED6118F0DCF906
:10CAB000002840F0C48094F824300121C3F34203DD
:10CAC0000DF12B008DF82B300BF074FF024600287F
:10CAD00062D098F80110304610F0C8F93123364979
:10CAE000A360364BB4F86870A0FB01010025C018A4
:10CAF00041F107012CA3D3E90023C4E905552570B2
:10CB00006560E560FFF7FCFA20610DF013FA00F1B3
:10CB100009083FB9357805F00F05A5F10105B5FA0B
:10CB200085F56D0994F82400236965F3000010F081
:10CB3000010584F824004BD0214A0992002010609E
:10CB40000225204A204F04930BAE01930592032146
:10CB5000CDE90200069443460090089607972A46BE
:10CB60000B950DF0E9F831460EF080F9A0B91749A0
:10CB700005914AF2D8330093CDE90300CDE90100D5
:10CB80000797089606944346012203210B950DF062
:10CB9000B7F843E010F0BAB8236A002B3FF4D6AEE2
:10CBA00010F070F8D2E600BF8D49FD1A07000000B2
:10CBB000A44C0020C7B7030000CA9A3B8C49FD1A59
:10CBC000984C0020E9CE010099A00100CDC90100D8
:10CBD000274A2848049303F24713069402959121AB
:10CBE0001360A7FB000301FB0731234B0793234B83
:10CBF00005934FF6FF730992022703930BAE1AA316
:10CC0000D3E900230B970896FFF77AFA4346CDE95C
:10CC100000503A46284603210DF08EF831460EF0BA
:10CC200025F90028B8D194F86A300120034384F82C
:10CC30006A3016F0A1FE002089E6122087E610F087
:10CC400021F8032083E605F18C00C5F89400ACE6DA
:10CC500048460EF04FF8072079E650460EF056F899
:10CC600048460EF047F8F6E78D49FD1A0700000028
:10CC7000984C0020002AE78499A00100E9CE010029
:10CC800070B590F824308AB0C3F342030D460446D1
:10CC900001210DF1230016468DF823300BF08AFE9A
:10CCA00071780246284610F0E1F81F491F4AA0FBA0
:10CCB0000131981841F1070119A3D3E90023FFF7C7
:10CCC0001FFA23699842054621D21B1A00220192BD
:10CCD000174A0293174BA21AA3FB023202219209B0
:10CCE00000230A4409AE099113490591CDE90333A4
:10CCF0000321D2B20696009318460DF07DF8314616
:10CD00000EF0B4F838B9256100200AB070BDFBD927
:10CD1000C21A0023DBE70C200AB070BDAFF300801D
:10CD20008D49FD1A0700000000CA9A3B8C49FD1A84
:10CD3000A44C00208988888899A001000000000088
:10CD40002DE9F04F06468DB08A4601200221994612
:10CD500015461AF027F800220B90022101200BF053
:10CD6000DBFC3B494FF4DC7230460BF065FCC71C22
:10CD7000384B0093FFB201964B463A460121002002
:10CD80000DF094F810F0FD0F0ED0334A33493448BB
:10CD900040F68F0323F06DF9002383F31188BFF36E
:10CDA0006F8F0323184602DF2E4CA5FB044526A3F4
:10CDB000D3E9002320462946FFF7A2F908960696F4
:10CDC00033690493284B20F07F48A8FB0331E01A15
:10CDD000264B07934FF00702254B059302FB0811E2
:10CDE0004FF6FE7365EB010103934FF47A72002353
:10CDF000FFF786F94FF0000BCDE90180CDF800A0D8
:10CE00004B463A46012158460CF07AFF10F0FD0FD0
:10CE10000DD0114A1149124840F6A40323F029F914
:10CE20008BF31188BFF36F8F0323184602DF0B9B30
:10CE300013B90DB0BDE8F08F0122022110460DB0EC
:10CE4000BDE8F04F0BF068BC8D49FD1A07000000EB
:10CE500038230020A9D8010028970300EC9703008D
:10CE60000892030000CA9A3B8D49FD1A49D8010077
:10CE7000612E0200000000002DE9F0418468228E3E
:10CE80004FF6FF739A428CB045D00546204613F00A
:10CE9000C3F92B7D012B00F02281022B00F01581BC
:10CEA000002B00F0F48094F86061002E40F01081B7
:10CEB0002B8A678F94F94320CDE90A6673B3002A61
:10CEC000C0F25A810023A4F89A31AA7C238FFD185E
:10CED00002F003030135012BADB23BD0B4F89E3113
:10CEE000002B00F005819D4280F059815B1B9BB2B5
:10CEF0000022062BA4F89E31628740F2F68094F956
:10CF000043309342C0F25081002326E09DF8271061
:10CF1000204611F009F90CB0BDE8F081002AB8BF35
:10CF200084F88561238FAA7CFD1802F00303013584
:10CF3000012BADB20ED0B4F89A31002BCED0AB425B
:10CF400040F23C815B1BA4F89A31B4F89E31002B6F
:10CF5000C9D102E00023A4F89E3194F8482063F37D
:10CF6000820284F8482029460DF12702204612F05B
:10CF7000F1FE7430CAD0B4F898312BB1AB4240F214
:10CF8000EC805B1BA4F89831B4F894312BB1AB4220
:10CF900040F2DA805B1BA4F89431658F16B9AF427A
:10CFA00000F0C9800135ADB294F8DD3013F001070F
:10CFB00031D1DDE90A130A46002B40F0CC8000296C
:10CFC00000F0BB801F461846228EE4690694CDE926
:10CFD000035603329A4D0290CDE90017D2B20121D7
:10CFE000002005950CF008FF10F0FD0F93D00DF018
:10CFF00067FF84428FD0934A934994484FF4AE63BD
:10D0000023F037F8002383F31188BFF36F8F0323D6
:10D01000184602DF7FE794F943206FF30003002AEC
:10D0200084F8DD307FDB94F88200C0F3C00100F0AB
:10D03000070017F031FDB4F87A20B4F878301344C3
:10D04000628D03F23F1313440344814A8148072150
:10D05000E3FB0021104678A3D3E90023FFF750F843
:10D06000DDE90A1320F07F4220692261904235BF3A
:10D07000171A801A002000270A46002BA4D157EA6D
:10D08000010CA1D1002858D019461F469CE794F8FE
:10D090009A3003F01803182B7FF405AFA18EB4F873
:10D0A00096218B1D9A42C4BF931F5B1AB4F892114C
:10D0B000CCBF9BB21346994200F09C80A4F89231F9
:10D0C000A4F89431A4F89821EDE63D2684F8606137
:10D0D000314620460CB0BDE8F04111F025B80023E0
:10D0E000A4F89831A4F89431DDE60126334634E7FC
:10D0F000628E052A97BF013240F2E2434FF4FA7381
:10D1000092B203FB02F2B4F89C3142F2107101FBBF
:10D110000323013BB3FBF2F39BB2A4F89E31002B37
:10D120007FF4E1AE19E794F88300012100F00700D5
:10D1300017F0B4FC7FE7354636E7002D43D00027D3
:10D14000114638463B463FE70023A4F89431204679
:10D1500012F0A2FE21E7384636E70DF019FE01462F
:10D16000A0B30023A4F89831238EC3801B2303713E
:10D1700000680DF0DDFD07E794F885316BB3013BE6
:10D1800084F8853104F1E008404612F0C1FBB8B3E1
:10D19000404612F0BDFBB8B30023638792E6082136
:10D1A000204610F0C1FFB6E6A7B9D4F888315A0876
:10D1B00013F0010336D1C4F88821A5E63E212046AC
:10D1C00010F0B2FFA7E6002EB9D1A4E60123A4F81F
:10D1D0009831D9E613460126BFE60AAA0BA92846CC
:10D1E000FFF706FBDDE90A231343CBD0237884F84D
:10D1F0008531C7E7B4F8981100297FF454AE5FE792
:10D20000FF2010F04DFFC3E70246D4E921010BF0E7
:10D210004BFA0028C0D194F848301B0744BFA38EB6
:10D2200063874FE642F000421E46C4F888213B4621
:10D2300093E600BFAFF300808D49FD1A07000000A0
:10D2400005D801002897030068980300089203009E
:10D250008C49FD1A00CA9A3B2DE9F04F87B0CDE901
:10D260000423BDF8442003780292BDF84820BDF89D
:10D2700040A0BDF84C90878F019104460392002B8B
:10D2800000F0D480013FBFB2A368D4F81CB1A7EB73
:10D29000090292B2002B00920ADAE168626823F078
:10D2A000004391422CBF8B449344A360ABEB030B30
:10D2B00094F88200C0F3C00100F0070017F0ECFB07
:10D2C000658E052D40F2AA80009B15FB03F5ADB2DB
:10D2D00040F2E248BAF1050F40F29480B4F87A20A7
:10D2E000B4F87830134403F2D51303447A4A7B48E8
:10D2F0000721E3FB00214FF09613A362962310460B
:10D30000A38573A3D3E90023FEF7FAFE564620F067
:10D310007F4040F2E24308FB05F103FB06F6B1FB58
:10D32000F6F81FFA88F5206106FB05F08142A84651
:10D330005AD2401A694966A3D3E90023A0FB010130
:10D34000FEF7DEFE20F07F408344E38EB4F8242114
:10D350001344994494F84330A9EB0709C844DB0906
:10D36000A4F8368069D15E4A5E495F4840F667138B
:10D3700022F07FFE002585F31188BFF36F8F032312
:10D38000184602DF3746029BA386039BA4F89C3114
:10D3900031462046A4F832A012F018FD534BA18E5E
:10D3A0003344881DB3FBF6F39AB29042A4F8962159
:10D3B00004D2C1F57F41FA310A4492B2019BA4F82C
:10D3C000922113B10023A4F89E315B463A462946C8
:10D3D0002046FFF7B5FC94F8903143F0010384F840
:10D3E000903107B0BDE8F08F091A3C4838A3D3E963
:10D3F0000023A1FB0001FEF783FE20F07F40ABEB92
:10D40000000BA2E74FF096130AF10106A3629623E0
:10D41000A385B6B20A204FF4FA737CE7009B01356E
:10D4200015FB03F5ADB24FF4FA7853E7C38E1F44F2
:10D43000B0F824311F44BFB226E7E26C0099636D57
:10D4400002FB1133636517F05FFD074694F8840112
:10D45000C0F3420017F05AFD074406FB07F7244BC0
:10D4600007F5742707F23F27A3FB0737BF0C636D4F
:10D47000E76405FB07F072080344963A934228BF1D
:10D480001346C4E91423049B144D40F2E24808FB00
:10D4900003F3E3650023A0FB0501C4F88C310CA362
:10D4A000D3E90023FEF72CFE124B059AABEB000BE1
:10D4B000A3FB0230800A08FB00F0A0FB050104A3D7
:10D4C000D3E90023FEF71CFEF71B20F07F455AE747
:10D4D0008D49FD1A070000008C49FD1A00CA9A3BCD
:10D4E00028970300E0920300089203007FC3C9015C
:10D4F00083DE1B435917B7D12DE9F04F04460B6863
:10D50000077F1668D3F800A0638CD0F81E0095B092
:10D5100015464A7CADF84C30FF2AC7F38013884685
:10D520000D9212908DF83F3076D199461A4612AB83
:10D5300093E803000DF1400B1090ADF84410F8098A
:10D540000AF1710127680A915B460C900B9710F065
:10D55000D3FC0A99002847D196F8AA310C9A0A9070
:10D5600069F3410362F3000386F8AA311098BBF80F
:10D570000430C6F8B101A6F8B531DAF87130C6F852
:10D58000AB318B88A6F8AF31E38D94F83010A972D7
:10D590002B81D4F82A306B60D4F83A30C5F82230A9
:10D5A00005F1220094F83E30037105210BF002FAD8
:10D5B00095F8273000F03F0060F3050385F8273029
:10D5C00094F83F30C3F3040185F82810A18EE98256
:10D5D000012803F01F0389B206D91B3303F01F0390
:10D5E0000B2B01D80A9A59BB0022CAF8142095F8CF
:10D5F0002C300B9862F3000385F82C30E568012687
:10D60000214626710DF088FB28682E7129460DF001
:10D610008FFB15B0BDE8F08F0DF1400B10460DF1FA
:10D620003F015A4615F02AFF9DF83F90277F09F1E8
:10D6300002095FFA89F98DF83F9009F001027EE74F
:10D64000D8F800305A60E38E2B83EB8A40F2E2492F
:10D6500009FB03F71146638E0A93304612F0CAFBAA
:10D6600094F83F3096F884215B0963F3430286F80F
:10D67000842117F049FC0C9096F88401C0F3420015
:10D6800017F044FC0C9BC04A034407FB03F303F56B
:10D69000742303F23F23A2FB03239B0C2B637B0821
:10D6A000963B6B6394F8313009FB03F36B64238F73
:10D6B000A6F89C313946304612F088FBB34BB44A89
:10D6C000C6F8A0213B44B3FBF7F39AB2A6F8962123
:10D6D000298B881D824204DDC1F57F41FA310A445D
:10D6E00092B2A6F892216B68C6F88831234613F8E7
:10D6F0001C2FC2F34019DA0700F103814FF4807345
:10D70000A3839AF8260016F0E1FB04F12B0300280E
:10D7100000F0F380626AC4F82B20228D9A800D9B62
:10D72000FF2B00F02681BDF84C301298A4F8293068
:10D73000C4F82500BBF80430A4F8233010989DF8F5
:10D740003F30C4F81F00A377EB8A63862B8BA38638
:10D75000B6F89C31E38696F88431C3F3420384F82B
:10D760003830304610F0DCF8A882E08021460B9873
:10D77000D8F804400DF0D0FAAB8AE3801C23D4F82B
:10D7800000B02371B9F1000F40F0D28084F81C90F2
:10D79000214658460DF0CCFA95F86700B5F85C9034
:10D7A000B5F85E40012100F0070017F077F94C440E
:10D7B00004F2D514DFF8E4910444834675484FF031
:10D7C00096130721C5E90333E4FB09013123002443
:10D7D000B36074606AA3D3E90023F460FEF790FCA1
:10D7E00020F07F4030612D6B0A9A7D1BD8F80C70B9
:10D7F00040F2E24303FB02770221224601200AF0B5
:10D800008BFF50460FF034FD07F2B3470246A7EBFB
:10D810000B07A7FB0901174659A3D3E90023FEF71D
:10D820006FFCCDF804A0D8F808305B49009120F0D7
:10D830007F49BA1C3A3BD2B24B44012120460CF03E
:10D8400035FB012800F081809AF82430DB0767D48B
:10D85000304610F065F8514BA5FB035A044648A327
:10D86000D3E9002328465146FEF74AFCD8F8083091
:10D870004B4A0792A3F13A084A4B069620F07F479D
:10D88000A7FB0331E81A484B05934FF4F57308934F
:10D8900033694FF0000BCDE903B34FF0070303FBEF
:10D8A00007116AEB01014FF47A720023FEF728FC9E
:10D8B0000334E4B2CDE90170CDF80090434622462E
:10D8C000012158460CF01CFA10F0FD0F0DD0374A1C
:10D8D0003749384840F2EB1322F0CBFB8BF3118829
:10D8E000BFF36F8F0323184602DF01220221104687
:10D8F0000AF012FF15B0BDE8F08FC4F82B00988035
:10D900000DE72A4A2C492B48FD2322F0B2FB0023C5
:10D9100083F31188BFF36F8F0323184602DFEDE610
:10D92000002301220093184611460CF07DFA8FE780
:10D9300095F8273043F0400385F82730281D15F06F
:10D94000A7FB4FF00109288520E70DF0B9FA8245C1
:10D950003FF47AAF154A1949164840F2922322F053
:10D9600088FB84F31188BFF36F8F0323184602DF0F
:10D970006AE70022C4F82520A4F82920DAE600BFCF
:10D980008D49FD1A0700000083DE1B437FC3C901D8
:10D99000404B4C008C49FD1A212E020000CA9A3BD4
:10D9A000ED2D02008D49FD1A612E0200489D0300F5
:10D9B000EC97030008920300FC940300A49D03006D
:10D9C00010B5334C3349002304F1FF3C14F83320E5
:10D9D000072A02EB820E05D811F83E206FF345129C
:10D9E00001F83E201CF833206FF300020CF83320BE
:10D9F0000133082BEAD1284A284C002313700A78F7
:10DA000063F300020A7091F8282063F3000281F8A2
:10DA1000282091F8502063F3000281F8502091F8FB
:10DA2000782063F3000281F8782091F8A02063F356
:10DA3000000281F8A02091F8C82063F3000281F869
:10DA4000C82091F8F02063F3000281F8F02091F8EB
:10DA5000182163F3000281F81821114A9FED0A7B17
:10DA60001370104B83ED007B0F4B236028B1BDE892
:10DA700010400E490E4828F072BFBDE810400C4817
:10DA800028F07BBFAFF30080FFFFFFFFFFFFFFFF2A
:10DA900039580020F8560020B7730020085600209F
:10DAA000B6730020002C0020A0BB0D00DD3B02005F
:10DAB000D02B0020000000002DE9F04F8FB00DF1B9
:10DAC00037010446DFF8E0A0DFF8E0800DF1360012
:10DAD0000DF0A4F99DF836309DF837B00B930CF09B
:10DAE00029FADAF80060A6FB085629A3D3E9002337
:10DAF0000027814631462846FEF702FBCDE907772D
:10DB0000069420F07F44DAF80400234B0593A0FB31
:10DB100008011FA3D3E90023FEF7F2FA1F4B20F000
:10DB20007F40A4FB0331072202FB0411CDE90370FF
:10DB3000E81A66EB01014FF47A720023FEF7E0FA6F
:10DB40000097CDE901404B460B985A4603210CF053
:10DB5000D7F810F0FD0404D06FF08B000FB0BDE8D3
:10DB6000F08F0F480F4A00231FF0EEF920B9DAF8C2
:10DB70000C000FB0BDE8F08F9DF837209DF83600FF
:10DB80000094234603210CF04FF96FF07300E5E792
:10DB90008D49FD1A07000000894102008D49FD1AD8
:10DBA000AC580020447B0B00C458002000CA9A3BAC
:10DBB00038B50F4D04460CF0BDF9A9680CF0BCF95E
:10DBC000696803460B48B3FBF4F4A1FB00011C4455
:10DBD00005A3D3E90023FEF793FA20F07F408442A7
:10DBE00094BF0020012038BD8D49FD1A07000000B8
:10DBF000C458002000CA9A3BF0B5C468636883B07B
:10DC00000546002B64D118F04DFC082018F070FC7C
:10DC10000021084618F05EFC00222521082018F09B
:10DC20009BFC474B019301A818F082FC454940F248
:10DC30005B6018F033FD237AC3F3420262F30613EC
:10DC40002046237217F07EFB16F01CFA58BB637A4D
:10DC50009B071FD127682E68384616F0B9FE064488
:10DC60006A6806F10901012018F060FE18F01EFF35
:10DC700020460FF009FB811C3246C9B2384616F027
:10DC8000B5FE054678BB204616F04AFE88B900204E
:10DC900003B0F0BD012015F063FE4178821C0078CE
:10DCA00018F0E4FDD6E7607A10F0030018BF0120F9
:10DCB000F1E7254A2549264840F2294322F0D9F9BF
:10DCC00085F31188BFF36F8F0323184602DFDEE769
:10DCD00093F82C309A0796D01E48214618F0A0FBE6
:10DCE00018F086FCD3E7184A1B49194840F2114343
:10DCF00022F0BFF9194B0721A5FB030301FB0531F6
:10DD00000DA3D3E90023FEF7FBF915490246154898
:10DD100022F0AFF9002585F31188BFF36F8F03233D
:10DD2000184602DF1048214618F07AFB18F060FC14
:10DD30006FF08B00ACE700BF00CA9A3B0000000008
:10DD4000D6BE898E55555500A0A10300DC93030073
:10DD5000089203007D4B0200E09203008D49FD1AFA
:10DD600050A2030024A20300194F0200000000008B
:10DD70002DE9F041C468A28A4FF6FF739A4282B03F
:10DD800000F0DF80054617F021FE2B89628B208C86
:10DD9000A3831A4492B2104494F82730E28380B2ED
:10DDA000411C21845E064FF00001618304F12201D1
:10DDB00000F1A18003F03F000B4694F8281000907A
:10DDC00004F1290015F01CF90646D4E90C31A28BA8
:10DDD00002FB0333A26B1344E26B8B4294BFD21855
:10DDE00052188A4228BF0A46E263616C226C94F89A
:10DDF00067301144616494F87E2094F82C10C3F3CA
:10DE0000020363F3061112F004024FF0000384F8DA
:10DE10002C10A363236478D018F044FB082018F07A
:10DE200067FB201D18F084FB2389A17A40F25B6018
:10DE300043EA014118F032FC304616F0E9FD214674
:10DE4000594818F0EDFAA08918F064FD94F866209E
:10DE500094F86700C2F3C003002102F0070200F04B
:10DE6000070018F081FC204617F05AFE27682E683C
:10DE7000384616F0ADFD06446A6806F10901002037
:10DE800018F054FD804618F0E5FD002018F0FCFD68
:10DE9000E36B94F8670003F12F02636C00F0070056
:10DEA000012103EB420518F095FB4544054494F825
:10DEB000670000F00700022825D004280CBF4FF4AB
:10DEC000BC73282301211D4418F086FB284418F058
:10DED000B3FDA18A03313246C9B2384616F086FD39
:10DEE0000546002834D1204616F01AFDD0B900208E
:10DEF00002B0BDE8F0810A4603F03F03218D15F022
:10DF0000CBF8064661E71823DCE7D4E91A010AF0EA
:10DF1000CBFB002880D194F87E3043F0040384F8D2
:10DF20007E3079E7214A224922484FF4B07322F02B
:10DF3000A0F885F31188BFF36F8F0323184602DF23
:10DF4000D5E71D48214618F06BFA18F051FBCEE7D3
:10DF5000164A1A4917484FF4AB7322F08AF8184B47
:10DF60000721A5FB030301FB05310DA3D3E9002322
:10DF7000FEF7C6F813490246134822F07AF8002546
:10DF800085F31188BFF36F8F0323184602DF0F4814
:10DF9000214618F045FA18F02BFB6FF08B00A7E72D
:10DFA00000CA9A3B00000000995D0200DCA2030059
:10DFB000DC930300089203007D4B0200E092030013
:10DFC0008D49FD1A30A3030024A20300594B02001F
:10DFD0007FB51F4C1F4BC4F80833C4F848331E4BA1
:10DFE00000254FF0FF304FF0FF31C4F80855C3E96A
:10DFF00002014FF48033C4F80433184B02264FF467
:10E0000000320121C4F804631120C3F880212A469C
:10E0100003F022FE112003F0EFFD114A0123A3605B
:10E02000236013600F4B0093CDE9015506A3D3E99C
:10E03000002328461BF058FC30461AF009FE2846FB
:10E0400004B070BDAFF300809DF57F0000000000BC
:10E050000010014003000F00F02C002000E100E060
:10E0600034690020F5970200014826F0DABA00BFB3
:10E07000B8780300012B07B50FD112780848012AA0
:10E0800014BF002257228DF8072000210DF107024E
:10E0900026F03AFA03B05DF804FB6FF08500F9E76B
:10E0A000B8780300012B13B5144611D10A480DF1BD
:10E0B0000702002126F04DFA002807DB9DF8073003
:10E0C000A3F15702534253412370002002B010BD08
:10E0D0006FF08500FAE700BFB878030001481FF031
:10E0E0000DB900BF2802002007B528F0C5FD4FF488
:10E0F0007A72A0FB020302FB0131C00B074A40EA1F
:10E100004140106000234FF400420548CDE9002350
:10E110001FF0AEFF002003B05DF804FB703000205C
:10E12000D0090020014B187800F024BA7872002042
:10E13000044B1A78824202D01870FFF7F3BF002018
:10E14000704700BF7872002008B528F095FD4FF4A5
:10E150007A72A0FB020302FB0131084AC30B12686A
:10E1600043EA41439B1A47F23052934204DDBDE833
:10E1700008400120FFF7DCBF08BD00BF7030002061
:10E1800008B528F079FD4FF47A72A0FB020302FB78
:10E190000131C00B044A40EA41401060BDE808402C
:10E1A0000020FFF7C5BF00BF70300020014B18787A
:10E1B000704700BF78720020F8B5044610B90025FA
:10E1C0002846F8BD0378002BF9D00F4E0F4FBE4202
:10E1D0000FD30D4EBE42F2D2306828F0EEF830B1C7
:10E1E000356821462868FDF7A5FF0028E8D00436E9
:10E1F000F0E7306828F0E1F818B135682B68A342E1
:10E20000DED00436E3E700BFA4CC0300C0CC03009B
:10E2100070B5194C194D8CB00022002303A920467B
:10E220001EF0FCFC08B10CB070BD2B68059E586850
:10E23000DDE9031221F003FA0028EDDBFF238DF85E
:10E240001830B6FA86F35B0907908DF8203028F075
:10E2500013FD4FF47A72A0FB020302FB0131C00BE5
:10E2600040EA4140C90B8DE8030006ABCDE90A0145
:10E270000FCB00F099F9CFE7D80A00205C310020DD
:10E280001FB50A4C2468A46884420DD183F00103B1
:10E29000CDE90112039306480022002301A91EF0D4
:10E2A0005FFC04481FF02AF804B010BD5C31002068
:10E2B000D80A00204C3100201FB50023CDE90233DD
:10E2C000044B8DF80C0001A8019321F0F1F905B081
:10E2D0005DF804FB8C810300014B0360362070471E
:10E2E0007430002038B5044628B3144D2B6883429F
:10E2F0001FD02BB1986818B183685B6803B1984749
:10E300000F49104B8C4214BFED2100213622002012
:10E3100021F0AFF900280DDBA0682C6048B18368BC
:10E3200009491B6898472B68986883689B6803B104
:10E330009847002038BD6FF01200FBE75C310020E9
:10E34000788103007430002081E2000038B5054672
:10E3500048B90648FFF7C6FF041E02DB2846FFF750
:10E36000ABFF204638BD6FF01504FAE77881030053
:10E37000F7B50C4615460D4901AA1E4622F05AFC77
:10E3800068B1019B6BB9012C0DD1094F224639466A
:10E390003046A847002802DD3878FFF7D7FF03B0E2
:10E3A000F0BD0020FBE76FF01500F8E71FB4030095
:10E3B000680900200148FFF795BF00BF788103007E
:10E3C00008B50749074828F06EFA074A002342F8C3
:10E3D000043B0133362BFAD1BDE80840FFF7EABF12
:10E3E00011E200004C3100207430002030B51D4C8B
:10E3F00004EB00148FB0606883684021DB689847A5
:10E4000068BB04AD049068606189606883682A46CF
:10E410001B69984718BB95E803000123069307ABD7
:10E4200083E803006389ADF8243028F025FC4FF41D
:10E430007A75A0FB053205FB0121DB0B43EA414362
:10E44000C90BCDE90A31237B8DF830300EAB13E9CF
:10E450000F008DE80F0006AB0FCB00F0CBF80FB02C
:10E4600030BD00BF48020020F8B50D4D0024012644
:10E4700006FA04F3D943BFF35B8F55E8002F02EA95
:10E48000010045E80007002FF7D1BFF35B8F13426F
:10E4900002D02046FFF7AAFF0134052CE8D1F8BDD1
:10E4A00060310020064901EB0012506830B18368EA
:10E4B0009B68114608310BB1024A1847704700BFEC
:10E4C00048020020C9E4000010B5104C0C1B402C81
:10E4D0001BD8241128F0A1FA90B1BFF35B8F012360
:10E4E0000B4AA34052E8000F184342E800010029FC
:10E4F000F8D1BFF35B8F0748BDE810401EF0FEBEA9
:10E500002046BDE81040FFF771BF10BD500200204B
:10E51000603100203802002005289ABF024B03EB2F
:10E5200040000020704700BF5C090020F8B50F4D87
:10E530000F4E761B07460C4605EBC105C6F3C70612
:10E54000A64201DC00200CE02A683B689A4209D10F
:10E550003C716B6838461B68984718B1431E012B05
:10E56000F0D9F8BD01340835EAE700BF70BE0300FA
:10E57000C0BE03001FB50023CDE90233044B8DF864
:10E580000C0001A8019321F093F805B05DF804FB9D
:10E59000908103000268034B9A420CBF08300020B0
:10E5A000704700BF9081030084B030B589B00CACD7
:10E5B00084E80F00002301930CAD084B00930FCDAE
:10E5C00002AC0FC495E8030084E80300684621F01C
:10E5D0006FF809B0BDE8304004B070479481030083
:10E5E0000268034B9A420CBF08300020704700BFFE
:10E5F0009481030084B030B58BB00EAC84E80F007A
:10E60000002301930EAD084B00930FCD02AC0FC455
:10E6100095E80F0084E80F00684621F049F80BB038
:10E62000BDE8304004B07047988103000268034B96
:10E630009A420CBF08300020704700BF9881030049
:10E640001FB50023CDE90233044B8DF80C0001A85F
:10E65000019321F02DF805B05DF804FB9C810300C7
:10E6600082B038B504A981E80C00054611481EF0B7
:10E67000C9F80446A0B16B68012B0CD0022B05D061
:10E68000A3B9BDE8384002B021F044B821F049F800
:10E6900000282046F5DCBDE8384002B021F033B850
:10E6A0006FF00400BDE8384002B070476FF085009D
:10E6B000F8E700BFE5B4030082B010B502A981E815
:10E6C0000C0004460B481EF09DF878B16368022BDD
:10E6D00004D00020BDE8104002B0704721F021F8BE
:10E6E0000028CCBF002001206060F2E76FF004003A
:10E6F000F0E700BFE5B403000D4A52F820300133C3
:10E7000042F820300B4A0123117883400B430A4919
:10E710000978DBB2137023EA01030849084A097833
:10E7200050780B43181A537018BF0120704700BF70
:10E73000643100207B720020797200207A72002000
:10E740007609002010B5114A52F82030002B19DD4F
:10E75000013B42F820300E4A2BB913780121814049
:10E7600023EA010313700B480B4B047810780B4A13
:10E770005978127820EA040010435870401A18BFE4
:10E78000012010BD6FF01500FBE700BF64310020D1
:10E790007B72002079720020760900207A720020B6
:10E7A000044A012312788340D8B213401B1A5842FE
:10E7B000584170477B72002010B5084B084A18700A
:10E7C000084B51781C78084B1B7823EA0403184344
:10E7D0005070401A18BF012010BD00BF7A7200208F
:10E7E00076090020797200207B720020074B0022FE
:10E7F0001A70074B074A1978074B50781B7823EAA1
:10E800000103181A537018BF012070477A72002054
:10E8100079720020760900207B720020A0F1E003CD
:10E82000072B03D82030C0B2FFF766BF064B062285
:10E8300013F8011F19B1013AFAD10020704718707E
:10E840000028F8D0F9E700BF78090020A0F1E00324
:10E85000072B10B405D820305DF8044BC0B2FFF789
:10E8600071BF0023064A194612F8014F0133A04236
:10E8700008BF1170062BF7D100205DF8044B7047DC
:10E8800078090020A0F1E003072B03D82030C0B2A4
:10E89000FFF786BF064A002312F8011F884204D002
:10E8A0000133062BF8D1002070470120704700BFCC
:10E8B00078090020024B00221A605A60704700BF9E
:10E8C00077090020B0F5805F10B510D20949002308
:10E8D00001EB4302B2F8014024B10133062BF7D11A
:10E8E000002010BDA2F801000028F6D0F8E76FF074
:10E8F0008500F6E76909002030B50023074C19466A
:10E9000004EB43020133B2F80150854204BF517059
:10E910009170062BF4D1002030BD00BF69090020A2
:10E92000024B00221A605A609A6070476A09002000
:10E93000074A002302EB4301B1F80110814204D0E1
:10E940000133062BF6D1002070470120704700BF2D
:10E950006909002000487047760900200048704788
:10E960006909002082B070B504A900680A9E81E898
:10E970000C00144620F0DDFD0569059833687168C8
:10E980003638221813B355F83200034405EBC200A1
:10E9900044680C4484EAE4701049A0EBE4708842B7
:10E9A000C1BF0F4894FBF0F15B1800FB11440899BC
:10E9B0004FF4B4700988B0FBF1F093FBF0F100FB69
:10E9C000113345F8323005EBC2035C600A32002097
:10E9D00045F82210BDE8704002B070473F420F007A
:10E9E00040420F002DE9F0478446164E164FDFF8DF
:10E9F0005C8000208A4603464FF001094FEA531E0F
:10EA000003F01F0257F82E4009FA02F2144212D006
:10EA10007469D8F81850D8F81C10651941EBE474E3
:10EA2000AC457AEB0404A3BF57F82E4024EA020257
:10EA300047F82E2001300133262B06F12C06DDD1BC
:10EA4000BDE8F087348203007033002040100020BE
:10EA500070B5094B094D1E7800241C702EB1284654
:10EA600020F029FE0134B44201DB304670BD203570
:10EA7000284620F01DFEF5E77D72002040100020A2
:10EA80002DE9F04F40488BB027F077FF3F4B002631
:10EA9000C3E900663E4BB3F900A047F6FF739A4501
:10EAA0005DD03C4F88234FF6FF7203FB06F0C4197C
:10EAB000395A91424AD13849DFF8ECB00A789BF8CC
:10EAC000009001320A7035491FFA8AF32C223B521A
:10EAD00002FB03130830B3F910803149C845A8BFC1
:10EAE000C84628EAE8725201384428F05CFC4FEA34
:10EAF0004813DFF8ACC0A4F80280C6460593CE45A3
:10EB000032DB882303FB067700223B6A06920AF178
:10EB10003B020792234AD917C2E900311F4ACDE9C7
:10EB200008312C230AFB032AA9EB080901238BF8DF
:10EB3000009002930AAB13E9030000228DE8030062
:10EB4000079B0AF11C0020F038FD04E00136042E7A
:10EB5000ABD1FFF77DFF0E4A47F6FF7313800BB072
:10EB6000BDE8F04FFFF774BF059B0CEB03050FCD1D
:10EB700064460FC495E80F000EF1010E84E80F0003
:10EB80000CF1200CBBE700BFF00D0020703300201B
:10EB900066090020200E00207C72002034820300D1
:10EBA00040100020000000207D720020184B194901
:10EBB00019482DE9F0414FF6FF721A80A3F888201A
:10EBC000A3F81021A3F8982127F0C9FE134ADFF813
:10EBD00050E000230127590903F01F05B2F910C0C6
:10EBE000890007FA05F59046002407E058F8040B61
:10EBF0000EEBC000013446582E4346506445F5D311
:10EC00000133262B02F12C02E5D10020BDE8F08172
:10EC1000200E002045ED0000F00D0020348203009E
:10EC2000C03100202DE9F843404B414E1C78D6E915
:10EC30000027E4BB02F1004301333B4335D06FF0C2
:10EC4000004528F019F84FF47A77A0FB070307FB7B
:10EC50000131C30B43EA4143AB424FEAD131A141F9
:10EC600060DA28F009F8A0FB070307FB0131C00BAD
:10EC700040EA4140281A64EBD131C90341EA5041CE
:10EC800040F2E733C003C0184FF47A724FF000032C
:10EC900041F10001FDF734FA02460B4625481EF00B
:10ECA0009BFB0028A8BFC6E90054BDE8F8830024F8
:10ECB0002149DFF88CE06FF0004523464FF0010852
:10ECC00058095EF820C003F01F0008FA00F010EAAF
:10ECD0000C0F08D048694FEAE07CA8427CEB04099D
:10ECE000BCBF054664460133262B01F12C01E7D158
:10ECF0001249D1E90631ED1844EB0104BC4208BFCA
:10ED00009542D2D06FF000439C4208BFB5F1FF3F5F
:10ED100097D100230022C6E900230648BDE8F84346
:10ED200027F02BBE00221346B8E700BF7D720020FB
:10ED3000E80D0020F00D0020348203004010002078
:10ED40007033002038B5114CD4E9003213431CD085
:10ED500027F092FF03460D46D4E900014FF47A7480
:10ED6000A3FB043204FB0522DB0B43EA424383424C
:10ED70004FEAD2328A4108DBFFF734FE08B9FFF7C9
:10ED80007FFEBDE83840FFF74DBF38BDE80D0020DD
:10ED90002DE9F04F9BB00446FFF722FC002800F05D
:10EDA0007D812046FFF71CFC0546002800F091817C
:10EDB000067A002E00F0C380AE4EAF4F3478D0E913
:10EDC00004830493002C43D1D0F80490DFF8C4A24C
:10EDD000DFF8ACB220F050FE07EBC9034FF0010999
:10EDE0000593A64909FA00F306932246059B4FEACC
:10EDF000521E53F82E0002F01F0309FA03F31842C3
:10EE000017D0886910B1069F384212D0DAE9007035
:10EE1000B1F912C01CEB070740EBEC70B845049F3A
:10EE200077EB0000A1BF5BF82E0003434BF82E30B8
:10EE300001340132262A01F12C01D7D1002C00F037
:10EE400048813278042A28D1FFF7ECFE002540E003
:10EE500004994046FFF7C6FD6B68894957F833208F
:10EE60000C6814400C60DB00002C3ED13B444A6827
:10EE70005B6813404B60002B40D05A1E12EA030718
:10EE80000CBF01340234DCE73B444A685B681A403B
:10EE90004A603278042A18D002247A4F07EB4217CE
:10EEA000531C29460AA83D460AAF337020F008FCDF
:10EEB0000FCF0FC597E80F0085E80F000225FFF779
:10EEC000B1FE34B9FFF7DCFD33E0FFF7ABFE002500
:10EED00002246B490B6813F001032ED1012001338A
:10EEE000262B10D16FF0150523E0621E2242CBD1F4
:10EEF0003B444A685B6801241340BBE73278042A2C
:10EF0000CBD11D46DBE75A0951F8227003F01F02EE
:10EF100000FA02F23A42E2D0584A2C2101FB0322C5
:10EF2000B2F910103278914203D1574A012C138064
:10EF3000C8D028461BB0BDE8F08F0023ECE7FFF7F0
:10EF40009FFD6B6807932B690593504B504F1B78BF
:10EF500006900993B846099B9E420CDB069B012B49
:10EF600040F3B780294612A820F0AAFB12A820F08F
:10EF70009FFB0225DDE77B88B7F800C004933F4B79
:10EF80002C2202FB0C334FF0000EB3F91030089323
:10EF9000B946F2460124049B534513DC8837BEF181
:10EFA000000F79D0049A882303FB0683013A5A8024
:10EFB000324B2C2202FB0C3393F82830FBB114BBEC
:10EFC0000125B6E7BEF1000F10D009F1080BBBE830
:10EFD0000F00A9F118040FC49BE80F0084E80F008C
:10EFE00000240AF1010A09F12009D4E7D9F8143004
:10EFF000079A9A4214BF00244FF0010EF1E7049BD8
:10F00000089A934218D10CF13B021392059A059984
:10F01000D217CDE9141219492C2202FB0C1CDDE990
:10F02000140100238DE80300129302930022139B26
:10F030000CF11C0020F0C1FA002CC1D0134B1C783D
:10F04000013CE4B2A6421C7008D004EB04118822F3
:10F0500008EBC10102FB068028F0A5F98822544381
:10F06000002108EB040028F0C6F94FF6FF7328F8DA
:10F070000430A5E77D720020C031002034820300F7
:10F080007033002040100020660900207C720020B0
:10F09000200E00200800002001365CE7204600F02A
:10F0A0009BFAB0B1204600F097FA837A8BB143689F
:10F0B000E03B072B02D80378072B0AD0064BD0E998
:10F0C0000412D3E9000388429341BCBF034BC3E958
:10F0D000001200252DE700BF0000002008000020DE
:10F0E00030B58FB01422002109A828F084F9214DF1
:10F0F0004FF47A740022002309A928461DF08EFDE2
:10F10000002835D1099B0490059327F0B5FDA0FB9D
:10F11000040304FB0131C00B9DF8343040EA414048
:10F12000C90BCDE9060113F0010118BF01210291BD
:10F1300006AA92E803008DE8030004AB0CCB0AA8F2
:10F1400020F03BFA0D9B012BD4D9C3F35E044FF49E
:10F15000004540F2E73000214FF47A720023E5FBCE
:10F160000401FCF7CDFF02460B4603481EF034F9BC
:10F170000FB030BD080B00201000002030B58BB060
:10F1800001AC84E80E004268059294E8070006ADE1
:10F1900085E80B000F9A9DF8383043EA4203099343
:10F1A00009480022002305A91DF0DAFC002804DB31
:10F1B000064827F0E0FB10B100200BB030BD03483B
:10F1C000FFF78EFFF8E700BF080B002010000020BB
:10F1D00070B500250646056000F084FB044678B152
:10F1E00000F00EFE30B900F045FC01237060337072
:10F1F000304670BD064B1B78012BF4D02846F5E74E
:10F2000000F0FEFD0028EED023462046EEE700BFCA
:10F210007E72002008B5094B1B7823B1012B06D064
:10F220006FF0850008BDBDE8084020F031BDFFF754
:10F2300091FBBDE80840013000F0C6BC78330020E7
:10F2400008B5094B1B7823B1012B06D06FF0850060
:10F2500008BDBDE8084020F023BDFFF77FFBBDE8F7
:10F260000840013000F0D6BC7833002037B508499B
:10F270000848094D6C4627F072FB2046FFF7A8FFAF
:10F2800094E8030085E80300002003B030BD00BF10
:10F290009DF20000C010002078330020024903488E
:10F2A000012202F061B800BF7E7200201CB503008D
:10F2B00082B00DF1080C0CE9030019469DF80030EE
:10F2C00010461BB1012B05D0054A00E0054A02B0EB
:10F2D0001EF056BF019B044A02B01EF051BF00BF92
:10F2E0003BB5030030B5030034B5030030B589B039
:10F2F00001AD0F4C2846FFF76BFF94E80C0095E832
:10F30000030020F02DFB80B920F051FB95E80300AD
:10F310000A2305AA84E80300FFF7CAFF94E8030064
:10F3200003AB83E8030000F023F809B030BD00BF51
:10F330007833002070B50C4615460B4900221E4656
:10F3400021F078FC08B9002070BD012C08D10749D4
:10F3500022463046A8470028F6DDFFF7C7FFF2E750
:10F360006FF01500F0E700BF26B503007E720020A5
:10F370007FB56B4683E8030093E80300002206ABE9
:10F3800003E90300039202A8034A029220F090F9D5
:10F3900007B05DF804FB00BFC088030030B585B03E
:10F3A00078BB11B9002005B030BD1848184D016870
:10F3B0002C6841F00103036032B344F0010099422C
:10F3C00028601BD04FF48073ADF800308DF8022018
:10F3D00027F052FC4FF47A72A0FB020302FB0131CA
:10F3E000C00B40EA4140C90BCDE9020104AB13E96F
:10F3F0000F0005B0BDE8304000F0BCB88442E1D158
:10F40000D0E76FF01500CEE79942F8E758340020B6
:10F410005C340020014B196820F024BB58340020D4
:10F42000352913B50C4602D9002002B010BD0028C2
:10F43000FAD101A8FEF750FF0028F5DB8442F3DA89
:10F44000019B53F82430352BEED802480C2202FBE6
:10F450000300EAE7CC88030073B50F4B06460C4661
:10F4600015461AB10D4A126843F8212053F82410AA
:10F47000002020F0F7FA58B1DDE906230021CDE99C
:10F48000002330462B46224620F000FB002801DDF9
:10F490006FF0850002B070BD80330020583400202A
:10F4A0002DE9F04F0C252DED028B314F45438DB0EA
:10F4B00000EB4006044678599DED188B894690462E
:10F4C00007EB860620F035F800284FD02046FFF7DE
:10F4D00023F804F1360A079000247859CDE9084A48
:10F4E0008DED0A8B20F025F800283FD08268D2F8F5
:10F4F00010B0BBF1000F39D0CDE90389079B02930F
:10F500000DF1280999E803008DE803000DF12008AA
:10F5100098E80C003046D847A04227DB2046FFF78A
:10F5200079FF80F0010B5FFA8BFB7859CDE9084A2F
:10F530008DED0A8B1FF0FDFF30B96FF015000DB097
:10F54000BDEC028BBDE8F08F83685C6914B96FF085
:10F550008500F4E7CDF808B099E803008DE80300D2
:10F56000304698E80C00A0470028E8DB0020E6E7DA
:10F57000B802002010B58AB06C4684E80F00002362
:10F580000593064B049394E80F000AAC04E90F00BE
:10F5900004A820F08DF80AB010BD00BF548B030002
:10F5A00084B030B589B00CAC84E80F00002301931F
:10F5B0000CAD084B00930FCD02AC0FC495E80300CF
:10F5C00084E80300684620F073F809B0BDE83040D5
:10F5D00004B070475C8B03000268034B9A420CBF77
:10F5E00008300020704700BF5C8B03007FB56B467E
:10F5F00083E8030093E80300002206AB03E903005D
:10F60000039202A8034A029220F052F807B05DF874
:10F6100004FB00BF608B0300074B1A78074B82B0D6
:10F62000162102FB013301938DF8002002AB13E990
:10F63000030002B0FFF7DABF7F7200208072002063
:10F6400002490348012201F08FBE00BF7F720020F3
:10F65000CFB5030008B5002003F0AAFD002802DAA8
:10F6600010F1780F07D1044821F0E1FA034804496A
:10F6700027F075F9002008BD40030020F01000209D
:10F6800041F6000070B503788AB004460E4607AD17
:10F69000032B20D8DFE803F002191B1D114928466F
:10F6A000FCF752FD059563780493A3780393E37800
:10F6B00002932379019363790093A3790A4A1E2167
:10F6C00030461EF05DFD0AB070BD0849E7E7084905
:10F6D000E5E70849E3E7084A0A2128461EF050FDFD
:10F6E000E0E700BFE2B503000BB60300E9B5030095
:10F6F000F0B50300FAB5030004B6030010B590B0EE
:10F70000044622F0F4FD6946FFF7BCFF08A9204635
:10F7100005F012FC9DF82130012B14D10B481DF08F
:10F72000EDFD204622F0E3FD094B19780F22162348
:10F7300013FB012307490722194427F0E7FC10B9FE
:10F7400005481DF0DBFD10B010BD00BF5C030020BC
:10F750007F720020807200206C0300202DE9F041B0
:10F760008AB00D4616461F496A4604461F4621F0D8
:10F7700061FA08B30098F8B10A2201A91EF054FDFD
:10F78000019B1B785BBB162D29D1C4B2042C26D853
:10F79000DFF85C806C432A4608EB04013846B0472A
:10F7A000002806DD04F10F0002A94044FFF76AFFBC
:10F7B00000200AB0BDE8F0810B496A46204621F0DE
:10F7C00039FA0028F4D0009B002BF1D1012D06D18D
:10F7D00006492A463846B04700EAE070E9E76FF08C
:10F7E0001500E6E72EB60300D3B503007F720020B4
:10F7F00080720020042808B50DD80F22162313FBB1
:10F800000023064806490722184427F07FFCB0FA77
:10F8100080F0400908BD0020FCE700BF8072002096
:10F82000CEB70300014B1878FFF7E4BF7F720020CA
:10F830002DE9F0410C468EB005464FF0160806A99A
:10F84000204615FB08F7FFF71DFF0D4E216807F155
:10F850000F029319B150A2889A80A2799A7109492E
:10F860002A4601A81EF0B8FC4246F11901A801F091
:10F870007BFD05481DF042FD0EB0BDE8F08100BFE4
:10F880008072002037B603006C03002010B50428F6
:10F8900088B002D9002008B010BD0F23162414FB35
:10F8A00000340E4B0E491C440722204627F02EFC44
:10F8B0000028EFD02146002005F0ECFA044600288D
:10F8C000E8D0694605F038FB204604F0B7FF9DF804
:10F8D0001C00831E58425841DDE700BF80720020A3
:10F8E000CEB70300014B1878FFF7D0BF7F7200201E
:10F8F000F0B58DB0FFF796FF98B9FFF7F3FF80F0F2
:10F9000001035B00DBB2214D2A7803EB0213112BBC
:10F9100009DC022B2DD0102B23D0002420460DB063
:10F92000F0BD0223EFE7202B1BD0122BF5D104F002
:10F93000F5FA00232B7004460028EFD1144F0FCFA7
:10F9400002AE0FC63B68134933600322009423467E
:10F9500002A804F0B1FA04460028DFD102232B707C
:10F96000DBE704F0DBFA00232B7004460028D4D038
:10F97000D4E7074E0FCE07AC0FC4336823600023D3
:10F9800004490093032207A8E3E700BFEE720020BA
:10F99000907C03007C03002030B591B0054622F036
:10F9A000A6FC69460446FFF76DFE08A9284605F047
:10F9B000C3FA9DF82130012B05D1FFF733FF214613
:10F9C00018B903F0ABF911B030BD034B1878FFF74D
:10F9D0002FFFFFF78DFFF6E77F72002030B591B063
:10F9E0000D4608A9044605F0A7FA9DF82130012B21
:10F9F0000BD1204622F07BFC6946FFF743FE0F4BFC
:10FA000000221A701DB1FFF773FF11B030BDFFF770
:10FA10006FFF204622F06BFC094B19780F2216234A
:10FA200013FB012307490722194427F06FFB002825
:10FA3000EBD105481DF062FCE7E700BFEE72002045
:10FA40007F720020807200206C03002008B50648F9
:10FA500005F0E0F9054805F073FB054805F08AFB61
:10FA6000FFF746FF002008BD20030020040300200C
:10FA7000F4020020014B1878704700BF7F7200200D
:10FA800010B50A4B0A491A7816240F2314FB0234C6
:10FA9000084B1C440722204627F038FB28B121469A
:10FAA0000020BDE8104005F0F5B910BD7F720020C0
:10FAB000CEB70300807200201FB54D240294044C81
:10FAC0000194BDF81840009423F0B5FD04B010BDBA
:10FAD00063B6030007B5064B0093064906480523A5
:10FAE0004FF440721DF010FC002003B05DF804FBE1
:10FAF000648B0300D073002020110020F0B5164E57
:10FB0000164F89B000220023694630461DF086F862
:10FB1000054608B109B0F0BDFFF7B2FF0446002862
:10FB2000F8D01822294602A827F065FC08230DEB1F
:10FB3000030120460397CDF810D0ADF8143007F03C
:10FB40003DFA013003D10221204622F091FB2046EC
:10FB500004F074FED6E700BF680B0020D08B0300D2
:10FB60002DE9F041164FDFF85C808AB001AE00222B
:10FB70000023314638461DF051F8054610B10AB051
:10FB8000BDE8F081FFF77CFF04460028F7D018227B
:10FB9000294604A827F02FFC0C2304A92046CDE910
:10FBA0000586ADF81C3007F009FA013003D10221B7
:10FBB000204622F05DFB204604F040FED7E700BF60
:10FBC000380B0020208C030037B5054640F6CD42A7
:10FBD000014600230C481CF0C3FF044678B110F125
:10FBE0000B0F09D100220023694607481DF016F8C3
:10FBF0002846FFF7E9FF0446204603B030BD03491D
:10FC0000034826F07BFEF7E7680B0020A4030020E2
:10FC10002011002030B5054685B040F6CD420146A2
:10FC200000230D481CF09CFF044678B110F10B0F27
:10FC300009D10022002301A907481CF0EFFF284644
:10FC4000FFF7E8FF0446204605B030BD03490448ED
:10FC500026F054FEF7E700BF380B00209403002085
:10FC6000201100201FB50023CDE90233044B8DF88D
:10FC70000C0001A801931FF01BFD05B05DF804FB0B
:10FC80009C8C030008B500F02DF9BDE8084001493F
:10FC900026F034BE5C04002013B5114B1C68A36829
:10FCA0003021DB6820469847C0B9A3686A461B69C3
:10FCB00030212046984788B90A4C0098237883421F
:10FCC00004D0C0B22070FFF7CDFF38B901F01EFBA1
:10FCD0002378984202D0184601F01EFB02B010BDF6
:10FCE00060340020F072002007B5094B186826F038
:10FCF00064FB48B14FF4F0120023CDE9002305481E
:10FD0000002200231EF0B4F903B05DF804FB00BF2D
:10FD100060340020080A002008B5FEF73BFC10B94B
:10FD20006FF0850008BDFEF741FA38B10138C0B266
:10FD30000128F5D8034826F0E6FF01E0FFF7D4FFDD
:10FD40000020EFE7080A002008B508481CF05AFD1B
:10FD5000074A106010B96FF0120008BD26F02DFBA5
:10FD60000028F8D0FFF7C0FF0020F6E7EFB6030049
:10FD70006034002008B5044800F0E2FF002818BFF6
:10FD80006FF0150008BD00BFC1FD0000014B1878E1
:10FD9000704700BF8E090020084B1B780B2B4FF0DB
:10FDA00001000AD8984010F4CD6F05D110F4016F0E
:10FDB0000CBF012000207047022070478E090020F0
:10FDC0000A2808B5024613D00A4B0B491870FFF7F2
:10FDD000E3FF02280AD10B78032A08BF43F001038E
:10FDE0000B70BDE8084005481DF088BA0023F7E70E
:10FDF00008BD00BF8E090020F17200206C040020B5
:10FE000008B5FFF7C9FF022806BF034B187800208A
:10FE100000F0010008BD00BFF172002010B50948D4
:10FE2000094C1CF0EFFC206048B1084B08494D22FA
:10FE300002F02CFB206821F038F9002010BD6FF093
:10FE40001500FBE7F7B6030064340020A48C030020
:10FE5000FDB6030038B504460D46FFF797FF0B28A3
:10FE60000BD8DFE800F01E1E0A0A1E060A0A0A0A5C
:10FE70000A1EBDE8384000F041BF4FF476720023FF
:10FE800009481DF061F809482146006800232A4608
:10FE900021F015F9044610B103481DF01BF8204667
:10FEA00038BD6FF01204FAE7B00B00206434002074
:10FEB00001481DF00FB800BFB00B002007B5064B7E
:10FEC0000093064906480A234FF440721DF01CFABD
:10FED000002003B05DF804FBBC8C0300D07600204A
:10FEE00008120020004870470812002010B5094C85
:10FEF0000A44914200D110BD11F8013B584003095A
:10FF00000001E35CC0B2434018091B01205CDBB276
:10FF10005840EEE762B70300014B1B68184700BF6B
:10FF20007C04002030B585B004460D461022002127
:10FF3000684627F060FA02238DF802302A46044B07
:10FF40000193214668461EF071FA05B030BD00BF2E
:10FF500019FF000080B505460E46174698461DF06D
:10FF6000A9FD034627F018FBDFF81890044649F86E
:10FF70000030424630463946A84754F8090001F09F
:10FF8000CBFD00BF0800000008B50446EFF3118365
:10FF9000202383F31288BFF36F8F19F0F5FD2046FD
:10FFA00001F0A8FD024820F057F820F099FFFCE787
:10FFB00072B703002DE9F047058B044628079046E9
:10FFC00011D4022905F0070540F0CC80204620F02E
:10FFD000F1F878B10138218B042811D8DFE800F05E
:10FFE000C2106D85950001290CBF45F0100545F044
:10FFF0002005258388F31188BFF36F8FBDE8F08754
:020000021000EC
:1000000001F0070AAA4500F0A5800027B9463E4640
:10001000A368002B00F0BC8041F00801218388F325
:100020001188BFF36F8FA168002900F0BA800D68B6
:10003000002900F0B680D1F80480334652462046AD
:10004000C047002D76D02B6829461D46F0E701F009
:1000500007035A1F012A1BD8002221F00701062B93
:10006000276889B2C4E9002209D13B4603E0628BCC
:10007000013262831B68002BF9D141F00201218318
:10008000204620F097F800287AD041F0200176E051
:10009000042B0AD121F0070189B22183204620F0E8
:1000A00089F810B141F020012183218B01F0070A6A
:1000B000AA454FD00027B946AAE7236921F00701D6
:1000C00041F00601062DD3F8009021832DD1B9F11E
:1000D000000F3FD041F00801218388F31188BFF35E
:1000E0006F8F3A492046C84729E021F0070123696C
:1000F00041F0040189B2042DD3F804902183E6D0A5
:1001000000273E464FF0040A82E721F007012369E9
:1001100041F0050189B2052DD3F808902183D6D08E
:1001200000273E464FF0050A72E700273E464FF093
:10013000060A6DE72B4687E7B9F1000FD1D1EFF33F
:100140001188202383F31288BFF36F8F238B23F052
:1001500008032383258BEA062ED525F0100323837D
:1001600005F007056669218B002EBFF670AF0023EE
:100170002768C4E9003321F0070141F00101218320
:10018000218B01F0070AAA454FF000097FF440AF28
:10019000002F9CD041F00801218388F31188BFF320
:1001A0006F8F002FC8D03D683946334652462046EF
:1001B00020F02CF82F46F4E7AB067FF51BAF25F0B7
:1001C0002003238305F0070500E700BF3902030081
:1001D0002DE9F7430F4606460821C06ADFF8509024
:1001E00020F077F93C68241A80463C6004EA09054F
:1001F000AC4203D8002003B0BDE8F08308236A4670
:100200002146304620F0FDF80028F4D169463046FA
:1002100020F069F940B1BDF80230BDF804203C601F
:1002200005EA090513441D44A4EB0804E0E700BFF8
:100230000000FFFF73B504460821C06A124E20F08B
:1002400048F94FF6FF726368ADF800208DF806207C
:10025000A289191833401344181A002560606846B3
:10026000ADF80210ADF8045020F02AF96946204696
:1002700020F0F9F92046211D20F0FCF8636828469B
:100280003340A36002B070BD0000FFFF2DE9F047CE
:10029000044688B000F11407384626F098F9A06AA1
:1002A0008368DB689847E06228B96FF01505284637
:1002B00008B0BDE8F087A06A8368DB6898470368E8
:1002C000013B1F2BF1D8A06A216805AA24F00BFB83
:1002D0000028EAD1A589002DE7D0069BB5FBF3F2F3
:1002E00003FB1255002DE0D1E389012BDDD9E36A30
:1002F000009593F805904FF0FF334FF0FF323846EA
:100300001CF0EEFCE06A082120F0E3F8A84606465F
:10031000E3891FFA85FA534508D8E389434523D179
:1003200038461CF055FD6FF02C05C0E7A1892B0461
:10033000891B13FA81F14A4608232046009120F0D8
:100340006EF878B16946204620F094F808F101086B
:10035000009908234A4620461FFA88F820F05FF8E3
:100360000028DAD00135D3E753450BD10099082393
:100370004A46891B204620F052F818B969462046A3
:1003800020F078F869462046FFF722FF054618B1AD
:1003900038461CF01DFD8AE7009B63604FEA134856
:1003A0004FEA0848C4F80880D4E9011399420FD3F2
:1003B000082301AA204620F024F805460028E7D1AA
:1003C00001AB13F8012B914533D10135082DF8D13C
:1003D00063681B0C1B0469462046009320F04AF812
:1003E000A38900994A46204620F019F8051ECFDB64
:1003F000636876D006EB03084FF6FF79A389CDF842
:1004000000801FFA88F29B1B9A422ED3002361685A
:10041000002B43D0090C090400912046694620F0C6
:1004200029F80099204620F032F80546002D74D0B6
:10043000AEE701A9204620F056F8626810B9921B79
:100440006260B1E7BDF80850BDF80610E06AC4F874
:100450000880294420F03DF840449042A060EED14D
:10046000002DECD06FF01C0568E0082303AA41467C
:1004700020461FF0C6FF0546002889D103A9204663
:1004800020F031F830B1BDF80C304B4502D1BDF849
:1004900010300BB1B044B1E70123B8E720461FF09C
:1004A000F6FF054600287FF473AF6368264AA189EA
:1004B00013400B44A3EB460363601340A360204644
:1004C00020F0F9F8B1E75B1A4A4620461FF0A7FF73
:1004D000051EFFF65DAF08D0E26AA36812681344F8
:1004E000A360D4E901318B42EDD86168A38901EBA7
:1004F00046029A429AD1DFF85080A26801EA0803C6
:100500009A4293D020461FF0C2FF054600287FF490
:100510003FAF636803EA0803A360A389A288A3EB43
:1005200046039A4206D038461CF052FC012323743D
:100530000025BCE6204620F0A7F8054638461CF00A
:1005400047FC002DF2D0B2E60000FFFF014B036034
:1005500000207047C48C030070B5104B1C680D461A
:10056000B4B10F4B196800238B4202DB6FF001001E
:1005700070BD224612F8106B864202D00133144639
:10058000F2E7E06825F019FF28B12C600020EFE7C2
:100590006FF00C00ECE76FF01200E9E78004002038
:1005A000C48C030010B588B0436802938368C068A8
:1005B000CDE903320A680023CDE906230C4601AADF
:1005C0000449059324F093F9079808B9059B236023
:1005D00008B010BDC50A0300F0B40C4B0C4E5F6AA6
:1005E0000C4BB34203D36FF08500F0BC70475D68DD
:1005F000BD4209D31C693CB195F802C00579AC45F0
:1006000002D12346F0BC18472433EAE768340020BF
:10061000E40D0020C00D00202DE9F047134CDFF859
:100620005080DFF8509005460E461746444503D3E8
:100630006FF08500BDE8F0876268D9F824309A42EF
:1006400012D3A36983B190782979884205D13A46BB
:1006500031462846BDE8F04718475279012A03D1B0
:100660003A463146284698472434DFE7C00D00203B
:10067000E40D0020683400202DE9F0410B4CDFF838
:10068000308005460E461746444502D36FF085007C
:1006900009E063690BB92434F6E73A463146284647
:1006A00098470028F7D1BDE8F08100BFC00D0020B9
:1006B000E40D002010B5044624F00BF810F1780F7B
:1006C00000D050B9054A204620F037FAD2F8C4309D
:1006D00023EA0003C2F8C430002010BD68340020B3
:1006E000024B00221A605A60704700BF2335002079
:1006F00070B50B4B0B4CA34201D3002070BD196A9F
:100700001E7F00220439D5B2AE4201D82433F2E76D
:10071000013211F832508542F5D10120EEE700BFD9
:10072000C00D0020E40D002008B509480378C3F38C
:1007300041130A3350F823303BB100F1080200F1B5
:1007400010019847C043C00F08BD1846FCE700BF22
:100750006834002004282DE9F14FDFF8A09004460A
:100760000F4616D001282DD1DFF88C8098F8B930CB
:1007700043B300F06DFD1F4D4D4520D2D5F820B09C
:100780004FF0000A2B7F5FFA8AF6B34204D8243573
:10079000F2E7FFF7A5FFE7E70BEBC6060AF1010A50
:1007A000307923F096FF0246307920F0C6F9D8F868
:1007B000C430002A23EA0003C8F8C430E2DA002378
:1007C00088F8B9300B4D4D4508D30B4B1B6A6BB104
:1007D0003946204601B0BDE8F04F1847EB681BB121
:1007E0003A462146284698472435ECE701B0BDE853
:1007F000F08F00BFC00D002068340020E40D002001
:1008000073B5C4B263060D468DF8074007D0204685
:10081000FFF76EFF78B10D4B93F8BA0058B10B4E4D
:10082000204655B117F05CF8F3691BB10DF10701D3
:1008300008209847012002B070BD17F079F8F369DD
:10084000002BF7D00DF107010920F2E768340020F2
:1008500073B586788DF80060037942791C4C43EAC1
:100860000223ADF80230C378304603F003038DF85D
:10087000043020F062F9D4F8C430184205460BD099
:10088000304600F0C7FC3046FFF714FF26F0C5F8ED
:1008900010B996201DF0CCF8684616F0FDFF10F157
:1008A000780F03D010B1002002B070BD9DF8000099
:1008B00017F07AF810F1780F01D00028F3D1D4F8AE
:1008C000C43001202B4384F8B900C4F8C430EBE7EE
:1008D000683400202DE9F047A34EB36904460F4663
:1008E0001546FBB9237803F01F03012B00F09D8010
:1008F000022B00F0048133BB94F900002A68617870
:10090000002834DA062912D008292BD0D9B90123BE
:100910001370517096F8C3305B0043F001031370FD
:1009200002232AE198470028DCD100200DE06288EC
:10093000100A011F0129844605D9072803D8716AC6
:10094000D2B20C781CB96FF01500BDE8F0874E7874
:10095000664503D19A4200F00B8101332144F0E750
:100960000B780AE196F8BA301370012305E10139DA
:100970000829E8D801A353F821F000BF150A0100A7
:1009800047090100230A010047090100A1090100EC
:10099000470901004709010047090100AD090100AD
:1009A000A07816F067FF0028BFD0CCE76388756A8F
:1009B00063BBFFF795FE638886F8BA30F369002BB6
:1009C000B3D06A4903209847AFE76B78042B10D067
:1009D000052B11D0022B04D16F796388BB4208BF6D
:1009E00001202B781D442B78002BEED10028AAD0B3
:1009F000DFE795F80380F4E76388BB42F1D1B8F1F3
:100A0000000FEED12846FFF723FFEAE7FF2700207B
:100A1000B846E8E76388012B95D1002386F8C330F8
:100A200083E76388012B8ED1F8E796F8BA30D5F8C2
:100A300000C0002B87D0756AA38894F804E02A468A
:100A4000107800283FF47FAF5178022904D192F842
:100A50000480F04500F293800244F1E78CF8002016
:100A60008CF80120396060E7154494E00B2A7FF48C
:100A70006AAF00274FF0FF08C146BA4606E06B7820
:100A8000042B0FD0052B21D02B781D442B78002B65
:100A9000F5D1F36913B1514607209847002F7FF431
:100AA00044AF50E795F80280A38895F803909845E5
:100AB000EAD163889945E7D1B8F1070F1CD806EB56
:100AC0000803AA4683F8BB900127DDE7A3884345C6
:100AD000DAD1A3784B450AD0AF78384600F09AFBBC
:100AE0003846FFF7E7FDB0FA80F77F09CCE72846E4
:100AF000FFF7AEFE0746C7E7AA460027C4E794F90A
:100B000000206378002A18DA002B7FF41CAF2479C8
:100B10002D6863060AD02046FFF7EAFD00283FF45F
:100B200012AF96F8BA30002B3FF40DAF294620469D
:100B300016F01EFF00236B70F2E6012B08D0032B8A
:100B40007FF401AF6388002B7FF4FDAE012103E049
:100B5000618800297FF4F7AEA088FFF751FE0028D6
:100B60007FF4E3AEEFE600BF6834002022350020BA
:100B7000022829607FF4F4AE4B883B60D5E694F9F7
:100B8000000062780028BFF671AF002A3FF466AF1C
:100B90000A2A7FF4D8AE2A78002A3FF4D4AE6978C6
:100BA00004297FF461AFA9788B427FF45DAF072BF6
:100BB00096BF9B19002393F8BB308CF80030D4E625
:100BC00013B5164C237DF3B9E268A168019201AB1D
:100BD00080201FF0C0FF019AA3681344A360E3685C
:100BE0009B1AE3606BB962B12369E2889A4208DD1F
:100BF00094F8C82093FBF2F102FB11330BB90123E7
:100C0000237502B010BD00231A46194680202375B3
:100C100002B0BDE8104016F0F1BE00BF68340020FD
:100C200030B585B0002302460D460193002858D107
:100C3000002935D108220B460DEB020123F062FD9D
:100C4000002804DA802016F04BFE05B030BD2A4C97
:100C5000029A2260039A626004F13802A2609DF950
:100C60000820BDF80E302575002AC4E903550ADBBB
:100C7000802B04D9802016F033FE0020E3E713B167
:100C8000C4E90333E1E7FFF74FFD0028DAD0E2883B
:100C900023699A42D4BFE260E360FFF791FFD4E793
:100CA000154CD4E90215002D01AB04DC23F02AFD1C
:100CB0000028CADAC6E72A4623F024FD0028D9DB3B
:100CC000019AA3681344A360E3689B1AE360002BB6
:100CD000BBD104F13803A360FFF726FD0028DCD167
:100CE000B0E78028B1D1044BDA68002AD5D11B7D4A
:100CF000002BD2D1A9E700BF68340020044B93F841
:100D0000C3300BB123F00DBD6FF00C00704700BF76
:100D100068340020054B064A9A62064ADA62064A9F
:100D20001A63064A58629A610020704768340020AE
:100D3000D5080100D9050100790601001906010056
:100D40002DE9F3410446474D47484FF0FF334FF03C
:100D5000FF321BF0C5FF95F8B830002B7BD16B6AD2
:100D600083B142482C62E8616E6A16F061FF16F0AA
:100D70004FFD041E10DA3C481CF02AF8204602B051
:100D8000BDE8F08100F0BEF8FFF7C4FF6B6A002BEE
:100D9000E7D14FF0FF34EEE700F07CFA041EEADB07
:100DA0007378012B5AD1F379002B57D0002668466F
:100DB00085F8C830ADF802308DF804608DF8006019
:100DC00016F06AFD041ED6DB802768468DF8007099
:100DD00016F062FD041ECEDB2549304616F014FFE6
:100DE000041EC8DB2249384616F00EFF041EC2DB83
:100DF000204CDFF8848044451AD3002016F0D4FD3F
:100E0000041EB8DBD5F8C430802043F00103C5F8D8
:100E1000C43016F0C9FD041EADDBD5F8C43043F470
:100E20008033C5F8C430012385F8B8300024A2E728
:100E3000276A0026227FF3B29A4201D82434DAE7E7
:100E400007EBC30257F83310107916F0DDFE0136B8
:100E50000028EFD09DE76FF077048CE76FF0150462
:100E600089E700BF68340020C40A0020550701004C
:100E7000210C0100C00D0020E40D002030B51F4BF7
:100E80008BB005AA03F1100518685968144603C40D
:100E90000833AB422246F7D11B7823701022002181
:100EA00001A826F0A8FA12220021154826F0A3FA7C
:100EB000102101A823F0CAFD00281BDD0828B8BFB7
:100EC0000820093801AB0E491A18002012F8013F1A
:100ED0000AAC04EB131403F00F0328336B44013006
:100EE00014F8144C13F8143C0C7008284B7001F1E2
:100EF0000201EBD102480BB030BD00BF9BB703002D
:100F0000F37200202DE9F04F724B93F800B087B0D8
:100F1000BBF1000F03D0704807B0BDE8F08F6E4CF6
:100F200000264FF0011AB0463546B14623783BB94A
:100F30006A4B02349C42F3D1664A01231370EAE7FC
:100F40006378052B1BD8DFE803F08E03C38E1D39B1
:100F5000402304A88DF810B0ADF812308DF814B00D
:100F600023F0A2FB40B1082304A8ADF8123023F00F
:100F70009BFB08B1ADF812B0BDF81230E3712378D5
:100F80001C44D3E7E378002BF9D1A3786BB108F1C7
:100F900001085FFA88F8F2E76B689C4207D02435B5
:100FA0004F4B9D42F8D30020B6E74E4DF8E7AB68B3
:100FB000002BECD0414620469847E8E7002DF2D0C0
:100FC00000222B7F9A42EED2296AA07801EBC2015F
:100FD0000B79984201D00132F3E70127E07800F065
:100FE00003008DF81400207994F805C040EA0C2025
:100FF000ADF8120094F902000028FBB228DA07F1DC
:1010000010004FF0010C0CFA00F010EA0A0F26D184
:1010100043F080008DF8100004A8CDE9021301927E
:1010200023F042FBDDE90121039BC0B99DF81020AC
:10103000A27012F0800F18BF10330A7118BFDBB214
:101040004FF0010214BF9A40BA404AEA020A96E7FA
:101050000120B84010EA0A0F01D11846DAE701373B
:10106000102FBBD1B7E7032E1AD1FFF707FF0746B2
:1010700050B1FBF771F8024630B11028A8BF10221A
:101080003946A01C26F08FF923786FF00201E21890
:10109000091B04EB5303D14213D50136F6B26EE7B8
:1010A000002EF1D1B9F1000F3FF47DAFA4EB09039D
:1010B00089F80230C3F3072389F8033089F80480E4
:1010C000EBE702F801BC13F8010902F8020DE2E7B0
:1010D000A14654E7F2720020440D0020C00D00200C
:1010E000E40D0020C00D002010B5094B00211A4668
:1010F0001C78844205D15C681CB1482303FB0120A5
:1011000010BD0131042903F14803F1D10020F7E7B4
:10111000343500202DE9F34150F8303C10F8346CA0
:10112000103304460AD1036950F8282C980736D5A5
:10113000D2B9590715D5002344F8303C54F8303C57
:1011400010330BD054E9097554F81C8C25F065FC5C
:1011500000284FD02E48214625F0D0FB02B0BDE834
:10116000F08143F00403236154F82C1C01AB30469A
:101170001FF0F1FC10B16FF01503DDE7019A54F890
:101180002C3C134444F82C3C54F8283C9B1A44F85B
:10119000283C54F8243C134444F8243CCEE754F84B
:1011A0002C1C01AB304616F0A5FC0028E3D1019DB4
:1011B00054F82C3C2B4444F82C3C54F8283C5B1B42
:1011C00044F8283C54F8243C2B4444F8243C002D9B
:1011D000B1D0304616F032FDB5FBF0F303FB1055ED
:1011E000002DA8D154F8283C002BA4D0304616F08E
:1011F000C9FCA3E744F8200CA4F118001BF06AFE18
:10120000002DABD0424639463046A847A6E700BF7E
:10121000A02E002010B5EFF31184202383F3128851
:10122000BFF36F8FFFF760FF50B14368103307D1F2
:101230006FF08B03436000F13401044825F05EFB3E
:1012400084F31188BFF36F8F10BD00BFA02E002064
:10125000F8B50E4C04252027EFF3118687F312888A
:10126000BFF36F8F6368103307D16FF08B030848AB
:10127000636004F1340125F041FB86F31188BFF36C
:101280006F8F013D04F14804E6D1F8BD34350020EC
:10129000A02E002070B50A4C0A4E0025314620468B
:1012A00025F001FB0122A4F118001146013525F0BB
:1012B00077FA042D04F14804F0D1002070BD00BF7E
:1012C00068350020151101001FB507240294044C55
:1012D0000194BDF81840009422F0ADF904B010BD9F
:1012E0008F09002010B5084C86B024788DF817407F
:1012F000012402940DF117040194BDF820400094DC
:1013000022F099F906B010BD96090020014B18781B
:10131000704700BF9609002000B589B064288DF899
:10132000070019D80E4B18221870002102A826F0C9
:1013300062F80C4B03930DF10703049302A90123F8
:101340000020ADF8143005F039FE10F1800F08BF11
:10135000002009B05DF804FB6FF01500F9E700BF4D
:1013600096090020A88D03002DE9F0410F4B1C6861
:1013700005460E461746ACB14FF0FF324FF0FF3333
:101380000B481BF0ADFC63683246D3F80880294651
:101390003B462046C047044605481BF019FD204641
:1013A000BDE8F0816FF00104F9E700BF543600207A
:1013B000B00A002000230360044B5A6812B9C3E945
:1013C0000000704710605860704700BF583600201A
:1013D000014B1860704700BF5436002030B585B00F
:1013E00000230546CDE9023301904FF0FF330C484E
:1013F0004FF0FF321BF074FC0A4B1C684CB92846B6
:1014000000F0D0F8044606481BF0E2FC204605B088
:1014100030BD636820461B6801A998472468EDE742
:10142000B00A0020583600201FB5CDE90101039213
:101430004FF0FF330A484FF0FF321BF051FC094BCD
:101440001C682CB906481BF0C3FC204604B010BD34
:10145000636820461B6801A998472468F1E700BF2C
:10146000B00A002058360020024B0022C3E90022B7
:10147000704700BF58360020024B0022C3E900220B
:10148000FFF7F2BF60360020F8B51C4C1C4E054635
:101490000F46B44212D31B4E1B484FF0FF324FF0A1
:1014A000FF331BF01DFC34687CB1286854F8181C0D
:1014B000183CFAF73FFED0B1A469F5E72168286827
:1014C000FAF738FEB0B11834E3E700226F60AA6182
:1014D000726805F118033AB9C6E9003300240A48D6
:1014E0001BF076FC2046F8BD13607360F6E76FF0E2
:1014F0001004F4E76FF01004F4E700BFC47B0300AE
:10150000847C030060360020B00A00202DE9F743F8
:1015100007460C4609B100230B601F4DDFF8809091
:1015200000264D450FD31D4B1D6885B355F8188C0B
:1015300001AA41463846183D1FF07CFB10B3D6B9CE
:1015400014BB2E461EE0D5F8008001AA414638465D
:101550001FF070FB50B116B954B92E4606E0316841
:10156000002240461FF066FB0028F5D11835D8E769
:10157000019B2360F1E73168002240461FF05AFBCF
:101580000028DDD1AD69D0E7019B2360D9E7304663
:1015900003B0BDE8F08300BFC47B030060360020C9
:1015A000847C03002DE9F047DFF8B090DFF8B0A0AD
:1015B00080464FF000470026274C3D464C450DD352
:1015C000DAF80040002C42D0183CB8F1000F25D1C9
:1015D00022695ABBA469F5E72F46EDE7B8F1000F81
:1015E00003D122694AB91834E8E72068002241464D
:1015F0001FF020FB0028F4D1F5E76368BB4205DD4E
:10160000AF4209D09D42A8BF1D46ECE7EBD1904701
:10161000002E08BF0646E6E71D46E4E720680022E4
:1016200041461FF007FB0028D2D1D3E76368BB42D5
:1016300005DDBD4209D09D42A8BF1D46CAE7C9D1FC
:101640009047002E08BF0646C4E71D46C2E7AF42DA
:10165000C2D13046BDE8F087C47B0300847C030020
:101660006036002038B50C4D0C484FF0FF334FF07A
:10167000FF321BF035FB2B783BB9FFF7FDFE00F086
:101680006DF8044610B901232B70002403481BF0A9
:101690009FFB204638BD00BF05730020B00A002024
:1016A0002DE9F047048FDFF8B0A0013498B006466A
:1016B0008946A4B200F10807651EADB2B5F5004F2A
:1016C00047D04A2305AA294638461FF0F3F904F506
:1016D0007F543F34A4B28046214601230DF10B0212
:1016E00038461FF0E7F9B8F1000F014610DC00287A
:1016F00010DC338FAB4209D132466B1E22F8383FE3
:101700004FF40041022338461FF0A2F82C46D3E7DD
:10171000002808DC294638461FF068F9214638467B
:101720001FF064F9E5E708F160030DEB03080023FF
:1017300008F84C3C5246CDF8009003AB05A803973F
:10174000ADF810401FF0ACFA0028DFD018B0BDE8AB
:10175000F0870020FAE700BF0F0D03007FB50123DB
:10176000694603200193FEF7F7FE044660BB02AA18
:1017700001A903201FF0C8F9044610B110F10C0FA5
:1017800022D10399B1F5803F23D2009A00239468B7
:101790001846084484421AD30133082BF9D10E4D60
:1017A000A982EB825368AB602846D368EB631FF0D5
:1017B00046FB044640B9094E6E602846FFF7FAFD25
:1017C00028466E60FFF704FE204604B070BD9BB251
:1017D000E5E76FF02004F7E768360020E404002016
:1017E00030BFFFF7FDBF00BF2DE9F0410B4EDFF822
:1017F000348006EB0807CC1B0546324608492046D4
:1018000025F0D1FDA01942460021083C25F0F3FD4A
:101810006C6707F10800BDE8F08100BF0000000020
:10182000847C030008000000054B9A699B689A427B
:101830001FBF044A536843F080535360704700BF92
:10184000FC70002000ED00E0134B9A6A12F0007F5C
:101850009A6A14BF1E201D2012F0807F9A6A18BF5A
:101860001F2012F4002F9A6A18BF212012F4802F33
:101870009A6A18BF222012F4003F9A6A18BF2320E8
:1018800012F4803F9A6A6FEA02426FEA12429A6249
:1018900018BF2420704700BF00ED00E010B5194BC1
:1018A0000246986A9C6A10F4805F14BF17201620C5
:1018B00014F4006F9C6A18BF1820A40509D5986B12
:1018C000986A000404D51AB19A6A22F400429A6216
:1018D00019200C4B9A6A12F4806F9A6A18BF1A206A
:1018E000D2050CD49B6A13F4005F18BF1C20054A74
:1018F000936A43F47F43936200230B7010BD1B2057
:10190000F5E700BF00ED00E010B51C4B0246986AF9
:101910009C6A10F0100F14BF1120102014F0080F53
:101920009C6A18BF1220A40709D5586B986A000654
:1019300004D51AB19A6A22F080029A6213200F4BE2
:101940009A6A12F0010F9A6A18BF142012F0200F41
:101950009A6A18BF1520D40658BF9B6A074B9A6A2B
:10196000920642BF5A6A22F400525A629A6A42F0C0
:10197000FF029A6200230B7010BD00BF00ED00E073
:1019800070B5444B5B689CB00646C3F30803002562
:1019900085F31188BFF36F8F02F07F40B0F17F4F66
:1019A00011D102F00C0008280DD010074CBF0E46D4
:1019B00001250022033B8DF80720032B05D8DFE823
:1019C00003F01E5C60592E46F3E700249DF80730B3
:1019D0009BB96822314602A825F0E5FC099B002D41
:1019E00053D0C3F3080222B96FEA53236FEA4323AB
:1019F000099302A920461FF057FA1CB070BD254B71
:101A0000DA6A9107E1D4DA6A002ADEDBDA6A520088
:101A1000DBD55A69B16942F480725A61BFF34F8FC6
:101A2000BFF36F8F5A6931F8021C22F480725A6139
:101A3000BFF34F8FBFF36F8F4DF60272914209D003
:101A40009A6AD2B242B10DF107010120FFF75CFFA3
:101A50000446BBE73468B9E79A6A12F47F4F05D0B1
:101A60000DF107010120FFF719FFF1E79B6AB3F5BC
:101A7000803FAAD3FFF7E8FEEAE70DF10701002057
:101A8000E4E70DF107010020EDE723F4FF7323F0F5
:101A90000103ADE700ED00E0044B5A6942F010028B
:101AA0005A615A6922F008025A61704700ED00E05D
:101AB000EFF30880EFF3098101B57246FFF760FF8D
:101AC00001BD00BF18F08AF8202080F31188084873
:101AD0004FF40061401880F30988EFF3148002216D
:101AE000084380F31488BFF36F8F00F0CDF8000037
:101AF00090940020BFF34F8F0549064BCA6802F44B
:101B0000E0621343CB60BFF34F8F00BFFDE700BF20
:101B100000ED00E00400FA05084B9B6883420BD1FE
:101B2000EFF3058343B1064B5A6842F080525A6086
:101B30005A6A22F400425A621BF0C2BFFC700020B5
:101B400000ED00E020498A6882F8C1E04FF03000E3
:101B50001044EFF3098C80E8F01F1EF0100F03D142
:101B600002F1800080EC108A202080F31288BFF3FD
:101B70006F8F164F4FF000668A698A603E60506F23
:101B8000134C206092F9C1E0906F0023936780F3BB
:101B900011881EF0100F03D00023E1EE103A03E08D
:101BA00002F1800090EC108AEFF3148323F0040319
:101BB00083F31488BFF36F8F02F1300090E8F01FB9
:101BC0008CF3098870470000FC70002004ED00E0F1
:101BD000A83600201EF0040F0CBFEFF30880EFF3CF
:101BE0000980816911F8021C0229FFD001B57246F3
:101BF0001FF060F901BD00BF40B2002807DB044AB6
:101C00004109012300F01F00834042F82130704752
:101C100000E100E040B200280CDB4309064900F077
:101C20001F0020330122824041F82320BFF34F8F51
:101C3000BFF36F8F704700BF00E100E0054B420922
:101C400000F01F0053F82220012303FA00F0104097
:101C5000704700BF00E100E040B20028A8BF00F1DB
:101C6000604001F10101B8BF064B4FEA4111ACBF22
:101C700000F5614000F00F00C9B2B4BF195480F8FC
:101C80000013704714ED00E0144A08B5144B22F01D
:101C90007F029A60BFF34F8FBFF36F8FD3F8882016
:101CA00022F47002C3F88820D3F8882042F4A002FE
:101CB000C3F888204FF04042C3F83422BFF34F8F5F
:101CC000BFF36F8F0023E1EE103A1AF04FFE1CF0C5
:101CD0002FF800F07BF81AF089FE00BF00C000006A
:101CE00000ED00E042F8203C009B42F81C3C019BC8
:101CF00042F8183C0A49029B42F8143C4FF08073AA
:101D000042F8043C21F00101002342F8081C203A6B
:101D100083674FF47D430265C0F8C030704700BF51
:101D200055FF0000104B9B6883421AD1EFF30580EA
:101D3000B8B9EFF31181202282F31288BFF36F8FBD
:101D40001A7B22F002021A73EFF3148323F00403C8
:101D500083F31488BFF36F8F81F31188BFF36F8F04
:101D600070476FF015007047FC70002000B50E46FC
:101D700015460023E1EE103AEFF3148323F0040339
:101D800083F31488BFF36F8FBFF36F8F084B426FDD
:101D90009860084B1A602C4686F309880020064B91
:101DA00098472046002100220023044C204700BF12
:101DB000FC700020A8360020D30E030055FF000061
:101DC000014B10221A61704700ED00E00448002327
:101DD0002021C2180133302B82F80013F9D170474B
:101DE00000E100E008B5EFF30583064A103B02EB83
:101DF000C30152F8330049688847BDE80840FFF73F
:101E000013BD00BF58790300024B034A0348012168
:101E100000F066B80000042000000020F88D0300E8
:101E2000084AC2F898000B6823F01F03034343F0ED
:101E30001003C2F89C308B6843F00103C2F8A03055
:101E4000704700BF00ED00E02DE9F043DFF860804F
:101E500085B00E461F4604464FF00009B14523DA0F
:101E60006068D8B13FB1411E08421BD11F2819D963
:101E70002368194216D1236801931FF04DF8A36817
:101E800003430393D8F89050C5F30725D0B2013D22
:101E9000A84207D801A9FFF7C3FF421C09F10109B5
:101EA0000C34DBE76FF01502104605B0BDE8F08397
:101EB00000ED00E0044B0522C3F89420BFF34F8FE0
:101EC000BFF36F8F704700BF00ED00E0BFF35F8F7F
:101ED000024B0022C3F89420704700BF00ED00E0E1
:101EE00010B5034C01232278FFF7AEFF207010BD20
:101EF000067300202DE9F043534B544CD3F8903037
:101F00002568C3F307239D4285B000F29A80FFF74E
:101F1000DDFF00200C2685421AD14D4C4D4F257017
:101F20006846FEF713FBDFF82081DFF82C910646A8
:101F30000025AE4213D1237843490020D1F89020E8
:101F4000C2F30722934276DBFFF7B4FF002042E0A2
:101F5000616806FB0011FFF763FF0130DBE70098C3
:101F600000EB05114FEA051CCB683B40B3F5000FB1
:101F700048D00AD8B3F5001F30D0B3F5800F36D063
:101F8000B3F5801F10D00135D3E7B3F1807F42D085
:101F9000B3F1007FF7D150F80C3088684A681EF022
:101FA000BBFF40F4802009E050F80C3088684A6894
:101FB0001EF0B2FF40F0885040F43020CDE90123FC
:101FC0000390D8F890302078C3F30723013B984260
:101FD0002AD96FF0150005B0BDE8F08350F80C3039
:101FE00088684A681EF098FF40EA0900E6E750F862
:101FF0000C3088684A681EF08FFF40F0007040F493
:102000000030DBE750F80C3088684A681EF084FF27
:1020100040F08270D2E750F80C3088684A681EF0B1
:102020007BFF40F08870C9E701A9FFF7F9FE23782C
:1020300001332370A7E7C1F89830C1F8A00001333D
:102040007CE74FF0FF30C6E700ED00E0048E0300B0
:10205000067300200000F0FF0000081108B50649D3
:10206000064821F00701C1F1005202F580221DF05F
:10207000B4FF002008BD00BFDBC00020AC3600204C
:1020800003484FF0FF324FF0FF331AF029BE00BF74
:10209000F804002001481AF09BBE00BFF80400209D
:1020A00038B50546FFF7ECFF08482A4608211DF021
:1020B0002CFF044628B925B125F06EFA044B0C22FA
:1020C0001A50FFF7E7FF204638BD00BFAC360020AE
:1020D0000C00000010B50446FFF7D2FF214603486C
:1020E0001DF0DBFEBDE81040FFF7D4BFAC3600208A
:1020F00070B5A0FB01543CB92846FFF7D1FF064656
:1021000040B90026304670BD25F046FA044B0C223B
:102110001A50F6E72A46214625F06DF9F2E700BF8E
:102120000C00000070B54169867A0B4D044659B128
:10213000437ADB0706D42C2303FB06535B6A1B6838
:102140009B689847002363612C20214606FB0050C2
:10215000BDE8704024F016BB100C0020024B2C226E
:1021600002FB0030704700BF100C0020827A064B43
:102170002C2101FB02339A6A1B7F1B33801A23F048
:102180000303B0FBF3F07047100C002038B5074B89
:10219000827A2C2404FB02335B6AD3E901240C60AD
:1021A0001568FFF7E3FF04FB005038BD100C00205A
:1021B0002DE9F04385B005466846039190461C46DC
:1021C00024F05CFDDDE90067EFF31189202383F340
:1021D0001288BFF36F8F6B8B002B41D02A8B9A42F2
:1021E00025D90022002328461AF042FE0446F0B109
:1021F00089F31188BFF36F8F039B002B41D03246C8
:102200003B46684624F05EFDA27A264B2C2101FB5A
:10221000023320465B6A1B6803A91D68DDE90023C1
:10222000A847606170BB2046FFF77CFF24E0698B04
:102230004B1E6B8389F31188BFF36F8F2B7F2A8B23
:10224000AC6A1B3323F00303521A02FB0344154B01
:10225000154AEB1A9B105343A3722B7FE372CBE713
:1022600089F31188BFF36F8F2346424628461AF040
:10227000FFFD04460028BFD10024204605B0BDE87C
:10228000F0836361012300252381039B6382E27A4B
:102290006560294604F1180025F0ADF863692582D0
:1022A000E360EAE7100C0020A38B2EBA70B50C4C4B
:1022B0002C2500B970BD037A4668013BDBB203727E
:1022C000002BF7D1C3604360837A05FB03431B6A8D
:1022D00013B198473046ECE7FFF724FFFAE700BF59
:1022E000100C0020024B0122C3F84025002070474B
:1022F00000E0014020B1034B800143F00103184787
:10230000704700BF007D030008B5044824F055F86D
:1023100000280CBF6FF01200002008BD8C7703006E
:1023200010B503460548826814688AB21946A0476A
:102330000028B4BF6FF00400002010BD8C770300AC
:1023400010B50C46014608481EF037FC50B1022C6F
:1023500008D150F8083C2BB11B691BB1BDE81040F7
:102360000068184710BD00BFD0360020F8B590F9BE
:102370000030002B04460D46174602DB6FF01500B7
:10238000F8BD038823F0E0039BB240F20162934260
:10239000F4D1468801791248360A1EF000FC002864
:1023A000ECD0212E04D0222E0FD06FF08500E7E76D
:1023B0000368E1885B685B6813F8092F914294BF5A
:1023C00029602A603B600020DAE7E38850F80C2C93
:1023D0009A4294BF2A602B6050F8103CF2E700BF8D
:1023E000D03600202DE9F04104460E46017914480C
:1023F00017461EF0D4FB0546D0B194F900200068C2
:102400006378002A0DDA012B16D155F8083C9BB1F0
:102410001D688DB13B4632462146AC46BDE8F041D1
:102420006047092B08D155F8083C2BB15D68F0E7EF
:102430006FF01200BDE8F0816FF08500FAE700BF91
:10244000D036002010B50C4601460F481EF09BFB0D
:1024500050B1611E052907D8DFE801F00706030720
:102460000D0F012300F8043C10BD002300F8043CCC
:1024700000F8033CF8E70123FAE710F8033C002BCF
:10248000F2D00023F4E700BFD036002010B5046975
:10249000C4E90012A36000236361064B2061596800
:1024A00004F1140211B9C3E9002210BD0A605A6098
:1024B000FBE700BFD03600202DE9F341254CBFF3E8
:1024C0005B8F1F462368BFF35B8F1646DA0705460E
:1024D0002BD520B96FF0010002B0BDE8F08101A951
:1024E0001EF0CCFB1C4980460246284624F01EFE06
:1024F000E8B9BFF35B8F2368BFF35B8FC3F3C008FA
:102500001B0712D4A4F1D405072229463846B04748
:10251000062895BF44F8D48C0723C5F80380B0FB88
:10252000F3F094BF85F80780E8710020D4E72846CF
:102530000A49424624F0FAFD05460028CAD1102275
:1025400004F19C013846B0470028EEDB044484F8CF
:102550009C50EAE714010020F7B50300E1B703003F
:102560002DE9F04188B09C79DDF838805D791E79DD
:10257000DF7893F802C093F801E01B78B8F1000F00
:102580000ED0CDE90638CDE904CE1346CDE9026779
:10259000CDE90045084A1BF0F3FD08B0BDE8F08125
:1025A000CDE905E3CDE9037C1346CDE90156034AA5
:1025B00000941BF0E5FDF0E7E6B703000AB803005E
:1025C00070B504468CB01E461546A2B129B10A4624
:1025D00002A804211DF05AFD02A900912B462246B3
:1025E000242103A8FFF7BCFF109A314603A8FEF789
:1025F000BBFE0CB070BD0346044A242103A81BF0A7
:10260000BFFD0028F0DA6FF01500F2E72BB80300E9
:1026100007B5064B0648DA79C2EBC20200920022E7
:102620001146FFF7CDFF03B05DF804FB400000202A
:10263000F7B5030030B504468DB0154692B129B107
:102640000A4602A804211DF021FD02A900912B4693
:102650002246242103A8FFF783FF03A81EF0E3FA14
:102660000DB030BD0346054A242103A81BF088FDA8
:102670000028F2DA6FF01500F2E700BF2BB8030074
:1026800007B5009313460A4601460348FFF798FF33
:1026900003B05DF804FB00BF28BA03000A460146F8
:1026A0000148FFF7C7BF00BF28BA030007B5009372
:1026B00013460A4601460348FFF782FF03B05DF860
:1026C00004FB00BF22BA03000A4601460148FFF797
:1026D000B1BF00BF22BA030007B5009313460A46F4
:1026E00001460348FFF76CFF03B05DF804FB00BF31
:1026F00013BA03000A4601460148FFF79BBF00BF1B
:1027000013BA030007B5002203460091034811469F
:10271000FFF756FF03B05DF804FB00BF1ABA0300D1
:1027200007B500220346009103481146FFF748FF12
:1027300003B05DF804FB00BFE1B7030008B5024831
:102740001AF0DCFD002008BD1405002070B51D4CFA
:10275000BFF35B8F2368BFF35B8F13F0010F254638
:1027600022D094F89C30A4F1D40613B9164800F096
:1027700085FBF379D3B1BFF35B8F2368BFF35B8F26
:102780005A0701D400F074FBBFF35B8F55E8003F9C
:1027900023F4006245E800210029F7D1BFF35B8FE5
:1027A0001B0501D5FFF7CAFF002009E001F0FCF886
:1027B00030B9F379002BDED101F006F90028DAD028
:1027C00070BD00BF1401002073BD030007B5009366
:1027D00013460A4601460348FFF7F2FE03B05DF8D0
:1027E00004FB00BF67BA03000A4601460148FFF731
:1027F00021BF00BF67BA030030B50A4D0A4B85B050
:10280000002428460293039424F0A3F802AB00931B
:10281000284606490A234FF4AF621AF075FD204698
:1028200005B030BDF012002034B80300D07900208C
:10283000014601481AF0A6BDF012002001460148E9
:1028400024F05CB8F01200200378012B30B513D0CF
:10285000022B27D07BB9194B0A4603F1100453F819
:10286000045B42F8045BA342F9D11B7813704388E0
:102870004B731B0A8B7330BD104B0A4603F11004D7
:1028800053F8045B42F8045BA342F9D11B78137040
:1028900043684B73C3F307221B0CCB731B0A8A7369
:1028A0000B74E8E700F1100350F8042B41F8042BF7
:1028B0009842F9D103780B70DDE700BF3DB8030003
:1028C00008B51EF0E7FC1AF0DFFF044B1B680BB1E4
:1028D0000A209847BDE808401AF0EABFD836002021
:1028E00038B5054605481EF02DFB044620B10121F0
:1028F0000C301EF088FB2576204638BDEC0C0020FD
:102900000F2810B50ED80D280ED90B481EF01AFB53
:10291000044628B101210C301EF075FB02232376FA
:10292000204610BD1328F0D009B10448EEE7BDE8F9
:1029300010400220FFF7D4BF180D0020680C0020C3
:10294000F8B506460F4602F0A5FA044640B1837872
:10295000012B24D013211FF018FC204601F06EFF3C
:102960003946304605F026FD054628BB3946304637
:1029700004F0E4FC144B1B6823B31C6804B10C3C4A
:1029800053F8043C13B1394630469847D4B1234636
:10299000E4689B68A4B10C3C002BF4D1F7E700235A
:1029A000D0F8A050C0F8A03013211FF0EEFB204655
:1029B00001F044FF002DD3D0284621F08AFCD5E752
:1029C000002BE0D1F8BD00BF9037002070B5C6687D
:1029D0003378B6F801509BB90F21284601F0E2FF89
:1029E000F278044688B90D4B194633F8024B44B9C6
:1029F0006FEA05536FEA135321F81030084B1A544D
:102A000070BD01300528F0D1FAE70273012101F011
:102A10003FFF2046BDE8704001F010BF3C71002030
:102A20000773002010B5084C0146062294F86F0089
:102A300002F054FA38B994F86F000449BDE8104028
:102A4000052202F04BBA10BD40000020C7B70300BA
:102A500010B5012104460C301EF007FB2146034A45
:102A60000078BDE8104000231EF0FEBCFC8E030081
:102A700010B5012104460C301EF0F7FA2146034A36
:102A80000078BDE8104008231EF0EEBCBC8E0300A9
:102A900070B52F481EF06FFA0446002857D0017E0B
:102AA000022932D0082902D1038A032B02D8FFF76A
:102AB000FDFB20E004210C301EF0D7FAFF224388F2
:102AC00006886276228AC6F30B009A42A08301D060
:102AD0002046ECE70F2101F065FF05460028F7D0FE
:102AE00001F09CFF320B6076214628461FF0B1FAB8
:102AF000284601F0A3FE174BD3F84C313BB3BDE899
:102B000070401549154823F0F9BE038A012BCED930
:102B10000C301EF0AAFA054600781EF030FC10F0CA
:102B200002060DD10E4A0F490F4840F6D3331DF06F
:102B3000A0FA86F31188BFF36F8F0323184602DFD4
:102B40000A4A2878062321461EF08EFCC0E770BD95
:102B50008C0100204000002034050020D813002004
:102B60004EB8030082B80300B0B803008C8E030097
:102B70002DE9F047884616468246002879D0BFF3F3
:102B80005B8FDFF8F890002359E8004F49E80032E6
:102B9000002AF9D1BFF35B8F002C6AD02046FFF7E3
:102BA000E5FA354D0C2303FB005027464388534577
:102BB00011D0BFF35B8F59E8003F49E80072002A4B
:102BC000F9D1BFF35B8F002B53D01F463846BDE8C9
:102BD000F047FFF76BBBA6420FD020461EF0ADF9C1
:102BE00004F10C0902230121484623761EF00BFA5A
:102BF000328AF16848461EF017FA2046FFF7B6FA07
:102C00000C2606FB00504368ABB1B8F1000F12D19F
:102C10002046FFF7ABFA06FB005001214268D2E9DB
:102C20000003127A03F01F06B1405B09DAB100EB32
:102C300083001EF0B6FB2046FFF798FA0C2606FB31
:102C400000508368002BC1D02046FFF78FFA7043F5
:102C500005F800802046FFF789FA06FB0055A868B2
:102C60001AF038F9B2E7C94300EB83001EF013FCF9
:102C7000E1E7BDE8F08700BFDC36002088010020D6
:102C800010B5C1E900239DF808300B720C46FFF720
:102C90006DFA034B0C2202FB00335C6010BD00BFD9
:102CA000DC3600202DE9F0474FF0FF3206464FF0AA
:102CB000FF33184888461EF045F9044638B300F142
:102CC0000C07012138461EF09EF901232376204689
:102CD000FFF74CFA104D4FF00C0909FB00504FF074
:102CE000000A46802046FFF741FA09FB0050C0F871
:102CF00008A02046FFF73AFA09FB005503213846A1
:102D0000C5F804A01EF08AF9068080F802802046EB
:102D1000BDE8F087C00C0020DC36002037B5044643
:102D20000D468DF80700A0B929B10B4907222846A6
:102D300024F0ECF940B909490DF10702002005F033
:102D40007DFA002003B030BD29462046FFF7F8FD8C
:102D5000F7E76FF01500F5E7CEB70300C1130300E6
:102D600029289ABF014B185C0920704769B90300F4
:102D7000034B0146D3F86C0182689268104700BF8C
:102D8000400000202DE9F843044600F10C063046CF
:102D90001EF07BF9B4F81080B8F1010F054604D895
:102DA0002046BDE8F843FFF781BA304602211EF005
:102DB0005CF9074600781EF0E2FA10F001090646B9
:102DC0000DD10F4A0F49104840F6F2731DF051F92A
:102DD00089F31188BFF36F8F0323184602DF0523A1
:102DE0000A4A387821461EF03FFBB307D8D56369FD
:102DF000A4F8108013FA85F5E560BDE8F88300BFFC
:102E00004EB80300CDB80300B0B80300648E0300D1
:102E100038B50C461AF038FD237E022B0AD0082B59
:102E200019D121460F481EF091F80F490F4823F0A1
:102E300065FD0BE0E36818781EF0A1FAC2070546AD
:102E400002D52046FFF79EFFAB07EAD400241AF014
:102E50002FFD204638BD2046FFF728FA6FF01504F5
:102E6000F5E700BF8C01002034050020D8130020B6
:102E7000014804211EF095BA1401002038B505461A
:102E8000F9F76AF91028044615D80C482946F9F7CD
:102E900051F970B122462946084824F084FA0848BE
:102EA00003190022214600F5B87083F87021FFF75E
:102EB00037FC002038BD6FF00B00FBE7B0010020AD
:102EC0004000002000487047B001002001481AF07F
:102ED00015BA00BF2405002038B505460C4619B9BF
:102EE000FFF7E0FE0446A8B140F635439D4209D104
:102EF0002046FFF73DFF054650B12046FFF7D6F9C3
:102F0000284638BD0548214623F031FCFFF7DEFF97
:102F10000025F5E76FF06805F2E700BF9401002097
:102F200038B502460B46244DD5F8541109B9002096
:102F300038BD05F598701AF007F80028F7D100227F
:102F4000002305F5AA7019F093FF044668B91B4ADF
:102F50001B491C4840F6E2331DF08BF884F31188BE
:102F6000BFF36F8F0323184602DFD5F8480120B165
:102F7000FFF79CF90023C5F8483120461EF011F8F0
:102F8000C5F848012046FFF7F3FE98B10E4819F046
:102F9000A1FF2046FFF7EAF80C4B0C2202FB0030A1
:102FA0001F2140882246FFF7E3FD2046FFF77EF908
:102FB000FFF78CFF0120BBE7400000204EB8030064
:102FC000E6B80300B0B8030070010020DC36002032
:102FD0002DE9F04F064687B015460C4631B9FFF78C
:102FE00061FE044648B96FF068007BE0887AFFF71D
:102FF000B5F8484B834240F08680012200216846A4
:1030000023F0CEFB2046FFF7B1F8DFF82C910C231C
:1030100003FB0090C0F808D020461DF0C2FF014617
:103020003D4823F0A4FBFFF751FF24F0B5FA3B4BDA
:103030001A583B4B9A4222D1DFF8F0A0DFF8FCB0DF
:10304000354823F0A9FB002180464FF4A020FFF76C
:1030500067FF074688B94FF4D7735246594631483F
:103060001DF007F8304831461DF003F887F311884A
:10307000BFF36F8F0323184602DF4445E0D14FF4BE
:10308000A0220023684619F05FFF074698B14FF46D
:10309000DA73264A264923481CF0EBFF25483A46B6
:1030A00031461CF0E6FF002383F31188BFF36F8FD6
:1030B0000323184602DF2046FFF758F80C23584335
:1030C00019F80060BEB12046093EFFF7EFF8092E5F
:1030D0000ED8DFE806F01B0D0D0A050D0D0D0D18BD
:1030E0006FF00B0007B0BDE8F08F6FF00C00F9E750
:1030F0006FF00400F6E715B12C600020F2E72046DF
:10310000FFF7D4F8F9E76FF01500EBE76FF06E000A
:10311000E8E700BFC00C0020940100200800000078
:10312000A02E0020B0B80300F2B803004EB8030090
:1031300012B903001BB90300DC360020EAB8030013
:10314000F7B5144B93F99B30002B05460C461DDA5E
:1031500014B9204603B0F0BD082C01AA4FF00001BD
:1031600042F21800264628BF0826FFF731FF002844
:10317000F0D1019FF96832460131284624F013F955
:103180003846FFF793F83544A41BE1E76FF085005C
:10319000E0E700BF4000002010B5F9F735F9034B18
:1031A0001B6813B1BDE81040184710BD0037002060
:1031B00073B5274D0646D5F86C0123F0FEF80028BC
:1031C0003FD06FF0020105F1D4001EF064F9012137
:1031D0001EF0E7F8C30737D41DF0EDFF044668BBC7
:1031E0001C4B1E600122114605F5987023F0D8FA99
:1031F00005F5AA7023F07DFA174823F0AAFB1749BA
:10320000154800946FF0070340F698021AF07CF816
:103210001349114823F007FCD5F86C011149836864
:103220001B689847044648B926B902B0BDE870400B
:10323000F9F7EAB805F1C4001AF060F8204602B0C8
:1032400070BD6FF01204F9E76FF07704F6E700BF86
:103250004000002000370020D8130020487F0020C5
:1032600060B90300112E01002DE9F0435F4AB0F868
:103270000170054685B047F470410023104632F8CE
:10328000024BA1422DD1002220F81320584AD65CCF
:1032900000F0CCF9EB78012B08BF564B05F1040484
:1032A00020460CBF93F86F804FF000081DF0EEFF32
:1032B0002146D8B102A81DF0DEFFD5F81130CDF8B7
:1032C0000130B5F81530ADF805304FF00109EB7855
:1032D000012B22D0132138461EF027FB05B0BDE894
:1032E000F0830133052BCAD10026D1E740461EF0FA
:1032F0009CFC0346006802909A889B796868ADF848
:103300000C208DF80E30A288A37995F804900090D7
:10331000ADF804208DF80630D9E702A8FFF782FB4C
:10332000EB78012B04460AD100F090FC6FF080018D
:10333000804610301EF0AFF840461EF001FE002C13
:10334000C8D02346B5F8012023F8702B02989DF8C9
:103350000E20BDF80C1020679A719980B5F81730CF
:10336000A4F88630B5F81930A4F88C30B5F81B30C5
:10337000A4F88E30EB78E3700022012B227324D165
:103380008DF80090BDF804209DF806300098A4F850
:103390007B2084F87D30C4F8770000F057FC237A56
:1033A000144AC3EBC3039918D358C4F87E308B88F2
:1033B000A4F882308B7984F88430D2E9381303F092
:1033C0003F03194301D000F0E5FD0721204601F03D
:1033D0005FFA26B126730121204601F059FA2046F2
:1033E00001F04CFB204601F029FA77E73C71002000
:1033F000077300204000002000B5C3681A7889B028
:1034000032B13C2A32D109B05DF804EB1EF04FB85E
:103410008DF80020B3F80120ADF80120DA788DF89E
:103420000320B3F80B20ADF81720B3F80D20ADF84A
:103430001920B3F80F20ADF81B205A7C8DF81D2001
:10344000586801901A899B7A8DF80A30094BADF8BB
:10345000082068461A689B88CDF80B20ADF80F301D
:10346000CDF81120ADF81530FFF7FEFE09B05DF87C
:1034700004FB00BFDBB7030038B5032104460C3062
:103480001DF0F3FDE3680578B0F80100197840F607
:10349000354398420AD02246FFF76AFB35B104480B
:1034A00019F018FDBDE83840FFF710BD38BD00BF6A
:1034B0007001002038B5042104460C301DF0D5FD04
:1034C0004578017840882246FFF752FB35B1044821
:1034D00019F000FDBDE83840FFF7F8BC38BD00BF6B
:1034E0007001002070B54FF0FF320D464FF0FF33F2
:1034F00000210646FFF704FA044660B90A4A0B4960
:103500000B4813231CF0B5FD84F31188BFF36F8FB4
:103510000323184602DF022104F10C001DF07EFD9A
:1035200006704570204670BD93B90300E6B80300ED
:10353000B0B80300F8B50A4DEF7906460024E3B2AF
:103540009F4202D86FF0010007E0294630461EF086
:10355000A3FA0735631C08B12046F8BD1C46EEE708
:103560004000002037B504460D46B9B1164928463B
:103570001EF092FA90B91548C4EBC40429462044C1
:103580001EF092FA12481EF096FA430703D5FFF791
:10359000D5F81DF012FE002003B030BD68461DF0C6
:1035A0005CFE0028F8D16846FFF7C4FF0028F5DA72
:1035B000064BC4EBC400184469461EF075FA002D92
:1035C000E0D001462846DBE7CEB7030040000020EC
:1035D0001401002070B5144E06223146044623F033
:1035E00095FDD8B1062142F20500FFF75BFB0546C9
:1035F000B0B1062221460C301DF016FD00222946EE
:1036000042F20500FFF7E4FC48B93346226843F86C
:103610006929A288B280012283F86820002070BD49
:103620006FF06800FBE700BFA90000200A4BBFF362
:103630005B8F53E8002F22F4806143E800100028DC
:10364000F7D1BFF35B8F530504D504490022022054
:1036500004F016BE704700BF14010020891C03004F
:1036600007B50023CDE9000304496A46022004F0AF
:1036700007FE019803B05DF804FB00BF9D1B03002B
:10368000F7B5054670B1464C94F8222194F82331E1
:103690000AB19A4208D2013384F823312B7A43F0DD
:1036A00004032B7203B0F0BD00210222084601F092
:1036B00015FC0646A8B1BFF35B8FD43454E8003F35
:1036C00043F4806344E80032002AF7D1BFF35B8FF4
:1036D0002B7A43F001032B7203B0BDE8F04001F0F8
:1036E000ADB801462F4800F0ABFA94F82331B3B9D6
:1036F00094F8232194F822319A421FD100221146D6
:1037000042F22900FFF764FC70B994F823310133C9
:1037100084F823312B7A43F004032B7204E0304603
:103720001EF00BFA0028E3D001201EF006FA1E4816
:10373000002103B0BDE8F04000F082BA2A466F1CB9
:1037400012F82A0B39461EF0BCF906460028EBD1C8
:1037500094F82331013384F823312B7A43F00403A6
:103760002B7294F8A7305B07DED5394668461EF009
:103770009BF90123082142F24E008DF80730FFF734
:1037800091FA04460028CFD0694608220C301DF07B
:103790004BFC3246214642F24E00FFF719FCC3E7CC
:1037A00040000020F31B03006B1B03002DE9F041D8
:1037B000054660B33C4C94F8222194F82331F2B1D1
:1037C000013293421CDC00210222084601F086FBF4
:1037D0000646F0B1BFF35B8FD43454E8003F43F4A6
:1037E000806344E80032002AF7D1BFF35B8F2B7A65
:1037F00043F002032B72BDE8F04101F01FB813B192
:10380000013B84F823312B7A23F004032B72BDE8AB
:10381000F0810146254800F013FA30461EF08DF97C
:10382000074688B994F8233194F822219A4217D296
:10383000013B84F823312B7A1D4923F0040302460F
:103840002B72022004F01CFD94F8233113B10120E7
:103850001EF073F9BDE8F0411648002100F0F0B900
:10386000072142F22800FFF71DFA05F1010806467C
:103870000028E9D007210C301DF0D0FB41461EF096
:1038800013F93A46314642F22800FFF7A1FB00281F
:10389000DAD194F82331013B84F823312B7A23F0D9
:1038A00004032B72D0E700BF40000020F31B03008D
:1038B000251B03006B1B030070B5044611B16FF0AC
:1038C000150070BD80B11B491EF0E6F860B92046B6
:1038D000FFF730FE002827DA2378012BEFD1A379F8
:1038E00003F0C003C02BEAD1134DEB79012B1ED09E
:1038F00005F1D4001EF0DFF8C30707D4002CDED09A
:103900000C4920461EF0C8F80028D8D1EE7921468F
:10391000731C3046EB71FFF725FE08B93046D0E73F
:10392000EB79013BEB71CCE76FF07700C9E76FF003
:103930000B00C6E7CEB70300400000202DE9F3419D
:103940000446D8B101AA002141F20900FFF740FB6B
:10395000054698B9019E1249D6F80C8008F1010776
:103960000622384623F0D2FB28B10E4906223846FB
:1039700023F0CCFB30B93046FEF798FC002002B0B3
:10398000BDE8F081D8F80130C4F80130BB88A4F854
:10399000053030462570FEF789FC0120EFE700BFB7
:1039A000DBB70300D5B7030007B56846FFF7C6FFCE
:1039B000044BD87118B169460020FFF7D3FD03B05E
:1039C0005DF804FB40000020F0B5294DEE7989B088
:1039D000002E46D195F8C230DB0722D56A46314623
:1039E0004FF60940FFF7F4FAD8B9DDF800C0DCF86B
:1039F0000C406378012B1E4628BF012673B1A31C1F
:103A000002AA123418685968174603C70833A3423C
:103A10003A46F7D1186838609B88BB806046FEF74D
:103A200045FCEE71002416260127EB79E0B28342B3
:103A300002D8B3B1002012E008AB06FB00336946A0
:103A400053F8182C33F8143CCDF80120ADF80530AC
:103A50008DF80070FFF786FD01340028E5D009B02D
:103A6000F0BD0021084609B0BDE8F040FFF724BFD3
:103A7000400000202DE9F0410D4617461C46064641
:103A8000002856D0002B54D00A03037808D56D07C0
:103A90004FD41EF0DEF8002849D1012323700CE03A
:103AA000E9072CD526480FB1AA0608D4C3EBC302F8
:103AB000825C012A12D002B92270002037E090F80F
:103AC000D820510638D5C3EBC302825C012A05D049
:103AD00002B92270237843F00203DFE74FF00108B8
:103AE000072111FB0381014430461EF0AAF8F0B90A
:103AF00084F80080002FE0D0AB06DED5EAE76A0745
:103B000011D50F49C3EBC3028E5C012E08D10722E9
:103B100012FB036319441EF094F840B92670EBE7DA
:103B2000002EE9D1FAE71EF094F801232370BDE8D6
:103B3000F0816FF01500FAE76FF08500F7E700BF3E
:103B400040000020F8B545686905064635D404698B
:103B500014B115F0010330D0194F3078FB7983424E
:103B60002BD9C0EBC00017490722384423F0CEFA06
:103B7000A8B115F0010306D197F87020082A02D8E1
:103B8000B2689F2A19D915F0300F09D0ACB1EA06F6
:103B90000AD405F46035B5F5603018BF0120F8BDD2
:103BA000EB0601D4002CF4D1D6E902239A4204D8C2
:103BB0001F2A02D9B3F5804FEBD90020EFE700BFF1
:103BC00040000020CEB7030008B5044907220930A1
:103BD00023F09CFA003818BF012008BDCEB70300BF
:103BE000F8B5154B067883F86F6004460D46FFF76D
:103BF000EBFF70B91149304601F020F9044610B9C5
:103C00006FF00B00F8BD052100F042FE2C60002093
:103C1000F8E704F10907394630461EF00DFB40B9BC
:103C20002078394601F00AF904460028E8D0062138
:103C3000EAE76FF01500E5E740000020C7B7030092
:103C400003460148184700BF58000020004870474D
:103C5000580000202DE9F04FD1F810908DB09A4611
:103C60000023B9EB030605469048059218BF0126CC
:103C700007931EF02AF80C46410740F10C812046BC
:103C8000FFF760FF28B96FF0150B58460DB0BDE87F
:103C9000F08F20461DF0F4FF80460028F3D005F198
:103CA000100738461EF011F80206C0F3C01300F1E9
:103CB000F580CDE90933CDF82B30A3686068ADF805
:103CC0002030E368ADF822301DF0F0FF6FF4807112
:103CD0008DF82D0075481DF0FEFF754A23782B7076
:103CE00082F86F3061680DF1250332462846FFF7F0
:103CF000C1FE83460028C8D105F10903B9F1000FC0
:103D000018D021690868C5F80900888898808979E1
:103D1000997120461EF0DDF863680646D8071BD46B
:103D20009A0503D4169B0BB9022E56D102238DF8A7
:103D3000243023E05F4A1168C5F809109188927910
:103D400099809A7120461EF0C4F86368D907064628
:103D5000E6D58DF8249011E013F0100F0CBF01236D
:103D600004238DF8243023691968CDF8261099882A
:103D7000ADF82A109B798DF82C30D8460F2142F2ED
:103D80000600FEF78FFF8346002800F08A800F228E
:103D900008A90C301DF048F90022594642F20600ED
:103DA000FFF716F900287FD1B9F1000F1BD0636827
:103DB000DB0726D4284601211EF09BF8079D834689
:103DC000002860D0002D3FF460AF2846002100F0AD
:103DD0005FFD284600F032FD57E70323DDF85880E9
:103DE0008DF82430CAE7179B0093CDE90186169B16
:103DF0000599524628461DF0F5FF83460028D6D087
:103E000043E707A92846FFF7EBFE83460028D1D0F9
:103E100010F10C0F7FF439AFB9F1000F7FF435AF1B
:103E2000636898073FF531AF626882F00202C2F31F
:103E3000400B0BF001020E2138461DF0BAFF731E35
:103E40005A425A41082138461DF0B3FFB11E4A427A
:103E50004A41384609211DF0ACFF62680A2102F090
:103E6000010238461DF0A5FF42460B2138461DF0E1
:103E7000A0FF62680D21C2F3800238461DF099FF51
:103E80004FF0000B01E715B1284600F0D7FCB9F15F
:103E9000000FCED1C8E76FF00A0BF6E66FF0770B94
:103EA000F3E66FF0680BF0E68346EEE614010020BF
:103EB00040000020CEB7030073B51546069A0C46A5
:103EC000CDE900322B460A4601461148FFF7C2FEF3
:103ED00021460646002340F201109D4202D13046A1
:103EE00002B070BD0A88824204D14A6812B11278C9
:103EF000D20702D401330831EFE70649064822F021
:103F00002EFD4FF470220023034819F099FAE6E7DA
:103F100058000020471F03007000002010B519480A
:103F20001EF00EF818486FF480411DF0D4FE1648BC
:103F30001DF0CBFE03461A06C0F3C01021D512486F
:103F40001DF0C3FE430513D50E48FFF73DFE0F4994
:103F50000346087E93B90E49052200F0BFFF0446D0
:103F600030B10021017300F093FC204600F066FCA4
:103F7000BDE81040034800211DF0BBBF06222131DF
:103F8000EBE710BD58000020680000204000002032
:103F9000C7B7030073B53248314C1DF096FE10F4DC
:103FA000804F5AD020461DF090FE030655D420467F
:103FB0001DF08BFE460550D501A9A4F11000FFF7B6
:103FC0000FFE002849D1A4F11000FFF7FDFD0246C5
:103FD00020461DF07AFEC0F3803120461DF075FEAC
:103FE00081F0010145054FEA41011D4848BF41F0FC
:103FF00001011DF06AFE800448BF41F00401194828
:104000000DF10303FFF736FD054630BB15480121CE
:104010001DF06FFF019E28B9304602B0BDE8704028
:1040200000F00CBC2946304600F032FC6FF48041B1
:104030000B481DF050FE0546304600F0FFFB6B04B8
:104040000BD5BFF35B8F54E8003F43F4804344E853
:104050000032002AF7D1BFF35B8F02B070BD00BF02
:10406000680000205800002070B59AB03B4B0393C5
:104070000021142204A823F0BEF944F2010309A888
:1040800009931DF062FF099B059301A9344B069328
:1040900003A817F0DBFF10B31F25324BBFF35B8F74
:1040A00053E8001F21F0010143E80012002AF7D174
:1040B000BFF35B8F2C4E19F0E7FB3468002C45D022
:1040C000002DA4F10404294D18BF002523680BB16D
:1040D000284698476468002C38D0043CF6E70198DD
:1040E00002AB412209A921F0B7FA0028D4D1204A15
:1040F0000DF125030DF1650153F8040B42F8040B93
:104100008B42F9D11B49019802AB202221F049FAD8
:104110000028C1D1019821F0FAF905460028BBD149
:10412000134912481DF01EFF134820311DF01AFFDD
:10413000BFF35B8F114B53E8001F41F0100143E8C0
:104140000012002AF7D1BFF35B8FA6E70023C6E970
:10415000003319F0ADFB1AB070BD00BF1271000141
:1041600000000209043700200C3700206C73002087
:104170002C7300200C7300208C730020140100208D
:1041800030B5A7B004233D22002116A8159323F0D3
:1041900032F92D4B07931422002108A823F02BF9A4
:1041A00044F201030DA80D931DF0CFFE0D9B099362
:1041B000264B0A93264905AB202207A821F078FA5E
:1041C000D8B16FF0040419F05FFB224B1D6885B174
:1041D00000201860204BBFF35B8F53E8001F21F0D5
:1041E000020143E80012002AF7D1BFF35B8F24B32A
:1041F000A84719F05DFB27B030BD184B0DF15502F3
:1042000003F14000194653F8044B42F8044B834233
:10421000F9D106AB02932023CDE900130B48059991
:10422000412315AA21F089FB0028CAD1059821F065
:104230006EF904460028C6D0C3E70DA807491DF053
:1042400091FE0DA8D4E700BF127100010000020921
:104250000C73002008370020043700202C73002046
:1042600008B50449402222F051FFB0FA80F040091D
:1042700008BD00BFC9B9030010B598B014220446A8
:10428000184B0193002102A823F0B5F84FF48043A6
:1042900007A807931DF059FE079B0393124B049345
:1042A000214604230DF11D008DF81C301DF05AFE2F
:1042B00004F120010DF13D001DF054FE6B4641223A
:1042C00007A901A821F0F4F9044601A821F093FC04
:1042D0002CB9009821F01BF9012018B010BD002066
:1042E000FBE700BF124100010000020910B50028E1
:1042F00037D0204A136823B1043B834234D05B6833
:10430000F9E71D4BBFF35B8F1968BFF35B8F89071C
:104310002DD414684460011D5068116000B95160CB
:10432000BFF35B8F53E8002F42F0010143E8001018
:104330000028F7D1BFF35B8FD30701D5002010BD54
:104340000E4BBFF35B8F53E8001F21F0100143E8D1
:104350000012002AF7D1BFF35B8F0948FEF76EFA0F
:10436000ECE76FF01500EAE76FF07700E7E76FF032
:104370000F00E4E70C370020043700201401002070
:1043800054050020054BBFF35B8F1B680448BFF347
:104390005B8F13F0100F08BF00207047140100203E
:1043A0006C73002070B505461E4803688B4232D0FE
:1043B000BFF35B8F1C4B1B68BFF35B8FDA062DD5F9
:1043C000036813B16FF00F0070BD184ABFF35B8F25
:1043D0001368BFF35B8FDB07F4D4BFF35B8F52E846
:1043E000003F43F0020442E80046002EF7D1BFF33D
:1043F0005B8F13F00204E5D101600D4829461DF0E2
:10440000B1FD0C4805F120011DF0ACFD0A48FEF796
:1044100015FA2046D8E76FF07700D5E76FF07C00FB
:10442000D2E700BF08370020140100200437002025
:104430002C7300204C7300204405002070B50C4BF9
:104440001C68054644B154F81C3C1C3C13B1297B44
:1044500028469847E469F5E7064C074EB44200D376
:1044600070BD236813B1297B284698472034F5E7AF
:10447000883700209C7B03009C7B030010B504461A
:10448000FDF774FE044901EB001120461CF03FFFCC
:10449000BDE81040FEF71ABD1437002070B5D1E911
:1044A000015600220446C1E90122064822F05FF9C4
:1044B0003DB1314620462B466FF06D02BDE870409D
:1044C000184770BDE00B002070B5002205460E466F
:1044D000094800230021FDF76BFE044658B1FDF7A3
:1044E00045FE064B324603EB001329462046BDE845
:1044F00070401CF0E7BE70BD940C00201437002003
:1045000030B5437B072B85B0044636D1051D4FF4EB
:10451000806128461DF050FD40052ED428461DF030
:1045200045FDC10323D5164D95F8D930DA0709D5D5
:10453000022300211A46009120461DF053FA637BA6
:10454000072B1AD195F8D8309B0616D51DF07FF8A9
:1045500098B10DF10E0103A81DF0CFF968B9BDF8AF
:104560000E20BDF80C1020461DF01EFA05E0204676
:104570001DF000FA637B072BD5D005B030BD00BF1E
:104580004000002070B505460F480022002318F0B7
:10459000DBFCB8B90D4B1C6834B154F8143C1C3C1E
:1045A00003B19847E469F7E7094C0A4EB44204D3D3
:1045B0002846BDE8704018F0A1BEA36803B1984733
:1045C0002034F3E770BD00BFC80B002088370020FF
:1045D0009C7B03009C7B03002DE9F843DFF85480AB
:1045E000044620270025EFF3118387F31288BFF3D9
:1045F0006F8FE16929B983F31188BFF36F8FBDE82D
:10460000F883206A0A68E261814208BF226283F36C
:104610001188BFF36F8FD1E901694046C1E90155A7
:1046200022F0A5F81EB1002249462046B047FEF709
:104630004DFCD8E7E00B00200448B0F80431002B13
:1046400000F5847008BF0020704700BF40000020C4
:1046500030B5044622F0A0FF0D460C490C4A09581B
:1046600091428BB005D120460BB0BDE83040FFF73A
:10467000B3BF24342146104622F040F91DB16946EB
:10468000204622F04BF90BB030BD00BF08000000FF
:10469000A02E002038B5002204468A4202D1002410
:1046A000204638BD04F1C8030120BFF35B8F53E8F7
:1046B000005F002D04D143E8000CBCF1000FF6D1DF
:1046C000BFF35B8F02D0D0340244E6E7002CE6D083
:1046D000C8220021204622F08EFE04F14000044949
:1046E00022F03DF9034904F1240022F0DCF8D7E779
:1046F000555001000520030038B50121044600F1A2
:10470000BC03BFF35B8F53E8002F43E80015002D77
:10471000F9D1BFF35B8F52B91DF0FAFC19F0B4F870
:10472000054804F1B8011DF027FC19F0C1F8BDE8F7
:104730003840FEF7CBBB00BF6401002070B53C4B96
:104740005A8B32B13B4DD5F8244134B90024204670
:1047500070BD1B68002BF5D1F8E754F8B83903B1E8
:10476000B83B3549002601E01C461346B5F8042144
:10477000002A5AD0D5F810214AB904F1B806002B06
:10478000E4D0D3F8B820002AEED0B83AECE70A68B3
:10479000002AF2D0D4F8A420002AEED0D4F8A82021
:1047A000002AEAD0D4F8AC20002AE6D0637B072B9D
:1047B0000DD12046904750B104F1C0001DF0F6FB2A
:1047C000022804DC2046BDE870401DF0A1BCD4F8EE
:1047D000B83004F1B80206BBD5F82811C5F8243169
:1047E0008A4201D1C5F828310022C4F8B82004F16A
:1047F000BC03BFF35B8F53E8001F43E80020002891
:10480000F9D1BFF35B8F2046D4F8AC30984700282D
:104810009DD02046FFF770FF99E73360D5F8283127
:104820009A4208BFC5F82861DEE79368FFDE00BF43
:10483000940C002040000020E00B002037B5C83069
:1048400010F8C65C10F8C54CBFF35B8F50E8003F12
:104850005A1E40E800210029F8D1BFF35B8F01A860
:1048600001931DF0A3FB01280BD1074818F032FB80
:10487000064818F043FD012D03D1012C01D1FFF7AB
:1048800089FB03B030BD00BFC80B002074050020B9
:1048900070B5457B8D4204467ED0417325B983783F
:1048A000082B01D01DF034FC637B012B09D13B4D5B
:1048B00005F58476616900295CD1BDE87040FEF79A
:1048C00005BB072B09D0002B66D1A378042B20D180
:1048D0002046BDE87040FFF7B1BFA378042B5BD042
:1048E0002F48002119F0FEFB0023C4E90D33E378C3
:1048F000012B51D1A378012B04BF032384F89430FA
:1049000004F140004FF42032BDE87040002318F05D
:1049100063BD082D40D801A353F825F09949010043
:104920004149010067490100D1480100D148010017
:10493000D1480100674901009949010099490100E6
:1049400004F14005284622F018F820460121FFF71F
:104950007FFE20461DF074FB28460022BDE8704013
:10496000002318F06DBD237B002BB1D02046FFF74C
:1049700065FDADE7A2690B686361914208BFA36161
:104980002046FFF78BFDB5F80431002B14BF3046ED
:10499000002018F09FFA8DE770BD00BF4000002096
:1049A0008405002010B502460C46074805211DF07D
:1049B000CAFB034610B90023184610BD8278144282
:1049C000FAD1FFF73BFFF6E7C01400202DE9F047CE
:1049D000DFF834A006460F46904600254FF0D00978
:1049E00009FB05A01DF094FB044620B183781E420C
:1049F00006D1FFF723FF0135052DF1D1BDE8F08782
:104A00004146B8472046F4E7C0140020024900227E
:104A10000120FFF7DBBF00BF01450100034BC01AB7
:104A2000034B00115843C0B2704700BFC0140020B0
:104A3000C54EECC470B51C46144305460E4608D05E
:104A400022F0AAFD0A4908580A49884204BF0022F8
:104A500013460949002D14BF284608461CF072FA77
:104A6000044618B1711D0C301CF0CDFA204670BD03
:104A700008000000A02E0020100C002010B50446F5
:104A8000054818F03BFC204600F0C6FB2046BDE878
:104A90001040FFF7D3BC00BF640500202DE9F04FA4
:104AA00085B0002301930393FFF748FE044668B1E5
:104AB000427BD0F8A430072A17D002AA4FF0FF316A
:104AC0009847014628B92046FFF7B8FE05B0BDE873
:104AD000F08F039B019A20461DF07DFAD4F8A43094
:104AE00002AA4FF0FF312046EAE7DFF8689102AAF8
:104AF000B9F80411984705460028E4D0B9F8042114
:104B0000029B9A4206D30146D4F8A86003AB01AADF
:104B10002046B0472B8A039EDDE9018B002B00F075
:104B20008A8028461CF009FC8246002840F08380D9
:104B3000B9F804314548002B08BF002000220023AB
:104B400018F002FA002876D141480022002318F01C
:104B50008FF9074600286ED0C0E90186B9F80461D4
:104B60002B8AB34598BF1FFA8BF6B34242D9284629
:104B70001CF017FA3146FFF7A7FCB9F8043194F896
:104B8000C4809B458CBF4FF0010A08F1020884F8ED
:104B9000C4A0064698BF5FFA88F804F1C00ABFF3C4
:104BA0005B8F5AE8003F01334AE80032002AF8D10F
:104BB000BFF35B8F04F1140B394658461DF0DCF946
:104BC000A378012B19D1042106F10C001CF03DFA49
:104BD000238808F0FD0843EA08330380338A043B46
:104BE0004380042333763046FEF7C2F828B9FEF737
:104BF0006DF968E731462846BDE7BFF35B8F5AE899
:104C0000003F013B4AE80032002AF8D1BFF35B8F36
:104C1000394658461DF0F9F93046FDF747FB204666
:104C20003946FFF73BFCB9F804310848002B08BFB0
:104C3000002018F04FF929462046039B019A1DF0E9
:104C4000CAF9132120461DF0A0FA3CE748010020D4
:104C5000E00B002040000020F8B5031D0446184674
:104C60001DF0A4F9820419D5B4F88620B4F8881090
:104C7000914213D8B4F88A1091420FD3D4E9231289
:104C800091420BD1BFF35B8F53E8001F21F4005119
:104C900043E80012002AF7D1BFF35B8F104B1D6869
:104CA0006DB155F80C6C1C3D3EB1B4F88E30B4F8C3
:104CB0008C20B4F886102046B047ED69F0E7094D26
:104CC000094FBD4200D3F8BD2E693EB1B4F88E3015
:104CD000B4F88C20B4F886102046B0472035F0E7B1
:104CE000883700209C7B03009C7B03002DE9F0416A
:104CF000074608460D461CF0AFFC064618B90026CC
:104D00003046BDE8F081144B1C6884B154F8103C67
:104D10001C3C0BB9E469F8E7294638469847002857
:104D2000EDD028461CF098FC0028F3D1E7E70B4CA7
:104D3000DFF82C804445E3D2E3680BB92034F9E76F
:104D40002946384698470028D9D028461CF084FCCC
:104D50000028F3D1D3E700BF883700209C7B0300F5
:104D60009C7B03002DE9F041C37804468BB900F128
:104D70007E06114B1D687DB11C3D04F170076B6907
:104D80001BB13A46314620469847ED6925B11C3D96
:104D9000F5E700F17706ECE7084D094F04F17008DC
:104DA000BD4201D3BDE8F0816B691BB1424631467B
:104DB000204698472035F3E7883700209C7B030086
:104DC0009C7B0300F8B5437A8372054616461DF0B6
:104DD00062FB0D4B1C684CB154F8043C1C3C1BB1ED
:104DE000697A324628469847E469F4E7074C084F49
:104DF000BC4200D3F8BDA3691BB1697A324628468C
:104E000098472034F4E700BF883700209C7B0300DC
:104E10009C7B030008B5084B1A6800F11C0122B9FD
:104E200005481DF0A9F8104608BD914201D012684E
:104E3000F5E76FF01000F7E78837002038B5054632
:104E40000C460F480521FFF725FCC0B10572236809
:104E50000367A388A0F87430A37980F87630012323
:104E6000437283728370074BC0F8A430064BC0F8BE
:104E7000A830064BC0F8AC30054BC0F8883038BDC0
:104E8000C0140020F1520100991F03008D1F030080
:104E9000180028002DE9F0410F4E074688460025EE
:104EA00030461DF035F9044620B18378012B0AD035
:104EB000FFF7C4FC0135052D06F1D006F0D1002422
:104EC0002046BDE8F081424639461DF095F900289C
:104ED000F6D12046ECE700BFC01400202DE9F047D2
:104EE000DFF850A006460F46904600254FF0D00947
:104EF00009FB05A01DF00CF9044620B18378012BB5
:104F000006D0FFF79BFC0135052DF1D100240DE003
:104F100037B13A4631461DF06FF908B92046F0E73F
:104F2000637B4345FAD1237AB342F7D12046BDE8EB
:104F3000F08700BFC014002038B583780B70C378A9
:104F40004B70037A8B70437B023BDBB2062B0C4623
:104F500098BF24494FF0000298BFCB5CE27788BF2E
:104F60001346237705461DF0BAF9607728461DF0F1
:104F700072F9A077AB78012B31D105F17003A360F2
:104F80002B7A194AC3EBC30313446360E97805F134
:104F90007E0305F1770211B1194613460A46C4E9AA
:104FA0000323B5F88630A382B5F88C30E382B5F8D8
:104FB0008E302383D5F8A03023B15B7BDA0644BF63
:104FC0000123E377D5F8A03013B15B7B9B0601D4B6
:104FD000002038BDE37F43F00203E377F8E76FF08A
:104FE0001500F6E709BA03004000002038B5044672
:104FF00008460D461CF030FB38B3154B93F8D830FB
:10500000990707D4E37873B129462046BDE83840B4
:1050100000F0D4B994F895309A07F3D5201D1CF010
:10502000C5FF4304EED4294620461DF069F958B95E
:105030002B88A4F888306B88A4F88A30AB88A4F851
:105040009030EB88A4F8923038BD6FF01500FBE784
:1050500040000020F7B510F8333C0446A0F14006AC
:105060000BBB30461DF0FFF9314B1D684DB155F8B3
:10507000183C1C3D1BB114F8341C30469847ED69B0
:10508000F4E72C4D2C4FBD4205D3304603B0BDE8AC
:10509000F040FFF7D3BB6B681BB114F8341C3046EB
:1050A00098472035EFE710F83E3C012B3DD1BFF388
:1050B0005B8FA0F13C0555E8003F23F4005245E822
:1050C00000210029F7D1BFF35B8F9B041CD5A36C93
:1050D00000936946236D01933046FFF787FF58B967
:1050E000BFF35B8F55E8003F23F4805345E800325F
:1050F000002AF7D1BFF35B8F4FF40061284603B05D
:10510000BDE8F0401CF058BF0C4A106851686B466F
:1051100003C369463046FFF769FF0028ECD14FF41E
:10512000805128461CF048FFE6E703B0F0BD00BF01
:10513000883700209C7B03009C7B0300BC7C030021
:105140000B4B58B11A6862B942693AB942685AB908
:1051500082684AB9C2683AB982692AB918600020DF
:1051600070476FF0770070476FF01500704700BF11
:105170009837002008B568B1094B1A6800F10C0196
:1051800022B907481CF0F8FE104608BD914204D031
:105190001268F5E76FF01500F7E76FF07700F4E7B6
:1051A0009037002010B50C4821F0A3FA0B490A48AB
:1051B00021F0DDFA0A49084821F0D9FA09490648E0
:1051C00021F0D5FA1DF099FE02F0EAFF044608B975
:1051D0001DF029FA204610BDE00B002064370020A6
:1051E000703700207C37002030B5094C002354254F
:1051F00005FB03F00219205828B10133052BF7D124
:105200006FF00B0030BD034B53600A60FAE700BF3C
:105210009C3700202C8F0300F7B5274D274F0446FD
:105220000026BD4201D303B0F0BD6B6801A9204642
:10523000984700283BDB019B2A889A829A8403F1D5
:105240001002A868BFF35B8F52E8001F42E8006CB1
:10525000BCF1000FF8D1BFF35B8FC3E913669E6406
:105260009E60A16B03F1080219BBC4E90D221C600A
:10527000D86003F1300021F03CFA019843681B68C4
:1052800003B19847019BBFF35B8F103353E8001FB6
:1052900041F0010143E80012002AF7D1BFF35B8F10
:1052A00001984368DB6913B100F1100198470C3590
:1052B000B7E70A60A263DAE7787B03009C7B030010
:1052C00030B5044652EA030008D022F065F9064DD5
:1052D0002D580648854204BF00221346204604315B
:1052E000BDE83040FFF7A6BB08000000A02E00205C
:1052F0002DE9F843D0F8B0400E4690464CB1483CFA
:10530000236B63B104F13009484621F045FA0546A4
:1053100050B9FDF7DBFD00252846BDE8F88320469F
:105320001DF039F8A46CE9E71CF007F80028F2D169
:10533000236D9BB9A38C2F8A403B9BB23F2B03D894
:10534000238D9F4228BF1F46042105F10C001BF04E
:105350007CFE0780A38C438004372765236D2A8A4F
:105360009E420ED3934215D0A38C403B9BB23F2B61
:105370001ED920461DF00FF8236B13B120461CF0F8
:10538000E9FF236DC8F800309E4234BF9E1B002603
:105390002665C1E700220023484617F069FDA38C6B
:1053A000A3F140023F2AE4D8034AAA61EB61E0E797
:1053B00000221346F9E700BF4D25030070B5124BDC
:1053C0000C4619780131C9B2012938BF01210546BF
:1053D0000822122019701DF07BF8064688B10821BA
:1053E0000C301BF01BFE2288028062884280A2885B
:1053F0008280E288C28031462846BDE870401DF0B8
:10540000B2B86FF00B0070BDAC73002023281FD81A
:105410001A2804D8431E182B0ED906207047A0F175
:105420001B03082B1ED8DFE803F0051D1B231D19E5
:10543000251D0500032070470F4A012383401A40B1
:10544000C2B90E4A1A40002A14BF01200620704734
:1054500000F07F03522B05D10020704701207047D8
:105460000520704710F0400F0CBF06200020704749
:105470000420704702207047AAAA8A0254554501A9
:1054800070B50E46438D418B8B4202F1010228BF5D
:105490000B469A4205461ED83046FFF7B7FF022852
:1054A00010D004280ED022F077F8144B1958144B62
:1054B000994213D0134B1B685A1A18BF4FF0FF3292
:1054C000134602E04FF4702200230F480021FFF73B
:1054D000F7FE044620B90024204670BD0022EFE705
:1054E000FCF744FE094B182202FB0033012104F1B2
:1054F0000C009D601BF092FD0670EDE708000000B7
:10550000A02E0020883900203C0C002040390020CB
:10551000011F014821F004B85C0A002010B500F119
:1055200054030446BFF35B8F53E8001F41F00101B1
:1055300043E80012002AF7D1BFF35B8F201F1DF054
:10554000D2F904F17400044921F009FA2068BDE899
:10555000104001F03DBE00BFAD2F030070B50378D1
:105560008AB004460E4607AD032B20D8DFE803F0CF
:1055700002191B1D11492846F6F7E6FD05956378CB
:105580000493A3780393E3780293237901936379D7
:105590000093A3790A4A1E21304618F0F1FD0AB0A3
:1055A00070BD0849E7E70849E5E70849E3E7084A25
:1055B0000A21284618F0E4FDE0E700BFE2B5030049
:1055C0000BB60300E9B50300F0B50300FAB503001C
:1055D00004B603002DE9FF4105460E464FF00008D2
:1055E0004FF42053006817688DF8088002A914460C
:1055F000ADF80A301BF0E3FDA0B142F601032868C4
:105600008DF80C8003A9ADF80E301BF0D8FD48B121
:1056100023691BB15A88B24200D25E80012004B0D7
:10562000BDE8F081616828681BF0C9FD10B1002356
:105630002361F3E7E368A0681A786AB1B7F82AC073
:10564000798B038A8C4594BFC3EB0C03C3EB010336
:10565000934201DA0020E2E704210C301BF0DEFC6B
:105660002061068023695E80074B00930194A26845
:105670000023294638461DF079F90028EADB206925
:10568000003818BF0120CAE74D290300F7B50023F1
:1056900004460E462B480022694617F033FA0546A9
:1056A000D0B921F079FF284B009F1A58274B294683
:1056B0001A60381D282221F09EFE3C60009C244880
:1056C0000195C4E90155C4E909550022002301A947
:1056D00017F018FA054620B16FF00B05284603B005
:1056E000F0BD019B0146B022184621F084FE194A04
:1056F0008260603020F0FDFF019BBFF35B8F583369
:1057000053E8002F43E800510029F9D1BFF35B8F24
:10571000019B1C60636A019F1BB904F10C0020F01F
:10572000E8FF626AC7F8A820A26A07F1A8036362CB
:1057300002B9A362019B17225A855A83043333604E
:10574000CCE700BF400A0020080000008839002094
:105750005C0A0020940500202DE9F74317680546F0
:105760008846006851687E6814461BF028FD814613
:10577000002842D13046952229461DF0EBFF06460F
:10578000207540B1E3681B780BB184F814900020B9
:1057900003B0BDE8F083A0681BF007FC02210C30C9
:1057A0001BF03CFC164B2061A0F800800093019494
:1057B000A2683346294638461DF0D8F8002807DA93
:1057C00010F1FF0F26BF4042C0B20E202075DEE769
:1057D0002369002BDBD0A0681CF030FF7B8D7A8B17
:1057E0009A4294BFC0EB0200C0EB0300E3681B7851
:1057F000984294BF00200120CAE70120C8E700BFFB
:105800004D2603002DE9F74F064608460C46FCF7E7
:10581000ADFCDFF898801823434308EB03020546EC
:10582000D2F808A0E068BFF35B8FB16DBFF35B8F68
:10583000C90738D5E16809781171002248F80320BA
:105840000378D22B0ED13368214618681EF0B4FBC2
:1058500040B101902046FCF729FD019B184603B09A
:10586000BDE8F08F04F10C001BF00FFC18235D4322
:1058700008EB050900231A4607462146301DB4F8F7
:1058800010B0C9F808601CF039FE03460028E5D0C6
:105890006269A4F810B012FA87F7E76048F80500CB
:1058A000C9F808A0DAE76FF01503D7E74039002000
:1058B0002DE9F14F0546FCF759FC3349182202FB4C
:1058C00000F3C81851F803A00779B0F80680D0F8A3
:1058D00010900021D0E9024621F08DFDA87AFCF756
:1058E0003DFC6969834651B16B7AD80705D4DBF872
:1058F00024301B6828469B68984700236B61294623
:10590000584620F03FFF002F31D084B3236873B393
:105910001B6863B3BAF1000F29D1201D1DF0ECF90B
:105920003846FFF773FD052821D8DFE800F016039D
:1059300020162003BFF35B8FA36DBFF35B8FDA07E5
:1059400015D5E36D9BB14FF47022002304F178006C
:1059500001B0BDE8F04F17F073BD23681D68BFF3B9
:105960005B8FA36DBFF35B8FDB0700D556B901B02A
:10597000BDE8F08F49462846B0470134A3B29845A8
:10598000F8D8F4E70024F9E740390020F8B50B8A8D
:10599000076804460D46002B39D0012105F10C00A3
:1059A0001BF063FB7B7B072B064630D154F8043C8D
:1059B0006BB301781748043C002310F833708F4212
:1059C00000EBC30208D1298A53789778994213D201
:1059D000012F1CD1042317E001330E2BEDD1084613
:1059E000FFF714FD98B1052811D081B106230022DC
:1059F00020461DF0C5F90AE053682946204698471D
:105A0000012F034603D110B131780029EFD10020D6
:105A1000F8BD00BF548F0300F0B51E4603680D4665
:105A2000003987B0044618BF0121186817461DF0D9
:105A300095FF40B904F158001DF05AF8002844D0F1
:105A4000002007B0F0BD002E41D01822002168468A
:105A500021F0D1FC47BB23681E4A1B68009300233A
:105A6000ADF812300C9B0393BDF83430ADF8103014
:105A700001238DF8143031466B4630468DF80850BE
:105A80001CF027FE9DF81430C3B1002FD8D0019828
:105A9000FCF70CFC9DF81430002DD1D0324629467D
:105AA00020461DF06DF9CBE7002239462046FFF76E
:105AB000E7FC01900028CED11120C2E7019900290E
:105AC000BED020461DF04EF9BAE71220B9E70120FA
:105AD000B7E700BF71260300F8B54FF47022074600
:105AE00000230D480E461BF02DFA044690B100F13C
:105AF0000C05092128461BF086FA2046FCF736FBE8
:105B0000064B182202FB0033012128469F601BF040
:105B100085FA06702046F8BD3C0C00204039002074
:105B20002DE9F0410E8A043EF6B2022E04468CB0F6
:105B3000084601D0102E64D104210C301BF095FAD8
:105B40000DF1080805884788011D324640461BF0C4
:105B500064FB002857D09DB3002687B3BD422FD8E1
:105B60004FF4205301A940468DF80460ADF806308B
:105B70001BF025FB40BB1422002107A821F03BFCB1
:105B800011212046FFF7A8FF0990002837D00121F6
:105B90000C30CDE907481BF041FA00230A901B4A5C
:105BA000037039460B93284607AB1CF092FD0A9B05
:105BB0001B78FBB90998FCF779FB0A2301E03D4605
:105BC00001232A4610210EE042F6010307A94046B0
:105BD0008DF81C60ADF81E301BF0F1FA0028CAD019
:105BE00010232A46194620461DF0CAF800200CB0A2
:105BF000BDE8F081099920461DF0B4F8F6E71120C0
:105C0000F5E70420F3E70E20F1E700BFD5550100CA
:105C10002DE9F043036885B004460D46186801215C
:105C20001DF09CFE40B904F158001CF061FFB0BBB0
:105C3000122005B0BDE8F08310220021684621F053
:105C4000DAFB21212046FFF747FF029048B3DFF837
:105C50005890009405F10C074FF001082B8A012B96
:105C600004D8029920461DF07DF818E038461BF054
:105C700004FA6B464A46014606468DF80C801CF035
:105C800028FD9DF80C30002BE8D00298FCF70EFBA5
:105C90009DF80C303246202120461DF071F800207E
:105CA000C7E71120C5E700BF552B03002DE9F043DE
:105CB000036885B004460D46186801211DF04EFEAC
:105CC00040B904F158001CF013FFB0BB122005B01E
:105CD000BDE8F08310220021684621F08CFB0F21E3
:105CE0002046FFF7F9FE029048B3DFF85890009481
:105CF00005F10C074FF001082B8A012B04D80299FB
:105D000020461DF02FF818E038461BF0B6F96B4618
:105D10004A46014606468DF80C801CF0DAFC9DF8D8
:105D20000C30002BE8D00298FCF7C0FA9DF80C303C
:105D300032460E2120461DF023F80020C7E711202F
:105D4000C5E700BF0F2B0300F0B51D46036885B003
:105D500004460E461868012117461DF0FFFD38B9AC
:105D600004F158001CF0C4FE48BB122005B0F0BD81
:105D700065B310220021684621F03DFB39462046DC
:105D8000FFF7AAFE029018B3BDF82830ADF8043032
:105D900001238DF80C300F4A00946B4629462846A3
:105DA0001CF097FC9DF80C305BB10298FCF77EFA72
:105DB0009DF80C302A46314620461CF0E1FF0020B9
:105DC000D4E7029920461CF0CDFFF8E70120CDE78B
:105DD0001120CBE70F2B03002DE9F0410E8A043E82
:105DE000F6B2022E04468CB0084601D0102E76D1B1
:105DF00004210C301BF039F90DF10408058847889F
:105E0000011D324640461BF008FA002869D085B3D0
:105E100077B3BD422DD8606801211DF09FFD064675
:105E200078BB8DF8000042F6020369464046ADF8A3
:105E300002301BF0C4F920B342F6030306A9404622
:105E40008DF81860ADF81A301BF0B9F9C8B1012D02
:105E500003D14FF6FF739F4213D004F158001CF09A
:105E600047FE002814BF002012200CB0BDE8F081CE
:105E70003D4601232A46082120461CF081FF0020D0
:105E8000F3E7182200210DEB020021F0B4FA0921FA
:105E90002046FFF721FE0890F8B101210C30CDE932
:105EA00006481BF0BBF80023099003700A238DF805
:105EB0002C300D4A06AB394628461CF00AFC9DF8EA
:105EC0002C302BB10898FCF7F1F99DF82C30D1E774
:105ED000089920461CF046FFD1E71120C5E70420B1
:105EE000C3E70E20C1E700BF595701002DE9F04379
:105EF0000F4687B00446062107F10C001BF0B5F8E9
:105F00000588B0F802808288D7F80C90C5B10023CC
:105F1000B8F1000F13D0A84512D38DF800308DF8DA
:105F2000043001A94FF420536846ADF80220ADF8C3
:105F300006301BF044F9064660B10A2301E04546ED
:105F400001232A46062120461CF01AFF002007B034
:105F5000BDE8F0830146142201A83F7C21F04BFAF2
:105F600007212046FFF7B8FD0290D8B10A238DF82B
:105F700015300D4A019401AB41462846CDE903692D
:105F80008DF814701CF0A5FB9DF815302BB102980C
:105F9000FCF78CF99DF81530D3E7029920461CF0E8
:105FA000E1FED3E71120D2E7E92603007FB5CB68F5
:105FB0001D885E88044685B176B1AE420DD31022AD
:105FC0000021684621F017FA05212046FFF784FDDD
:105FD000019058B9112007E0354601232A460421D3
:105FE00020461CF0CDFE002004B070BD6B46094A6F
:105FF0000094314628461CF06CFB029B23B90198A3
:10600000FCF754F90A23E9E7019920461CF0AAFE9F
:10601000E9E700BF2F28030013B50B4600210191CB
:106020000E49024621F0B8FA0C680D4909580D488E
:106030008C4208BF002201A908BF134616F062FD7A
:10604000014640B9019B1C22184621F0D4F90346B1
:10605000184602B010BD0023FAE700BF88390020BF
:1060600008000000940A002010B50446806818B1AA
:10607000FCF71CF90023A36021460248BDE810404C
:1060800020F04EBA940A00202DE9F34704467830F8
:106090000E4617461D4620F070FCE06D30B92046D4
:1060A0001CF06FFF002002B0BDE8F087124B984251
:1060B0004FF0000805D12068C4F85C801CF0D4FDC6
:1060C000F0E7D0F80490C0F80480E06DD0F818A094
:1060D000FFF7CAFF2068C4F85C801CF0C5FDB9F169
:1060E000000FDFD02068CDF800A000683B463246A4
:1060F0002946C847D6E700BF8C390020F7B550F8CD
:10610000044C0546002C59D000F1A40104F12400F0
:106110001CF0D3FC2E1F05F15C070022002338463B
:1061200016F0A6FE024678BBAB6D2BB101466FF0B0
:1061300067033046FFF7A8FF002345F8043C05F14C
:106140005403BFF35B8F53E8001F21F0010143E8C4
:106150000012002AF7D1BFF35B8F636A73BB04F1AF
:106160000C0600220023304616F082FE78B96668DD
:1061700086B913482660214620F0D2F9286803B07A
:10618000BDE8F04001F004B9FCF790F8C5E7FCF772
:106190008DF8E6E7A26833686360964208BFA360A3
:1061A00077683FB1B3690093002320681A466FF007
:1061B0006701B8473046FFF757FFD8E703B0F0BD97
:1061C000400A0020F8B51D460F461646FBF7CEFFE5
:1061D000044C182303FB0040C0E903760123C3806D
:1061E0000575F8BD4039002010B50449144618461D
:1061F0001022A04700EAE07010BD00BF88190020FF
:10620000F8B50B4D06460F46002415F8013CB34285
:1062100007D1294638461CF09AFF10B105482044A2
:10622000F8BD1034A02C05F11005EED10020F7E7E1
:10623000213A0020203A0020F8B50B4D06460F46C3
:10624000002415F8013CB34204D1294638461CF01D
:106250007EFF30B90C34782C05F10C05F1D100200B
:10626000F8BD02482044FBE7D1180020D0180020D8
:10627000F8B50B4D06460F46002415F8013CB34215
:1062800007D1394628461CF062FF10B1054820446A
:10629000F8BD0C34782C05F10C05EED10020F7E7A1
:1062A0005B7100205A71002070B5204B1446826843
:1062B0009A420FD1A568C66875B92279216830461F
:1062C0001CF04DFF024628B1194901301CF010FFA7
:1062D00015701581012070BDE0680028FBD02B8867
:1062E0008B420AD0F6D2E068A36801380433E0603C
:1062F0000038A36018BF0120EDE725682279294600
:1063000030461CF02CFF024660B9094930461CF0AB
:1063100026FF02460028E6D0294601301CF0E8FEA0
:1063200023791370A3685B881381DCE7056701009C
:10633000CEB7030038B50E4B144682689A420D461C
:1063400011D122792168C0681CF009FF58B1D4F836
:10635000C8302F2B09D804EB830201331581018942
:106360005181C4F8C830012038BD0020FCE700BFCF
:10637000056701002DE9F0410D4CDFF83880054636
:1063800000262746621C6DB9414610461CF0DFFE10
:1063900028B901360A2E04F11004F2D1002738463C
:1063A000BDE8F081217828461BF026FFF0E700BF0A
:1063B000203A0020CEB70300F8B50C4F06464C1C1F
:1063C00001F133056EB114F8011C224630461BF072
:1063D00013FF08B1601EF8BD0A34AC42F2D10020B0
:1063E000F9E7394620461CF0B2FEF2E7CEB70300CB
:1063F0002DE9F04106460F4690461BF0BEF950B31A
:1064000039463046FFF718FF054678B9134A044667
:1064100010461CF0DCFEC0B90C225443104A601C2C
:10642000394610441CF064FE1655A518012101FAE6
:1064300008F105F108001CF0ACFEBDE8F041094888
:106440004FF40042002316F0FBBF01340A2C02F186
:106450000C02DDD1EAE7BDE8F08100BFD8180020CA
:10646000D0180020481900202DE9F04180460F4641
:1064700016461D46FFF7FCFE044648B91449FFF7CF
:10648000F7FE0446F0B100F8018B39461CF030FEEF
:106490002289638992B99BB926816581254615F8C1
:1064A000010B29461BF069F960B12246294612F812
:1064B000080BBDE8F0410423FCF7E2B8964203D391
:1064C0009D42EAD8BDE8F0819D422681E6D9E4E705
:1064D000CEB703002DE9FF410E4617469846044605
:1064E00028B96FF01505284604B0BDE8F08102A96F
:1064F0001AF03DFE05460028F3D101A920461AF006
:10650000BDFB0198D0B902A90020FFF7B1FE0446F7
:10651000D8B9002EE7D01149FFF7AAFE0446D0B142
:10652000002300F8013B02A91CF0E2FD042204F163
:1065300008014046B84700EAE075D4E70A22294638
:1065400017F072FE0028DED0CBE7002EEED10660F9
:1065500046608660C7E76FF00B05C4E7CEB703005F
:106560001FB519461046074B074ACDE902230823F9
:106570000093BDF818206B441CF054FE05B05DF884
:1065800004FB00BF1E00900106000C0008B5134676
:106590008168074A914209D11A791968C0681CF0CC
:1065A000DEFD18B10023036043600381012008BDB4
:1065B0000567010070B50B4B164682689A420ED1F2
:1065C000C5686C1C3335316820461CF0C0FD18B11D
:1065D000716820461CF08CFD0A34AC42F3D10120D6
:1065E00070BD00BF0567010002484FF4A47200238C
:1065F00016F026BF101A002008B5042108481CF028
:10660000C8FD07486FF002011CF0D2FD04481CF0E1
:10661000DEFDC30701D5FFF7E7FF002008BD00BF7F
:10662000401A0020024608B5084901301CF060FD00
:10663000002313720C32BFF35B8F52E8001F42E855
:1066400000300028F9D1BFF35B8F08BDCEB703003F
:106650002DE9F047284B164682689A4207462DD10D
:10666000C5686B8E53B36C1C05F1330A4FF00008FC
:1066700006F17009B4F807309BB114F8011C2246EA
:1066800030461BF0B9FDE0B914F8010C2146FEF7C5
:1066900001FC30B1437B072B08BF4FF00108FEF728
:1066A000CDF80A345445E5D1B8F1000F06D16B6B33
:1066B000A5F8328013B14146384698470120BDE81D
:1066C000F087307A49461BF058F878B90B4B9D4259
:1066D00002D130461CF043FE094920461CF008FD5B
:1066E000002304F8013CA4F80730DAE749462046C5
:1066F0001CF0FEFCD5E700BF056701000406002082
:10670000CEB703002DE9F0471F46BDF82030D1F881
:106710000C9006468846002B46D17B1E012B46D89E
:10672000012F4946157818BF1588FFF745FE044626
:1067300078B915B93846BDE8F0874946FFF73CFE01
:106740000446B8B306F1700101301CF0D1FC337A75
:106750002370D9F83830DBB9B4F808A02581B9F82E
:106760003230AB4203D0494640461CF036FDAA45C4
:1067700005D0307A002206F17001FFF739FE002DB6
:10678000D8D10E49601C1CF0B3FC25702581D1E7DF
:106790002A464146304698470028CCDB013801287C
:1067A000DAD96FF00D00C6E76FF00600C3E76FF0AF
:1067B0000C00C0E76FF01000BDE700BFCEB70300CC
:1067C00008B5124801211CF0E4FC10F0010F104B39
:1067D0000AD1104A9A610D481CF0F9FC830713D4C2
:1067E000BDE80840FFF700BF1A8B588B012A4FF60F
:1067F000FF7205D8904207D04FF6FF725A83EAE73E
:1068000090421983E7D0F7E708BD00BF401A002087
:10681000F01900200100FFFFF8B50B4C0B4F0025CD
:10682000661C394630461CF092FC014630B92046C1
:106830001CF027FE207831461CF0B7FD01350A2DEB
:1068400004F11004ECD1F8BD203A0020CEB70300CB
:1068500010B56FF0020104460E481CF0A9FC0D486B
:106860001CF0B5FCC20704D50B480022002316F02B
:10687000E7FD20461CF0F4FB58B12046FFF77AFDF7
:1068800038B1037ADB0704D5BDE8104001211CF0C4
:1068900008BE10BD401A0020101A002010B51C4878
:1068A00001211CF076FCC30731D4022118481CF0EA
:1068B00070FC084007D11749174A0B88174CA242B1
:1068C0001FD300B10B801649164820F048F84FF44A
:1068D000A47200231348FBF7ABFF1349134820F0C1
:1068E0003EF8022112481CF054FC1249124820F0D4
:1068F00036F81248FEF73EFCBDE810401048FEF79F
:1069000089BA506803449BB208320120D7E710BD12
:10691000C03A0020D27100209C7B0300C47B03009E
:106920001537030098190020716E0100101A00201D
:10693000401A0020433A030048190020DC050020DB
:10694000BC0500202DE9F041034648B1008A38B962
:106950001249DFF84CE001244FF0140C714501D3CB
:10696000BDE8F081D1E90076BB4204D30CFB06728E
:10697000143A93420ED93444A2B208311446EDE7DA
:106980000CFB0578434507D001356219B54292B238
:10699000F6D1F2E70025F8E71046E1E79C7B03001B
:1069A000C47B03002DE9F74FBDF8305000919946A4
:1069B0004FF6FF73002D08BF1D46244B1B888342F2
:1069C000074690463CD203B0BDE8F08F736823447D
:1069D000BB4232D29CB208361D4B9E42F6D3F2E740
:1069E0008958019340461AF0EAFB019B90B10134AB
:1069F0000AF1010AA4B273685345ECD9009B9C428A
:106A0000E1D8BC423168F2D30BFB0AF28B18B8F123
:106A1000000FE5D1B9F1000F0BD1013DADB2184621
:106A20000E9A0D9B21469847002DCCD00028DED130
:106A3000C9E7DA689145DAD1EFE74FF0000ADAE703
:106A4000044E01244FF0140BC6E700BFD2710020A2
:106A5000C47B03009C7B030010B51422B6B0002158
:106A60000DEB0200CDE90011CDE9021120F0C3FCCD
:106A70004FF41053ADF810301F4C8023ADF8123096
:106A800010224FF48063CDE90634694634AB0DEB38
:106A900002001EF00DFE014660BB54220AA820F041
:106AA000AAFC54220AA91FA820F07DFC3499224692
:106AB0001FA81EF0D2FEE8B9104A1FAB4FF6FF71B7
:106AC00001201CF01CFE0E490AAB10221FA81EF06C
:106AD000E2FE78B90A4B082203F11001187811F888
:106AE000014D03F8014B013A0870F7D10548082120
:106AF0001CF04FFB36B010BD0002C003E1330300B1
:106B000078190020401A00202DE9F0411949BDF8FC
:106B100018700446A1F1300015461E461FF040FFD4
:106B200015481CF054FB010707D4FFF795FFFFF74A
:106B300073FE12481021FBF7E5FD2046FFF71AFC13
:106B400068B1037ADA070AD500F10C0420461CF07C
:106B50003EFBC30703D4022120461CF01AFB10237E
:106B600006933A4631462846044BBDE8F0411CF0F6
:106B700059BB00BFC8190020401A00207819002016
:106B800010B51B481CF023FBC0F3C00080F00104CB
:106B900008B9FFF761FF16481CF019FB03461448BB
:106BA0001CF015FBDA0621D5830608D5F4B1FFF7F2
:106BB00033FEBDE810400F481021FBF7A3BD202194
:106BC0000B481CF0E6FA0B491022881820F09EFAB8
:106BD00048B909481FF0D1FEBDE8104004486FF0E5
:106BE00001011CF0E5BAFFF7EBFDE0E710BD00BFC7
:106BF000401A002078190020101A002008B5102132
:106C000003481CF0C6FAFFF7BBFF002008BD00BF19
:106C1000401A00202DE9F041B8B00C461646214933
:106C20003E986A461F461AF005F8002837D0009DA6
:106C300001A928461AF022F865B1019870B90DF142
:106C400008080023284641468DF814301AF08FFAC0
:106C5000054650B16FF0150425461AE00A220021BE
:106C600017F0E2FA0028EAD0F4E7CDF81080A4B1DA
:106C7000C02208A93846B047041EEDDBA40808ABC3
:106C8000CDE90634084A04AB4FF6FF7101201CF031
:106C900036FD284638B0BDE8F0812346F0E76FF0B6
:106CA0001505F6E710BA0300A962010007B5002335
:106CB0000193FFF747FE411C89B20846034A01AB26
:106CC0001CF01DFD019803B05DF804FBB13003001A
:106CD0002DE9F843154689469422696806461CF05A
:106CE00039FD8046002842D16968022230461CF0F6
:106CF0006CFD00283ED04FF470200021AF8AFFF7D2
:106D00008BF90237044680B11C4B47611D21417449
:106D1000C0F80C80436085613A4630461CF088F824
:106D2000074638B92046FFF79FF96FF00B05284654
:106D3000BDE8F883012342464146FFF743FAA98A9A
:106D400007F10C0002311AF069F920F8029BAA8AB7
:106D5000296920F028FBA760214630461CF063F922
:106D600005460028E3D02046FFF77EF9DFE74FF025
:106D7000FF35DCE76FF01505D9E700BFB73003003A
:106D800030B504468BB037481CF021FA42070D4657
:106D900061D514B1637B072B60D168680590FFF75C
:106DA000D1FD2A68ADF818003AB305A902912E4921
:106DB00001910121002300914FF6FF710593FFF728
:106DC000F1FD059B1BB96FF001000BB030BD6B608E
:106DD000059B186800238DF8103004A942F60303C0
:106DE000ADF812301AF0EBF970B90598C3689B79C9
:106DF0009B0605D46FF01500E7E70028E8D1E2E72D
:106E00001CF036FCADF81800BDF818003CB10123A9
:106E10000146AB752A462046FFF75AFFD5E76FF0CB
:106E20007F0307930223ADF8203042F60213ADF83A
:106E3000123005ABAC7502930C4B01930123009308
:106E400004AA23464FF6FF7109958DF81040FFF70D
:106E5000A9FD0798B9E76FF00A00B6E76FF07F0069
:106E6000B3E700BF14010020E5300300A570010066
:106E700073B500F13005044650F8083C0193A0F1C9
:106E800020066FF0010128461CF092F90D4B44F8E2
:106E90001C3C0D4B44F8183C01AB002044F8103C5E
:106EA000042324F8080C24F8060C24F80C3C314682
:106EB000FFF766FF18B9022128461CF06AF902B0F4
:106EC00070BD00BFFC8F0300516801002DE9F04741
:106ED000344B1468174682689A4206465ED1D0F851
:106EE0000C8008F1010508F13309B5F80730FBB152
:106EF00015F8011C2A4620461BF07EF9C0B14FF45C
:106F00009572314620461CF025FCA8B103280FD00D
:106F1000052820460CBF4FF0030A4FF0020A1BF071
:106F2000DEF9824508D93B79534501D287F804A0A0
:106F30000A354D45D9D131E0414630461CF04DF976
:106F4000194B98452AD1207A04F17001FFF790F986
:106F5000054618B303890BB94389FBB12046FDF7F9
:106F60005DFD124A2B8922F8203002EB80036989EB
:106F700059800F490F4D182303FB001300B202EB99
:106F8000800200EB40005D601A610B4D9D600422A1
:106F900001EBC00120469A82FFF7F2FE0120BDE816
:106FA000F08700BF0567010004060020467100203D
:106FB000A8390020FC8F03004535030030B5044696
:106FC0008BB035481CF003F942070D465DD514B16E
:106FD000637B072B5CD168680590FFF7B3FC2A68D8
:106FE000ADF818003AB305A902912C49019101218D
:106FF000002300914FF6FF710593FFF7D3FC059B2B
:107000001BB96FF001000BB030BD6B60059B1868B9
:1070100000238DF8103004A942F60303ADF81230B6
:107020001AF0CDF870B90598C3689B79DB0605D4D2
:107030006FF01500E7E70028E8D1E2E71CF018FB45
:10704000ADF81800BDF818002CB101462A462046BC
:107050001CF04DFCD7E742F60212ADF8122005AA4B
:107060006FF07F0302920E4A07930123CDE90032AD
:10707000ADF8203004AA23464FF6FF7109958DF82C
:107080001040FFF78FFC0798BDE76FF00A00BAE7E2
:107090006FF07F00B7E700BF14010020E530030068
:1070A000A57001002DE9F84F454B144682689A42BD
:1070B000814639D1D0F80CA0424B9A451CD1424DA3
:1070C000424F0026394628461CF041F878B915F899
:1070D000010C07222946FDF701FF40BB236915F883
:1070E000010C1A69294653881288FFF7BDF9013649
:1070F0000A2E05F10C05E5D10AF101070AF1330B5F
:10710000B7F80720A3899A420BD117F8010C39462A
:10711000FDF7C0FE054620B1437B072B0AD0FDF7E3
:107120008DFB0A375F45EBD14FF0010844E0FDF7D6
:1071300085FBDCE7DAF83C3023B14946984708B9CB
:107140002846ECE79422494628461CF003FB80467B
:107150000028F5D1A389022B15D1B7F8073013F019
:10716000020604D12846FDF769FBA660D9E722692B
:10717000A1882846FFF7ACFD0646B8B92269937D81
:1071800001339375EEE7012B05D02846FDF756FB3A
:10719000C4F80880C5E7B7F8073013F00106E1D05E
:1071A0002269A18828461CF0A2FB06462846FDF766
:1071B00045FB002EA660B4DA4046BDE8F88F00BF5C
:1071C00005670100040600205B710020CEB70300B4
:1071D00070B58EB000F17005044603900123007A6B
:1071E0008DF8103029461AF0C8FA90B1227A2AB3E5
:1071F00002AE0421304618F049FF0096104A2421BF
:1072000005A82B46FBF7ACF905AA0E491046FAF77C
:107210000BF903AB0C4A4FF6FF7101201CF06FFA1B
:10722000E3784BB920461BF05AF89DF810108842BD
:1072300002D220461BF01CF80EB070BD0092DDE7B4
:1072400013BA0300156C0100CD6E0100F8B5084BB0
:107250001C6805460E4617464CB154F8043C043CE5
:107260001BB13A463146284698476468F4E7F8BDB2
:10727000C43A002013B50A4A009004464FF6FF7145
:1072800001206B468DF804001CF039FA00212046DD
:107290001CF064FB08B9FFF793FA02B010BD00BF01
:1072A000CD6E010030B5B5B0002301918DF8080016
:1072B00033930A4A01AB04460D4601204FF6FF7195
:1072C0001CF01DFA339B3BB19B0003AA29462046C4
:1072D000FBF702FA35B030BD1A46F7E73563010017
:1072E0002DE9F34100F17008CDE9001204460F4684
:1072F000007A414616461AF040FA0F4A05466B4698
:107300004FF6FF7101201CF0FAF91DB1207A4146B9
:10731000FFF7C8FF207A3946FEF772FF40B13146C9
:1073200001301BF0E5FE1DB1207A41461CF03DF80E
:1073300002B0BDE8F08100BFB565010037B5134A62
:10734000009104460D468DF804006B464FF6FF7120
:1073500001201CF0D4F929462046FBF7CBF9002880
:1073600012DB294620461BF0EAFF00280CDB2946E9
:107370002046FEF745FF08B1FFF754F9294620469D
:10738000FBF7A2F900EAE07003B030BD8D650100A3
:1073900073B5044603461A4A4FF6FF71012004F103
:1073A00070061CF0ACF9207A31461CF010FB207AF4
:1073B00031461AF0E2F950B1237A8DF80430114ABF
:1073C00000966B464FF6FF7101201CF098F920469D
:1073D000FEF7D0FF054688B1207A31461AF0CDF984
:1073E00028B9284602B0BDE87040FFF71BB9314606
:1073F000681C02B0BDE870401BF07ABE02B070BDE0
:10740000516601008D65010030B50C4C0023224609
:10741000D4F8EC0038B10133052B04F5BC74F7D176
:107420006FF00B0030BD4FF4BC746343D418EC33E1
:10743000034DC4F8F0501A440A60F3E7481A0020DC
:1074400000910300084A10B501460023141DE018FE
:107450001CF01EFB08B1981810BD03F5BC73B3F502
:10746000EB6FF4D1F8E700BF481A002010B50C4AC2
:1074700011680C4ABFF35B8F00F5B87353E8004FF7
:10748000944204D143E8001CBCF1000FF6D1BFF3D5
:107490005B8FBFF35B8FD0F87001BFF35B8F10BDC4
:1074A00098370020481A002008B5FFF7DFFF034691
:1074B000C8B1D0E9011221B9002A0CBF0320022073
:1074C00010E032B1C36813B9094B1B7833B90420FB
:1074D00008E00749087828B1DB6833B9003A18BFDB
:1074E0000122500008BD0320FCE70120FAE700BF9D
:1074F000AD73002038B5051D0446082128461CF050
:1075000019FB064904F15700FCF74CFF20B128464F
:1075100008211CF0E7FA082038BD00BF4D400300E9
:1075200038B5EC22054600211FF065FF102105F15A
:1075300027000CF0AFFD044648B9052128461CF091
:10754000F9FAFCF71FFF034B1860204638BD0824EA
:10755000FBE700BFCC3A002070B50E4686B004466B
:10756000FFF784FFF36804F137020546114603F183
:10757000100053F8046B41F8046B8342F9D1237A6D
:10758000052B40D8DFE803F0172323033F6502AB48
:1075900045490093096804F1270304F1570000F0FE
:1075A0008FFF80BB0A21201D1CF0C4FAEB680299F2
:1075B000D4F8EC00984720460D211CF0BBFA201DA2
:1075C00010211CF0B7FA20461CF00CFB19E094F8CF
:1075D000DC10D4F8D83002ADCB403349009503F02D
:1075E0000103096843F0800304F157001CF0EFFE2B
:1075F00048B91022294604F117001FF087FD20B179
:10760000042006B070BD0820FBE7032120461CF0D3
:1076100091FA1CF0E7FA0028F3D194F8DC3001333A
:10762000DBB2142B84F8DC3009D10D2120461CF08C
:1076300081FA1021201D1CF07DFA0020E1E71021C5
:1076400004F127000CF026FD003818BF0120C0000F
:10765000D7E7102104F127000CF01CFD0028D2D13F
:1076600005B32B69F3B1114BE27A1B88ADF80830F2
:10767000A37CD20703F0010312D4002B14BF012313
:1076800003238DF809300023C4E93833201D0C2171
:107690001CF050FA2B69D4F8EC0002A99847CCE70B
:1076A0005B00EEE70220ACE7CC3A0020C47C03008C
:1076B00073B5047A022C054623D844B190F8DC3027
:1076C000D0F8D840DC4004F0010444F080040321E9
:1076D00028461CF068FA0646A8B110210C3019F0B3
:1076E0009DFC00900F482346006805F1270205F134
:1076F00057011CF06CFE044650B13046FAF7D6FD37
:1077000001E0032C02D0082002B070BD0024DEE7A7
:10771000314628461CF0F7F9281D21461CF0E2F9F5
:107720002046F1E7CC3A0020F8B50446FFF79EFE6C
:10773000251D06460E2128461CF0AAF948B94C4BD7
:107740002022196804F157001FF0E0FC08B9082056
:10775000F8BD0C2120461CF026FA07460028F6D07A
:1077600040210C3019F05AFC414B1B68024601467F
:1077700003F1200053F804CB41F804CB8342F9D144
:10778000203203F1200153F8040B42F8040B8B4222
:10779000F9D1394620461CF0B6F9237A052BD6D804
:1077A00001A252F823F000BFC17701004578010023
:1077B000ED770100C17701004F7701006578010086
:1077C000042120461CF0B6F9FFF772FF0028BFD154
:1077D000284607211CF0AEF90820FFF733FE0028E9
:1077E00043D12046BDE8F840FFF784BE2046D4F8D8
:1077F000EC70FFF73BFE0421064604F1D8000CF0C4
:1078000049FC0028A3D1D4F8D8301A4AB3FBF2F1CE
:1078100002FB1133C4F8D83084F8DC0056B1736829
:1078200043B10B2128461CF085F97368D4F8D810B1
:1078300038469847032120461CF07CF90E211CF0A5
:1078400079F9C5E7204603211CF074F90E211CF0DC
:1078500071F928460A211CF06DF9B368D4F8EC00E0
:107860009847B5E704212046E9E7002070E700BF0C
:10787000CC3A002040420F0070B50E460446FFF798
:10788000F5FDF36804F157052A4603F1200153F88A
:10789000040B42F8040B8B42F9D104F1770203F197
:1078A000200153F8040B42F8040B8B42F9D128460F
:1078B000FCF7D6FC28B30E21201D1CF03BF9D4F8B0
:1078C000EC50D5F8A03033B9287A05F1700100F0FA
:1078D00075FCC5F8A000D5F8A03043B90F4B1D6862
:1078E000B5B9201D06211CF025F9284608E0DA89E3
:1078F00002F02402002AF1D05B7B9B07EED4032028
:1079000070BD2846FCF7B8FC0028E7D10A20F7E74D
:107910002046BDE87040FFF707BF00BFCC3A00200B
:1079200038B5174B1B78054623B301F00F042846E2
:10793000FFF7BAFD134A03280CBF04F00B0444F010
:10794000040405F5BA731278BFF35B8F53E8001F88
:10795000013103D143E800200028F7D1BFF35B8F4A
:10796000BFF35B8FD5F87431BFF35B8F2BB144F05D
:10797000010038BD01F00704D9E704F0FE00F8E784
:10798000AD730020970900202DE9F3410D46D0F892
:10799000EC700446FFF76AFDED68EB78102B03D01E
:1079A000062002B0BDE8F081D7F8A0305BB1261DFB
:1079B0000F2130461CF06CF880B92046FFF7B0FD6F
:1079C00060B1C0B2EDE7387A07F1700100F0F6FB64
:1079D000C7F8A0000028EAD10820E2E7012363727B
:1079E0002B68C4F80A30AB88E38102232374A9789A
:1079F0002046FFF795FFE0742046FFF755FD102362
:107A0000607423752B7903F0030363756B7903F0BE
:107A10000103A375E37C1A070CD5AB781B0709D5C6
:107A2000052130461CF086F8637D03F00203637580
:107A30000023A375052130461CF02AF8002845D004
:107A40005B4B1B78A374E37C980606D5AB7899064C
:107A500003D5142130461CF06DF8E37CDA0737D5E6
:107A6000AB78DB0734D50D2130461CF063F8A37DDD
:107A700084F8E830637D84F8E930032130461CF057
:107A800059F8237BE17C95F8008003EA0102100796
:107A900004D5E27AA07C0243D2071DD4B8F1040FCA
:107AA0001CD80B4313F0040307D02046FFF7FCFC5F
:107AB000404B08EB880843441B5C2372D7F8A010A6
:107AC00020461BF0EEFF58B903206AE73A4BB8E7AF
:107AD00000236375A375CAE70523EEE70023ECE7EF
:107AE000D4F8EC309B7A032B5DD04BD8013B012BB3
:107AF0003FF672AF052130461BF0CAFF0028E3D0E5
:107B00002046FFF7B3FC0346D4F8EC00FBB11A683B
:107B1000EAB12A788DF800206A788DF80120AA78D9
:107B20008DF80220EA788DF803202A798DF8042058
:107B30006A798DF805201B68694698470138C0B2FC
:107B4000082804D81D4B185C00287FF42AAF0C21AC
:107B500020461BF0EFFF02211CF025F80546002807
:107B60003FF43AAF06210C3019F058FAD4F811302E
:107B70000360B4F815308380294620461BF0C3FF0C
:107B800000200EE7042B7FF427AF237D627B934216
:107B900028BF1346102B7FF403AF052130461BF09E
:107BA00077FF002890D0237A002BA3D18CE700BF69
:107BB000AF7300204BBA0300AE73002033BA03004A
:107BC00038B512490446A0F1EC0554301EF0C7FE4A
:107BD00028461CF05CF9BFF35B8F0D4A04F1840367
:107BE00053E8001F43E800200028F9D1BFF35B8F62
:107BF000BFF35B8F88344FF0FF3354E8002F44E825
:107C000000310029F9D1BFF35B8F38BD8B410300F0
:107C1000481A00202DE9F041C678012E044604D010
:107C20006FF015042046BDE8F0811BF02AFF0546E1
:107C3000002800F0AB80071D042138461BF028FF08
:107C4000002840F0A680032138461BF021FF10B128
:107C50006FF00F04E6E7314638461BF019FF0028A5
:107C6000F6D12846FFF702FCD5F8EC309B7A032BBF
:107C7000064642D032D8013B012B48D90F21201DA6
:107C80001BF006FF0028CBD1D4F8A03083B904F153
:107C90007006217A3246202000F012FBC4F8A000C2
:107CA00030B9217A3246042000F00AFBC4F8A00063
:107CB000D4F8A030002BB3D0DA8912F0240FAFD063
:107CC000A17A022923D9587BC007A9D503291ED040
:107CD0009206A5D51B7B102BA2D118E0042BCDD189
:107CE0002846FFF7E1FB032804D1002EC6D03369F4
:107CF000002BC3D0284B1B7807E02846FFF7D4FBA6
:107D0000032804D1002EB9D03369002BB6D0D4F8A3
:107D1000A0303BB12846FFF703FC044670B16FF07A
:107D200068047FE7207A04F1700100F047FAC4F894
:107D3000A0000028EED16FF00B0473E70B2128465A
:107D40001BF031FF06460028E9D001210C3019F064
:107D500065F9092180462846FFF7E2FD234688F8A9
:107D600000002246314605F1EC001AF0C7FB04463C
:107D700018B13046FAF79AFA54E738460F211BF04B
:107D8000D9FE012128461BF0D5FE4BE76FF07F049A
:107D900048E76FF0040445E7AD730020F8B5D0F86C
:107DA000EC40D4F8A0300646051D43B90221284610
:107DB0001BF06EFE0927002851D11F214BE081BB2B
:107DC0000D2128461BF064FE074620B1D4F8A00020
:107DD00008B11CF0DCFA364B1B689BB11D6805B17D
:107DE0000C3D53F80C3C13B13946204698474DB131
:107DF0002B46ED681B681DB10C3D002BF4D1F7E755
:107E0000002BF1D130461CF042F8637B072B4DD19B
:107E1000627AA37A9A4249D02046BDE8F840FFF73B
:107E2000F9BE0139C9B20E2998BF224A1B7B94BF03
:107E3000575C092723BBD4F8A0001CF04AFA0023A2
:107E4000C4F8A030022128461BF022FE38B9072FC3
:107E5000B3D8194BD95D3A462046FCF7B3FF03214E
:107E600028461BF015FE0028CCD0114B1B68002BB8
:107E7000C8D01D6805B10C3D53F8083C4BB90BE068
:107E8000022128461BF004FE0028D4D1DAE70C3D7D
:107E900023B1394620469847002DB3D02B46ED68D4
:107EA0005B68002DF3D1002BF3D1ABE7F8BD00BF29
:107EB000903700203CBA03002BBA030038B5134BAF
:107EC000044618604FF0FF324FF0FF33104814F0B3
:107ED00007FF104815F0BAFA0D4814F079FF9CB16D
:107EE0000D4C00250621201D1BF0D2FD38B1204687
:107EF000FFF71AFC014610B120461CF060F801356E
:107F0000052D04F5BC74EDD138BD00BFCC3A00207E
:107F10005C06002070060020481A00202DE9F04180
:107F20000B8A04460E46B3B3012106F10C0019F08A
:107F30009CF8A4F1EC05E83C0746042120461BF020
:107F4000A7FD40BB39780E2925D8DFF8508058F8B6
:107F5000313023B9072128461CF031F81BE02846B0
:107F60001BF06AFF30B9032120461BF091FD90B150
:107F70000821F0E73B78318A08EBC302127991427D
:107F800001D00A21E7E7314658F8333028469847B0
:107F900001460028DFD10020BDE8F08128910300D0
:107FA0002DE9F34190F8E930CF68D0F8EC6023F088
:107FB000020380F8E9303B78044623B1BB7903F033
:107FC000C003C02B70D106F1700807223946404625
:107FD0001FF09CF888B1307A394600F0EBF905467D
:107FE00058B1014620461BF05CFD18B9082002B0CC
:107FF000BDE8F08128461CF06CF90D21201D1BF016
:1080000047FD00283CD0317A424602201CF04DF951
:1080100005460028EAD0F378002B3ED106F17E0316
:108020001878012825D19A7902F0C002402A20D17F
:10803000D3F80120C5F83A20B3F80530EB8796F85D
:108040007030B3B196F8763003F0C003C02B10D077
:1080500017496A46CDE90087FCF7B8FC3B68C5F8CC
:108060000130BB88A5F80530BB79EB713046FCF7D1
:1080700079FE2846FBF7F4FAC0B92846FBF700FB67
:1080800094F8E9305B0703D50A2120461BF052FD26
:10809000B4F8E81021B10020A9E706F17703BFE7A3
:1080A0002046FFF77BFEF6E70A20A0E703209EE7C5
:1080B000653E03002DE9F0410546A0F1E8060446BF
:1080C0000F463046012155F8EC891BF0B5FE00281B
:1080D00059D0CFB1032130461BF0DAFC002852D032
:1080E0003846FAF73DFE0138C0B208289ABF2B4B3C
:1080F0001C5C0024022130461BF01CFD2146284652
:10810000BDE8F041FFF74ABE98F80B30002B3AD09B
:10811000032130461BF0BCFC20B92846BDE8F041E5
:108120001BF0B5BE052130461BF0B2FCB8B114F807
:10813000043C1F0707D514F8033C180703D5112189
:1081400030461BF0F7FC14F8043C23F0080304F855
:10815000043C14F8033C23F0080304F8033C14F82F
:10816000033CD90711D5062128461BF0E3FC022168
:1081700030461BF0DFFC2368D3F8A0301BB134F885
:10818000041C0029BBD0BDE8F0819A0701D5082165
:10819000EAE75B07EBD50A21E6E700BF33BA030045
:1081A00008B5044B044801221A70FCF79FF8002020
:1081B00008BD00BFAD730020780600202DE9F8430C
:1081C0001B4FDFF8749080460D460026052417F8F3
:1081D000013C43450AD10722294638461EF096FF46
:1081E00020B9144800EB8610BDE8F883052C07D1B0
:1081F0000722494638461EF089FF002808BF34464A
:108200000136052E07F14007E1D1052C0ED0094AB1
:10821000A30102EB841002F8038001332C68D450D0
:108220009918AB888B80AB798B71DDE70020DBE799
:10823000D13A0020D03A0020CEB703002DE9F34117
:108240000E4C05460E46174604F5A078E3897BB12F
:108250002378AB420CD1D4F80100B4F80520E379BF
:10826000009039466846ADF804208DF80630B047D6
:1082700040344445EAD102B0BDE8F081D03A002054
:108280002DE9F041084C05460E46174604F5A07846
:10829000E3892B4202D039462046B047403444455A
:1082A000F6D1BDE8F08100BFD03A002008B50349FF
:1082B00000220220FFF7E4FF002008BDA7420300D0
:1082C0002DE9F0410F4D06460F4690460024B5F8C3
:1082D0000D3033420DD015F8013CBB4209D10722C5
:1082E000414628461EF012FF18B907482044BDE851
:1082F000F0814034B4F5A07F05F14005E7D10020BE
:10830000F5E700BFD13A0020D03A00202DE9F04136
:108310000B78012B07460D4602D00020BDE8F08106
:108320008B7903F0C003402BF7D11F4E002401F1DD
:10833000010836F82C3C9A070CD516F83A3CBB429B
:1083400008D10622314640461EF0E0FE10B917481B
:108350002044E3E74034B4F5A07F06F14006E8D1BD
:10836000134E002405F1010836F81C3C9B0714D578
:1083700016F82A3CBB4210D14146304618F0CDFEDB
:1083800058B10A4BD5F8010004F13A02D1189850BF
:10839000B8F804208A80E018C0E74034B4F5A07F24
:1083A00006F14006E0D1B8E70A3B0020D03A0020B1
:1083B000FA3A0020F8B50C4D06460F46002415F891
:1083C000013CB34208D10722394628461EF09EFEE2
:1083D00010B906482044F8BD4034B4F5A07F05F13B
:1083E0004005ECD10020F6E7D13A0020D03A002039
:1083F0002DE9F0479AB01D46DDE923972E4B16462E
:108400000CAA84468A4603F1300E904618685968D3
:10841000144603C4083373452246F7D118681B7904
:10842000206023716146202204A81BF0B8FF234876
:108430006B46202204A900F071F80446C0BB10224C
:1084400051460DF135001BF0AAFF102231460DF107
:1084500045001BF0A4FF2946062211F8013B8DF8C8
:1084600055300DF156001BF09AFF2299062211F8A3
:10847000013B8DF85C300DF15D001BF090FF4B4629
:1084800035224146684600F049F8044680B948461E
:108490001BF08FFF01238DF8303035223B464146DB
:1084A000684600F03BF8044610B938461BF081FFDF
:1084B00020461AB0BDE8F087C67C03006CBA030002
:1084C00070B598B00E4614460146202204A81D46F9
:1084D0001BF065FF202231460CA81BF060FF102224
:1084E000294614A81BF05BFF1022214668461BF0AA
:1084F00056FF6B46502204A9184600F00FF840B909
:10850000039B054A1BBAB3FBF2F102FB11331C9A21
:10851000136018B070BD00BF40420F002DE9F0415C
:108520008CB007460C4615460021142207A81E46AB
:108530001EF061FF4FF41053DFF85080ADF8183093
:108540008023ADF81A304FF44063CDE9083810228B
:1085500004AB394606A81DF0ABF820B16FF004005B
:108560000CB0BDE8F08105AB029310232246CDE9A3
:10857000006341462B4604981DF0CCF9044604984C
:108580001CF0C5FF2043EBD0E8E700BF0002C003AA
:1085900000F1070C2CF0030C10B4541E1860A4B2A8
:1085A000ACF80020023A93B201FB04F24FF0000C49
:1085B00040F802C074B103FB011403FB01F2204434
:1085C000121B4FF6FF7C013B9BB263458050A0EB32
:1085D0000100F8D15DF8044B704700BF0346006806
:1085E00010B102680AB91A60704700F1070C2CF04C
:1085F000030CD11DBCF800C021F003010CF1FF3CBD
:10860000A1F800C0EFE700BF0B687BB1073323F090
:1086100003031A88013292B20346D1F800C043F82E
:1086200007CB23F003031A80086070470122F3E7A9
:1086300002FB0100704700BF401A90FBF2F080B2CD
:10864000704700BF531E11449BB242B1DB43013857
:10865000CA1811F8013D00F8013F9142F9D1704765
:10866000014402E010F8013B1BB98842FAD1002016
:1086700070470120704700BF10600860704700BF5E
:108680000A6803460068904205BF00220A60002085
:108690001A60704710B414682060146861605DF857
:1086A000044B1060704700BF884203D01AB1436882
:1086B00013607047002070470B68834209D02AB1CD
:1086C000586810601A680A6018467047002BF9D184
:1086D000FAE70023F8E700BF2DE9F041DFF8348026
:1086E0000B4E0C2706F130044546221D2146284634
:1086F0000C3CFFF7C1FFA642A5F10805F5D1043FE8
:108700003B1DA8F12008A6F13006EBD1BDE8F081B1
:10871000183D00208C3C002010B403468C46A2B1CA
:1087200001EB4101154803EB4304090101EB84010E
:108730000144487A0C7AA04204BF013008725DF807
:10874000044B614618460EF00DBB01EB41020B4C89
:10875000120100EB400302EB830323449C7ADA7A94
:10876000A24202D05DF8044B704701329A72044B6A
:1087700001225A545DF8044B0EF04CBB943C00208F
:10878000103C0020F8B506461C460D4602B3227880
:108790006378D21A12F003023AD1274F71004FEAE0
:1087A000450C3144AC44890001EB0C110133043118
:1087B000DBB27A18606823702146FFF76BFF1F4B0E
:1087C0000122294630465A550EF024FB0020F8BD00
:1087D0000EF00AFB0028DAD0294630460EF0E2FA05
:1087E0000028D4D005EB450206EB4601124F637812
:1087F000120102EB81023A447100907AD27A9042DF
:108800004FEA450C0CD02078C01A10F00302C8D0F3
:10881000012A03D00133DBB22370D0E71046F8BD44
:108820002278D21A920702D00233DBB22370D4E945
:1088300002039847CAE700BF943C0020103C002088
:108840002DE9F04FDFF8649119F8003089B0002B62
:108850005AD0DFF85CA13C2204234FF0000B00EB60
:10886000400712FB00330324CDE904BB09F800B034
:108870000AEB0717039302948346B8460023B96AAC
:1088800058F8240F079307AAFFF70EFF044607AA1C
:10889000B4B1079D2E786978761A06F00306012E8A
:1088A00035D02B78591A01F003010129DBB23DD1F3
:1088B000D7E90901FFF7F8FE044607AA002CE8D122
:1088C00097F82E3097F82F209A4203D087F82F3050
:1088D0000123049397F82C3097F82D209A4203D067
:1088E00087F82D3001230593029B5D1EEBB2FF2B11
:1088F0000293A7F10C07C0D1049AD846DDF814B052
:1089000012B1BBF1000F45D009B0BDE8F08F0139BD
:108910006970079BD3E902039847079D2A78697815
:10892000D3B2521A02F00302012A21D0B86A01938D
:1089300000224146FFF7C0FE6C60019B6A786B70B5
:108940002B789B1A03F00303012B08D0D7E9090108
:1089500007AAFFF7A9FE012E044698D10EE0039B5B
:108960006A70294620460AEB0302FFF793FEEDE703
:10897000D7E9090107AAFFF797FE0446029B8BB1CE
:1089800001235946584609F80B300EF043FA09B056
:10899000BDE8F08F5A464146404609B0BDE8F04F69
:1089A0000EF0E0B9002C8BD0EAE700BF103C0020AD
:1089B000943C00204B1EDBB271B1411E00EB030C56
:1089C000002011F8013F23B15A1E01301340C0B2FC
:1089D000FAD16145F5D170470846704730B5037E3E
:1089E0000568FF2B14D003EB43028B4205EB021208
:1089F00027D04FF0000C01E099420BD09E4613782F
:108A00009468FF2B03EB4302A44405EB0212F3D15D
:108A1000002030BD714517D00FFA8EFE1378906894
:108A20000EEB4E0E4FEA0E1EFF2B05F80E3006D051
:108A300003EB430305EB03139A6802449A60604416
:108A400030BD9E464FF0000C13780376E4E700BF7C
:108A5000A2EB010C1CF4000F10B4836844690BD125
:108A60002CF07F4C6344A3420ED8E41A00234461E7
:108A700083605DF8044B7047891A21F07F418B4277
:108A800009D95B1AA342F0D91B1B002444618360FF
:108A90005DF8044B70470C44E41AE7E72DE9F8430E
:108AA000284DBDF82C7004464FF02C0E0EFB045ED2
:108AB000084604EB840104EB4104DEF8041001EBEA
:108AC000C00605EB8405F47811F83080717804F164
:108AD000010C5FFA8CFCE04598BF4FF0000C61453B
:108AE0002DD0716804EB44044FEA041901EB04141F
:108AF0004FF0040801F809806360089BA360099B9C
:108B0000E3600A9B23610C9BA361119B63620D9B35
:108B1000E3610E9B23620F9BA362109BE36202231F
:108B20006270A782A37086F803C0DEE90836984712
:108B30002B4641460022B047A078BDE8F8830120CB
:108B4000BDE8F883543D00202DE9F04F0346407AFC
:108B5000D3E9004587B0002800F0FE80421ED2B263
:108B600005EBC2029A468B46039205952346039A6B
:108B7000516856780491BBF1FF0F66D00BEB4B04A4
:108B80004FEA0418CDF804B013F808B003EB04144E
:108B900000254FF0FF0C84F800C0DAF800709AF856
:108BA000182007EB08096245D9F8081018BF02968B
:108BB0000ED1CBE0091A06D1B9F81E80BEF81EE02E
:108BC000F04500F2B780B85DFF2894466DD00246AC
:108BD00002EB420607EB061E3601DEF8080088426B
:108BE000E8D9029EC9F80810BCF1FF0F89F80020EF
:108BF00064D00FFA8CFC0CEB4C0C4FEA0C1C019867
:108C000007F80C00FF2A06D002EB420207EB02171E
:108C1000BA68521ABA60A27801326270002DAAD0E6
:108C2000AA6A4FF000012970A97022B1E96A019384
:108C300000209047019B6268002A9CD1AA6A2262A8
:108C4000EA6A6262BBF1FF0F98D1039A049F92789F
:108C5000994606EB4601701CB2424FEA011CC6B2AF
:108C600007EB011569D0039B17F80C101878B04278
:108C700008BF00260429ECD16A7802EB420809EB10
:108C80000814012094F801E0A1788E454FEA0818F5
:108C900018D04FF0000307F80C30AA6AA8700AB188
:108CA000E96A9047039B9A78D3E70246BCF1FF0F2D
:108CB000029EC9F8081089F800209AD101988AF814
:108CC00018009FE70192AA8ADAF814104FF6FE7096
:108CD00082424B4607D04FF6FF70121AB2FA82F268
:108CE000520984F82C206A6AA262EA6862602A69E2
:108CF0000293002363622262AA8A4FF6FD739A42AE
:108D000088BF0022A283AA69A261EA69E2602A6A96
:108D10002261AA68A260002363616A682046FFF7A7
:108D200097FEE2784FF0000342F00102E383E27025
:108D3000029B2EE7029E014654E703990598814263
:108D40004B46A1F1080207D0039210E707F808206C
:108D5000019A8AF818205EE707B0BDE8F08F00BFDF
:108D60002DE9F04F447E01238FB08376002C40F034
:108D7000B480037EFF2B814600F0AE800DF032FB05
:108D8000D9F81420D9F81C3099F81880D9F800A027
:108D9000801A20F07F45AB4294BF00230123B8F135
:108DA000FF0F0493A34676D0059408EB48080AEB1E
:108DB00008144FEA0818A368AB426BD8A0781AF8D9
:108DC0000880ED1A9B4463781B1ADBB2012B5ED13D
:108DD000A26AA3690393002A00F0F0801668002EAF
:108DE0007ED0002B40F08F80049B002B00F00B8185
:108DF00004230393137A590700F0FA80137A6FF370
:108E000002031372E78B94F82C207B1C9BB2E38344
:108E1000002A74D0A28B9A4271D2A26A002A00F072
:108E20004B81137A03F00703012B68D0012600233E
:108E300051685360A36A1A7A002060F302021A7222
:108E4000A078E7680138A0700FB36369D9F81420DF
:108E500094F803C0ABEB0303134423F07F40626A32
:108E600023690CF0010C002E40F0B980B4F81EE02C
:108E7000CDE900C37346B847039BE683002B049BF0
:108E800018BF01230493E37866F30003E370B8F19D
:108E9000FF0F8AD1059C99F80B3099F80A209A4265
:108EA00008D10132D2B2022A1ABF14462346002347
:108EB00089F80B4009EB83030022C3F80CB0D9F802
:108EC000244089F81A204B46012204210320A4469D
:108ED0000FB0BDE8F04F604784760FB0BDE8F08F6B
:108EE000039B002B68D0049B002B87D1D9F81C3042
:108EF0005B4583D8B8F1FF0F11D1049E97E7A378A3
:108F0000013BA370C3E7049B002B7FF473AFD9F838
:108F10001C309B45FFF46EAFB8F1FF0F49D0039BA7
:108F2000E78B07939C46A38B6668BB429CBFFB1AEA
:108F300099B208EB480388BF39460AEB031308933C
:108F400001FB06630693089B9968079B8B422ED30F
:108F5000CDE90C70089BCDF820C0DDF81CC0CDF821
:108F60001C90DDF80C90CDF82C80CDE9095B8E4685
:108F7000A346B0461446986A9A6910B10068002862
:108F80004FD1002A4DD11B78FF2B07D003EB4303B1
:108F90000AEB031399688E44E645ECD92246DDE9D5
:108FA000079C5C46DDE9095B0D98DDF82C80CDF867
:108FB0000CC0002A00F09780002638E7039BA3B17D
:108FC000049B002B7FF41EAFD9F81C309B45FFF4A7
:108FD00019AFB8F1FF0FA2D104990E4631E7CDE9E0
:108FE00000C34FF6FF73B84751E7039E002128E7FF
:108FF000A08BE18B88423FF601AF012161F30203B0
:109000001372E78BFFE6D9F81C305B453FF6F0AEF4
:10901000B8F1FF0F53D04FF0040CE78BCDF81CC014
:1090200081E7DD8B9F8B5E68BD422AD2002E41D145
:10903000002CA8D0304626682EB1B9F1000F02D11D
:10904000724496423FD2BD429DD3DA789BF803101A
:1090500002F0010601F00105AE4204D84A40D507EE
:1090600091D400288FD02246DDE9079C5C460C9FF6
:10907000DDF82C80DDE9095B002A32D1CDF80CC087
:10908000C1E69EB1E81B80B2B8F1000F0AD000FB28
:109090000660401A069981422CBF00200120002C56
:1090A000C9D1D0E74046002CC5D1CCE7002CC1D1B6
:1090B0002046CAE72846E7E7A078012696E704237A
:1090C000049E0393B3E62246DDE9079C5C46DDE996
:1090D000095BDDF82C80CDF80CC0002E3FF48EAE7D
:1090E00088E61668F7E716461146AAE62DE9F04F1E
:1090F0008FB0837E0090002B40F0A982437E0C93BA
:10910000002B7AD10098837AC27A012141769A4263
:109110004169079100F00E840133DBB2022B009904
:109120000ABF0C9A1A46134601EB82028B72D3686F
:10913000079A0593D31823F07F434B6101230B93C8
:10914000009C267E0DF04EF9677A236801937B1E02
:1091500065680490DBB2002F00F0FB8405EBC30AC6
:109160000027FF2303930D960897DAF804B04FF019
:1091700000092F469AF803009AF802800FFA88F443
:1091800004EB440408F1010340454FEA0416DBB246
:109190000BEB041400F010819AF800209A4208BFEB
:1091A00000238AF802301BF806206178042A3AD995
:1091B000019801EB410300EB0315082A4FEA031362
:1091C0000293A8786B7822D81B1A13F0FF032CD1D6
:1091D000062A1CD1009BDB7E8B4251D00BF80690F7
:1091E000A36A84F80290002BC4D00020E16A98475B
:1091F0009AF803009AF80280C0E7446A0421034603
:1092000001220420A4460FB0BDE8F04F60470BF8E0
:1092100006904FF00103A370A36A002BAAD0E16A65
:1092200001209847A6E79846A8E7052A1FD162685B
:109230004AB9A2683AB9E2682AB922691AB96269D8
:1092400032F07F42E3D0012B1CD0009B04215C6AEA
:109250003D4601220846A0470123AA4508938AF803
:109260000280AAF1080300F0AD809A467DE7012B49
:1092700000F0A381062AE8D1009BDB7E8B42ADD1B2
:109280006168BCE1DDF800804046FFF7A7FBA860FD
:10929000D8F81410049B059A5B1A23F07F431344FB
:1092A000984240F2C481C01A6B68002B52D0A38A46
:1092B000002B4FD0013B9AB2A282D5F804C0EB8BB1
:1092C000604523D90CF10108069709911AE06A6AF2
:1092D000DFF814E2834996448E4584BF02F1E872B8
:1092E00002F5D4324746296A94BF674602F5A57253
:1092F000013BC01B521A9BB260456A62EB8340F28D
:109300001D82A28A9342E2D8069F0999934220D2F5
:10931000CDE909710CF10102D5F820E006926A6AE4
:10932000DFF8C4816F49724490448845674606D887
:10933000A2F1E872A2F5D432069FA2F5A57201331C
:109340009BB26A62EB83A28A9A423844E7D8DDE98D
:109350000971AA8363680344AB60A2686B69A86A59
:1093600013446B6128B103681BB1D4E901329B1A25
:109370004360049A2846FFF76BFBE268AB6913442D
:10938000AB61226993428CBF9B1A0023AB61A37D22
:109390001BB1EA7863F30002EA70E37D13B1013B8D
:1093A00085F82C30DDE90132039999546B786278A5
:1093B000039201336B7011E73D46AA45AAF10803F9
:1093C0007FF453AF0D9E089F009A0B9B92F818B044
:1093D000BBEB060518BF0125002B00F0B881049BEC
:1093E0000799D2F800805B1ABBF1FF0F23F07F4989
:1093F0005DD04FF0000A0896CDF804A00695C2464D
:109400001646C846DDF8149005970BEB4B050AEBA2
:1094100005142D01A2684A4500F27183019BA178D1
:10942000E08B1344019363785B1AF1698A4234BF7D
:10943000891A0021A9EB0209A8EB020824BF4FF00A
:10944000FF32F276F161A16ADBB2002900F06C8193
:109450000A68A769002A00F05481002F40F0548167
:10946000022B00F047830022A2601AF80520327612
:109470006168002940F00B81A26A2AB1127A02F0D9
:109480000702012A00F0E6803BB1012B00D020B199
:10949000236A13B1616A01209847A378637096F834
:1094A00018B0BBF1FF0FB0D1069D089E059F009C30
:1094B0000B9B03995E4518BF1D462046FFF744FBF2
:1094C000CDE90156D4F800B003974FF0000C009B93
:1094D000197EFF29084600F07C830D464FF0FF09F6
:1094E00005E000BF592B177F5A2B17FF1D462BB2E3
:1094F00003EB43030BEB03161B01B26A2AB1147A88
:1095000004F00704012C00F019821BF80330FF2B34
:10951000A946EBD1DDE90156039FBCF1000F00F035
:109520001C818E4200F00483002F00F04581084624
:10953000FF2800F05A83FF2E00F04283009B1B6837
:1095400000EB400003EB0013D3F808B0BBF1000FB1
:1095500000F0EA820CF046FFDFF85482914F924E01
:10956000DDF800A00A250246DAF814300192D11A7B
:1095700021F07F418B4505F1FF3501F103015CD9F5
:1095800059452CBF5B185B4423F07F494846DAF805
:10959000283098470CF026FF019AA9EB0203821AA3
:1095A00022F07F42033223F07F439A42044646D999
:1095B000002D00F0E6802246D6E7062A3FF40AAEE8
:1095C000DDF800804046FFF709FAAB78A8606B70C1
:1095D00098F81B2063789A427FF400AE1BF806309F
:1095E000062B3FF44DAE009AFF23D3761BF80630CE
:1095F000062B3FF445AE082B3FF442AE0499009B86
:109600005A698B1A1D0209D4059A23F07F4313442B
:109610000099CA699A4288BFCB61DFE5059B521A5F
:1096200022F07F4293428CBF9B1A0023F0E76A69C5
:1096300013441B1A6B61002036E601230C93009A39
:1096400000235376937E0C9A1A4340F095800FB016
:10965000BDE8F08FA378C4F808906370079B019A67
:1096600071699A1822F07F422046FFF7F1F9039BB7
:109670000AF805306378CDF80CB00133DBB26370C3
:1096800096F818B0BBF1FF0F7FF4BFAE0CE7A36AEA
:1096900023B11B7A03F00703012BDBD0B4F81EC003
:1096A000BCF1000F4ED1B4F81CC0E646481C029035
:1096B000D4E9087300220494704604E001388E4611
:1096C000441C724412D0DFF8ECE0384C3B449E441A
:1096D000A645F3D8DDF808E0A3F1E8730138A3F557
:1096E000D433441CA3F5A5737244ECD1049C94F8C4
:1096F0002C006362002800F0F380A260A4F81EC072
:10970000ACE7002F3FF4AFAE022B7FF4ACAE0028E5
:109710007FF4A9AE0A7A02F00702012A3FF4A3AE51
:10972000F76186F81BB09EE6A769002F3FF49BAE59
:10973000022B7FF498AE0028F2D094E6069F099998
:10974000A28AE3E5A37863704FF0000EAEE7009CB9
:1097500003992046FFF7F8F9217E8E427FF4E4AEAC
:10976000002F00F00F82009B002D40F06E825D768E
:109770009B7E002B3FF46BAF009B01225C6A0321B0
:109780003FE540F65B4342463946304616F071FCF1
:1097900085F31188BFF36F8F0323184602DF22463B
:1097A000E2E600BF8C94030008920300592B177F58
:1097B000A09103005A2B17FF009B5A7A5C68531E36
:1097C000DBB20125002A3FF4B2AECDE9075604EB27
:1097D000C30301930694019B5E78DA785B68B2421A
:1097E00018BF1D4667D036B206EB4606330105EBBF
:1097F0000616EB5C012B49D0022B51D1D6E901C1F1
:1098000033699CF80040D6F80CE00593009BDEF825
:109810000080D3F800905869FF2CD6E905AB02D040
:109820000B68834256D0009B4FF000081C7E0860F6
:10983000FF2C27D0CDE90256CDF810C05646F2468F
:1098400009E0BA684244B04788B919F80540BB68D6
:10985000FF2C984438D004EB440509EB051720464B
:10986000B9695B462D01002EEBD10029EDD0059999
:10987000DDF810C0BB68DDE90256D64609B17A6A48
:109880000A6098448CF80040CEF80080B36A4FF02C
:109890000002B27013B1F16A00209847019BDA7898
:1098A00001994E780B780136F6B2B34208BF002614
:1098B000B2424E7097D1019A06998A42A2F10803EA
:1098C00000F0D180019386E7DDE90256DDF810C093
:1098D000D646D7E704EB4404230119F80340A7E771
:1098E00090457FF60AAF8646481C0290029C099577
:1098F000704605E08E4672440130904580B212D920
:10990000DFF8B8E2A84D3B449E44AE45F2D8A646E7
:10991000A3F1E8737244A3F5D43301309045A3F565
:10992000A57380B2ECD8049C099D636260441FFA61
:1099300080FCE2E60C9B0B93059301E4B1681C46A6
:109940001346002940F00881D6F81880B8F1000FBE
:1099500015D11A68002A40F0F880944A9449954835
:1099600040F6BD1316F085FB002383F31188BFF387
:109970006F8F0323184602DFB26A4FF00408009B82
:10998000DB69181D5368049319461368994280F0E7
:10999000C080A3EB010C1BF80430FF2B00F0B98052
:1099A000C445C0F0B6804FF0000E0595C24677461C
:1099B0000546CDF818903AE0A7F10409F144E145D5
:1099C00028BFE14608EB050084450DD3D1450BD3F4
:1099D000B06900283DD0107A00073AD4B9EB0800EE
:1099E00002D0A84280F02881886A20B1007A00F075
:1099F0000700012827D0886928B3496819B3B169DD
:109A0000BE44043000EB0E0509B3107A0007ACEB3E
:109A1000080103D58D4294BF294600211BF803306D
:109A20000027FF2B22D008EB0E0AD4451ED303EBF0
:109A300043030BEB03111B0188680744042FBBD8B9
:109A40004FF00009BEE71BF803300021E9E7294683
:109A5000E4E7002DC8D0A9EB0809A945C4D32946DD
:109A6000DDE9055904E0DDE907567CE6DDE9055945
:109A7000049B0B4453601BF80400FF2818BF4FF0F1
:109A8000FF0E01D1C0E0184603B203EB43030BEB1A
:109A9000031C1B01DCF808708F4280F0D1801BF89A
:109AA0000330FF2B8646A1EB0701ECD1FF28B16004
:109AB00015D0B9F1FF0F1BF804106CD00FFA89F321
:109AC00003EB43031B010BF8031000B200EB400053
:109AD00003011BF803100BF804100BF80350F38B71
:109AE000013BF383137A022161F3020313724FF0F7
:109AF000010CECE400287FF4B6AC04270AE64B46E0
:109B0000D21A009BA260069D089E059F93F818B08C
:109B1000CDE4049B53601BF80430FF2B08BF0021E9
:109B200072D00023B360DAE7009B83F819B023E614
:109B3000002F7FF403AD009B5A7A5C68531EDBB2A2
:109B4000002A3FF4FBAC65463FE61A464FF0040896
:109B500015E7FF23039337E4144A1749154840F6E5
:109B6000B51316F086FA002383F31188BFF36F8FC5
:109B70000323184602DFD6F81880B8F1000F0DD085
:109B8000B26AFCE6009B5A7A5C68531EDBB2002A7C
:109B90007FF41BAEE7E5009B197696E7B36A002BCE
:109BA0003FF4DBAED5E600BF592B177FA091030031
:109BB0002892030008920300E09103005A2B17FF3C
:109BC0000CF010FC04460CF0D5FB009BC8B1187ECD
:109BD000B4E4DDE90156039FBCF1000F3FF4BDADD5
:109BE000FF2E13D0002F3FF4E7AD0CF0D3FB04465B
:109BF000B8B1009A00235376937E002B7FF4BCAD5E
:109C000025E5187E5C6199E4B16068E7002FECD12E
:109C1000009B5A7A5C68531EDBB2002AE5D0654689
:109C2000D3E5009DE8610CF0DDFB6C766861AB7EEE
:109C3000002B3FF40CAD9FE5DDE90559014617E720
:109C40007F1ACCF80870704630E7187E70E400BFC9
:109C5000F8B5069E9DF81C50089CB8B9144F3A60A0
:109C60005A1E39727B727E60D2B273B106EBC202A9
:109C70005460114612F808398E4203EB4300A5EBFD
:109C8000030304EB0014DDB2F2D10DB10120F8BDE5
:109C9000099B3B620A9B7B62FF240B9BBB623C7669
:109CA0000CF0A0FB7D817861FC76FD612846F8BD53
:109CB000543D0020044B2C2202FB0033187A00385C
:109CC00018BF0120704700BF543D002010B40B4B5B
:109CD0002C2202FB0032546A64B100EB800200EBDC
:109CE000420003EB8003A44601225DF8044B0321EC
:109CF000022060475DF8044B704700BF543D0020D0
:109D000010B58AB00C9C00940D9C01940E9C02949A
:109D1000BDF83C400394109C0494119C0594129C43
:109D20000694139C0794149C089400240994FEF74D
:109D3000B5FE0AB010BD00BF10B4BDF810400494C9
:109D40005DF8044BFEF7AABE2DE9F84F294DBDF88A
:109D500034609DF83880044608462C2101FB0451EC
:109D600004EB840704EB470405EB84054C6804EB23
:109D7000C00E14F830909EF803409EF8017004F174
:109D8000010C5FFA8CFCE14598BF4FF0000C674571
:109D90009DF844902AD0DEF8047004EB44044FEAA6
:109DA000041A07EB04144FF0050B07F80AB06360C0
:109DB0000A9BA3600B9BE3600C9B23610F9BA36238
:109DC000109BE36202236270A68284F8168084F8F6
:109DD0001790A3708EF803C0D1E9083698472B4638
:109DE00000220421B047A078BDE8F88F0120BDE82B
:109DF000F88F00BF543D002010B588B00A9C009435
:109E00000B9C01940C9C0294BDF8344003949DF883
:109E1000384004940F9C0594109C069400240794E9
:109E2000FFF792FF08B010BD2DE9F0411E4D064628
:109E300008462C2101FB065E06EB860406EB440473
:109E4000DEF8046005EB840706EBC00516F8306009
:109E5000EC78697804F1010C5FFA8CFC664598BFD8
:109E60004FF0000C61451BD0696804EB44042601E7
:109E700001EB04144FF0070801F80680A362069B6B
:109E8000E36202236270A37085F803C0DEE908353F
:109E900098473B4600220421A847A078BDE8F081FE
:109EA0000120BDE8F08100BF543D00202DE9F041C4
:109EB0001F4D064608462C2101FB065E06EB860474
:109EC00006EB4404DEF8046005EB840706EBC005EE
:109ED00016F83060EC78697804F1010C5FFA8CFCBC
:109EE000664598BF4FF0000C61451DD0696804EBD2
:109EF0004404260101EB04144FF0080801F8068021
:109F00006360069BA362079BE36202236270A370F7
:109F100085F803C0DEE9083598473B460022042156
:109F2000A847A078BDE8F0810120BDE8F08100BF1E
:109F3000543D00200CF056BA401A20F07F40704784
:109F400001480021704700BF7F410100022801D075
:109F50000120704738B5044608461D4603F0F0FC62
:109F600018B108232B70002038BD204638BD00BF33
:109F7000082303700B70704738B5054600200C4667
:109F800003F09EF970B93DB9074B44B120681860E1
:109F9000A2889A80002038BD044B002CF6D11C60AA
:109FA0009C80F7E70C2038BD883D0020803D0020D4
:109FB0000128034605D8044A0448002B08BF104670
:109FC00070470020704700BF883D0020803D002082
:109FD00001280AD8064A074B002818BF13461868FC
:109FE00008609A888A801846704700231846704790
:109FF000803D0020883D002010B504460AF03AFC60
:10A0000050B90BF0B3F8D0B90BF0DCFC50BB2046D4
:10A01000BDE8104012F05EBF1C4A1D491D4840F6C5
:10A02000571316F026F8002383F31188BFF36F8FC0
:10A030000323184602DF0BF099F80028E4D0134AF6
:10A040001349144840F65C1316F013F8002383F309
:10A050001188BFF36F8F0323184602DF0BF0B2FCA9
:10A060000028D4D0094A0A490A4840F6681316F075
:10A0700000F8002383F31188BFF36F8F0323184682
:10A0800002DF2046BDE8104012F024BF809203009A
:10A09000BC920300089203000860014812F01ABF46
:10A0A000B047002012F016BF2DE9F84F89462A4D1F
:10A0B00099F8003095F8C010172B88BF0B469A42CC
:10A0C0003ED05C1CE4B29246182C35F83320028056
:10A0D000834608BF002405EBC303002601274FF089
:10A0E00012081AE0012833D0C3F8048089F8004030
:10A0F00095F8C030172C98BF23469A4521D01AB244
:10A100000133DCB235F83200BBF80010182C08BF60
:10A110000024884205EBC20313D1586860B1FF28C0
:10A12000E0D9027902F00302013A012A0CD9122285
:10A130005A6003F01FFCD9E701365F60F6B2D5E73D
:10A1400000263046BDE8F88F0136F6B20122EFE76F
:10A150000136F6B2CAE700BFBC3D00202DE9F0474A
:10A16000374F3B8898425DD913F0FF0528D0DFF8C0
:10A17000DCA0DFF8D0809AF81540DFF8CC909AF890
:10A1800014300134E4B2052C08BF0024A342404639
:10A1900018D0FEF723FA064648468EB1FEF71EFA9F
:10A1A000002841D006609AF815304AF823003B8811
:10A1B0008AF81540013D013B15F0FF053B80DED1DB
:10A1C000BDE8F0873B88002BFAD0DFF884A01D4D56
:10A1D0009AF82D401C4E4FF000080134E4B20B2CCD
:10A1E0009AF82C3008BF0024A3422846E8D0FEF796
:10A1F000F5F981463046B9F1000FE1D0FEF7EEF9EE
:10A20000C0B1C9F80480C0F800909AF82D304AF81F
:10A2100023003B888AF82D40013B9BB23B80002BFA
:10A22000DBD1CDE70546A2E730460649BDE8F04759
:10A23000FEF7EAB948460349BDE8F047FEF7E4B93E
:10A24000C43E0020C83E00207C3F0020C0450020C6
:10A25000843E00202DE9F84F414B424FDFF8089132
:10A26000DFF8FCB00422981824214FF00008A7F86A
:10A270001480FEF78DF93C4B042208219818FEF754
:10A2800087F997F814A07C7D04260134E4B2052CEC
:10A2900008BF0024A245484613D0FEF79FF90546A3
:10A2A000584675B1FEF79AF9002853D0C5F80480D6
:10A2B00005607B7D47F82300013E16F0FF067C75A4
:10A2C000E3D12A4B1022181D6421FEF761F9284BB7
:10A2D0001622181D0821FEF75BF92548FEF77EF9C6
:10A2E0000446C8B1234A2046111FFEF7C5F920488D
:10A2F000FEF774F90446F0B11F4A2046111FFEF71D
:10A30000BBF91E4B0E22FF201A80FFF727FF08F033
:10A3100065FE0020BDE8F88F194A1A491A4840F630
:10A32000321315F0A6FE84F31188BFF36F8F032359
:10A33000184602DFD6E7124A1249134840F639138D
:10A3400015F097FE84F31188BFF36F8F032318462F
:10A3500002DFD1E704492846FEF756F9B1E700BF0E
:10A36000FC45002090460020D84500207C3F00207E
:10A37000C83E0020C03E0020B83E0020C43E002061
:10A380008092030078970300089203002DE9F04FB4
:10A39000DFF89882DFF88492DFF888B2DFF8A4A2B1
:10A3A00087B0D8E9000103AAFEF77EF90546002828
:10A3B00034D0039C002C71D0207804AA02A903F0A9
:10A3C000BFFF0446002855D0DDE90313BDF808207F
:10A3D0000F78ADF80A20059305AE0DF10A0503F0DC
:10A3E000C1FF2146059ABDF80A0004F001F8204695
:10A3F00003F082FF32462946384603F0A1FF0446A7
:10A400000028ECD1D9F8000012F064FDD8E9000171
:10A4100003AAFEF749F905460028CAD104AA02A9F1
:10A420000DF1070003F074FF0446002846D0049B9A
:10A4300005939DF80770BDF80830ADF80A3005AEF9
:10A440000DF10A0503F08EFF2146059ABDF80A00BA
:10A4500003F0CEFF204603F04FFF32462946384630
:10A4600003F06EFF04460028ECD16C4B186812F024
:10A4700031FD96E7039B05931B79013B172B20D8F1
:10A48000DFE803F02F43861F1F1F1F1F1F1F1F1F03
:10A490001F1F1F1F1F1F1F1F1F1F7B2F604840F6FE
:10A4A00004235A46514615F0E4FD84F31188BFF3A6
:10A4B0006F8F0323184602DF039C7DE707B0BDE8DA
:10A4C000F08F584A5849564840F6A43315F0D1FD4C
:10A4D000002383F31188BFF36F8F0323184602DF35
:10A4E0005FE75249D8F804000022FEF7E5F8504B28
:10A4F000059993F8C13028460B704E4AFEF7CAF80A
:10A50000464B186812F0E6FC4BE74849D8F80400BF
:10A510000022FEF7D1F8059EB46844B1237803F019
:10A52000FF07002B6AD02378013BDBB22370337B1B
:10A5300023B1012B52D13046F2F79EFC3E4A002750
:10A540003773537D117D0133DBB2052B08BF3B46CA
:10A55000994234D03560517D42F821605375002C0A
:10A560003FF41FAF2378002B7FF41BAF6369002BF0
:10A570003FF417AFA069984713E72C49D8F80400B7
:10A580000022FEF799F80599284603F0EFFC08E74A
:10A5900005A9284603F014FD2449D8F80400002238
:10A5A000FEF78AF8059900293FF4FBAE0B792D2BB5
:10A5B0003FF4F7AE1E4B284693F8C1309CE7194A8A
:10A5C0001E49174840F6124315F053FD87F31188D2
:10A5D000BFF36F8F0323184602DFC0E7114A124909
:10A5E0000F4840F60B4315F044FD002383F3118818
:10A5F000BFF36F8F0323184602DF9FE7094A104914
:10A60000074840F6B43315F034FD87F31188BFF3E3
:10A610006F8F0323184602DF85E700BFAC47002099
:10A620000892030080920300E0920300BC3E0020E9
:10A63000BC3D0020B83E002090460020E49203007C
:10A64000C8920300C492030030B5314B314C1860FE
:10A6500087B00BF081FE2378002B53D02E492F4A70
:10A660002F4D05954FF0050C81F808C02D4C049234
:10A670002D4A0220CDE9022404230D24CDE9001443
:10A680002A4A087408760B7000200A21FFF7E0FAC6
:10A6900040BB0122002126481CF082F80AF07CF819
:10A6A000044610B1204607B030BDFFF7D3FD044685
:10A6B0000028F7D10AF042FD04460028F2D102F04A
:10A6C000ABFD04460028EDD10BF070F904460028DC
:10A6D000E8D103F0B3FB04460028E3D10120F3F7EF
:10A6E0006FF9DFE7134A1449144840F2762315F056
:10A6F000C0FC002383F31188BFF36F8F0323184638
:10A7000002DFC6E7FDF7E8FF01232370A6E700BFDD
:10A71000AC470020B0730020384A0020D96E0200F8
:10A72000D96F0200716E0200C8470020584A00200D
:10A73000B047002080920300BC92030008920300FF
:10A7400010B586B002F078FD002835D103F078FB13
:10A75000002844D10024414B2046A3F8C040F3F721
:10A760002FF93F493F4A404BA1F8004194829C8514
:10A770000122214668461CF013F83C4B2246214634
:10A780000320C3F808D0FDF7FDFF002857D14FF094
:10A79000FF324FF0FF33684612F0D6FB02F052FD55
:10A7A00000283CD1FFF756FD48BB0021012006B030
:10A7B000BDE81040FFF7E0BB2D4A2E492E4840F27D
:10A7C0002E3315F056FC002383F31188BFF36F8FEF
:10A7D0000323184602DF03F033FB0028BAD0244AD3
:10A7E0002449254840F25A3315F043FC002383F3F3
:10A7F0001188BFF36F8F0323184602DFAAE71C4AB4
:10A800001C491D4840F2A33315F033FC002383F3A9
:10A810001188BFF36F8F0323184602DFC5E7144A80
:10A820001449154840F2963315F023FC002383F3B6
:10A830001188BFF36F8F0323184602DFB2E70C4A7B
:10A840000E490D4840F2893315F013FC84F311884A
:10A85000BFF36F8F0323184602DF98E7BC3D00204B
:10A86000A8460020C0450020843E0020C0060020ED
:10A8700080920300BC92030008920300F49203004C
:10A8800008B5FFF75DFFBDE8084009F0B5BF00BFA0
:10A890002DE9F04FDFF8F490364E83B00746884636
:10A8A000A9F1C00400233B60D6E9000101AAFDF72D
:10A8B000FBFE054600284BD0019B49461A784046CE
:10A8C000FFF7F2FB034600284AD194F8C0208DF828
:10A8D000012094F8C1200DF101010DF102009A460A
:10A8E000FFF7E2FB4AEA000212F0FF0A0346F0D14A
:10A8F000019B1A79012A37D1DFF894B0706852466B
:10A900003146FDF7D9FE0BF104012846FDF77CFE28
:10A91000BBF800300D2B0AD8019817490133ABF86A
:10A920000030FDF771FE0120FFF718FCBAE7134A6B
:10A93000134914484FF4D76315F09BFB8AF3118831
:10A94000BFF36F8F0323184602DFBBF80030E3E745
:10A950000D49404691F8C120C031FFF7A5FB0346E1
:10A96000184603B0BDE8F08F3B605346184603B06D
:10A97000BDE8F08FB43E00207C3F002080920300B1
:10A98000FC92030008920300BC3D00207C3E0020A6
:10A99000C43E0020F0B5624983B0002348680193AB
:10A9A00001AAFDF789FE0446002868D020465D49CB
:10A9B000FDF72AFE019B1C791D2C10D8DFE804F05E
:10A9C000200F0F200F0F0F0F0F0F0F0F0F0F0F0F75
:10A9D0000F0F0F0F0F0F0F32202020202020524A80
:10A9E0005249534840F2735315F043FB002383F35D
:10A9F0001188BFF36F8F0323184602DF03B0F0BD49
:10AA0000002CFBD1484A4B49494840F26F5315F09E
:10AA100030FB84F31188BFF36F8F0323184602DFE6
:10AA200003B0F0BD1A7F3C2A38D05C7FC4B19B686C
:10AA30001C68606E20B100233F496366FDF7E4FDAA
:10AA400094F86A306FF3000384F86A30002002F053
:10AA500037FC10F0FF00D1D108F08EFF03B0F0BD3D
:10AA6000314A3249324840F2F64315F002FB84F392
:10AA70001188BFF36F8F0323184602DFE6E72A4AE7
:10AA80002E492B4840F2354315F0F3FA84F3118830
:10AA9000BFF36F8F0323184602DF87E79E68D6E96E
:10AAA0000045F5B100277760AB6F6BB11E4A2449B2
:10AAB0001F4840F2B24315F0DCFA87F31188BFF368
:10AAC0006F8F0323184602DF05F16C0105F1680062
:10AAD000FDF7D6FD064698B12868AE6702F01AFF6A
:10AAE000AEE7114A1749124840F2AF4315F0C1FAD8
:10AAF00085F31188BFF36F8F0323184602DFD1E778
:10AB0000094A11490A4840F2B54315F0B2FA86F3F2
:10AB10001188BFF36F8F0323184602DFDCE700BF05
:10AB2000B43E0020C83E002080920300E092030063
:10AB3000089203006C9303007C3F00207897030089
:10AB4000489303003C930300609303002DE9F04712
:10AB5000046881465CB3DFF86C81DFF888A1584F48
:10AB60002646246835791D2D10D8DFE805F03C0F06
:10AB70000F3C0F0F0F0F0F0F0F0F0F0F0F0F0F0FB8
:10AB80000F0F0F0F0F28583C3C3C3C3C40F2AC638D
:10AB900042465146384615F06CFA002383F311887B
:10ABA000BFF36F8F0323184602DF002CD8D1002398
:10ABB000C9F80030BDE8F047FF20FFF7CFBA337F78
:10ABC0003C2B66D0F3B13F4A3F493D4840F2D75352
:10ABD00015F04FFA002383F31188BFF36F8F03231F
:10ABE000184602DF35796DB9384940F22D63424687
:10ABF000384615F03EFA85F31188BFF36F8F0323B3
:10AC0000184602DF324D2B880D2B31D801333149E4
:10AC10002B803046FDF7F8FC002CA1D1C7E7F08867
:10AC20000428C2D802F084FED0F89430054673B1EF
:10AC3000244A2949224840F29B6315F01AFA00235E
:10AC400083F31188BFF36F8F0323184602DF05F1EA
:10AC5000880105F18400FDF713FD064608B3C5F829
:10AC60009460284602F056FE002C7FF479AF9EE7F0
:10AC70001A494FF4D7634246384615F0FAF90023D3
:10AC800083F31188BFF36F8F0323184602DF2B88ED
:10AC9000BCE710493046FDF7B7FC002C7FF460AFED
:10ACA00085E7084A0E49064840F29E6315F0E1F92F
:10ACB00086F31188BFF36F8F0323184602DFCEE7B8
:10ACC0000892030080920300909303009C9303007A
:10ACD000C43E00207C3F0020C4930300FC9203008C
:10ACE00078970300E09203000148FDF777BC00BFAE
:10ACF000C83E00200149FDF787BC00BFC83E0020C8
:10AD00000148FDF76BBC00BF7C3F00200149FDF707
:10AD10007BBC00BF7C3F0020034B044A93F8C1304A
:10AD20000B70FDF7B7BC00BFBC3D0020B83E002053
:10AD300008B5064B064A93F8C1300B70FDF7AAFC24
:10AD4000044B1868BDE8084012F0C4B8BC3D0020B0
:10AD5000B83E0020AC4700200C4991F82C2091F817
:10AD60002D309A420AD8A3EB020C5FFA8CFC6045A6
:10AD700009D89A4207D051F8220070470B339B1A2A
:10AD8000DBB29842F7D90020704700BF843E002014
:10AD9000094A92F82C1092F82D308B4209D04B1CA6
:10ADA000DBB20B2B08BF002352F8210082F82C30B5
:10ADB00070470020704700BF843E002008B5134A4A
:10ADC00092F8C1C092F8C0E00CF10103DBB2182B7D
:10ADD00008BF00239E4508D022F83C0002EBCC0CB3
:10ADE000CCF8041082F8C13008BD094A09490A4864
:10ADF00040F2127315F03DF9002383F31188BFF37D
:10AE00006F8F0322104602DF1B80FFDEBC3D002057
:10AE100080920300C89803000892030000220823D0
:10AE200002700B70704700BF002208B511460B4B33
:10AE30000120FDF7A7FC00B908BD094A09490A48E5
:10AE400040F2317315F015F9002383F31188BFF335
:10AE50006F8F0323184602DF08BD00BFB006002035
:10AE600080920300DC93030008920300022810B5CF
:10AE70000C4602D00B68022B07D004484FF0FF327B
:10AE80004FF0FF3312F060F8206810BDB04700208B
:10AE900004490A680AB11046704702460860104625
:10AEA000704700BFB83D0020044A136823B19842A0
:10AEB00006BF00211160002318467047B83D0020EE
:10AEC000014B1868704700BFB83D002004490A686C
:10AED0000AB110467047024608601046704700BF2E
:10AEE000803E0020044A136823B1984206BF002127
:10AEF0001160002318467047803E0020014B1868FF
:10AF0000704700BF803E002030B505682B7887B0C1
:10AF10005BB304460122002168461BF041FC144B40
:10AF2000C5F818D06B612B78FBB1124B002211468B
:10AF300003209C60FDF726FC38B94FF40042002343
:10AF4000684612F001F807B030BD0B4A0B490C48B7
:10AF500040F2E97315F08DF8002383F31188BFF3F5
:10AF60006F8F0323184602DFE7E76FF07700EAE709
:10AF7000A5A00100A006002080920300DC9303003E
:10AF800008920300F0B5254E336885B00C4617468D
:10AF9000002B36D0994215D10223039303AB02460E
:10AFA000009303211E4B0020FEF73EFF02280546BA
:10AFB0000CD0039B022B09D195B133680BB19C4295
:10AFC00021D014B36FF02D0005B0F0BD15484FF03F
:10AFD000FF324FF0FF3311F0B7FF039D002DECD18E
:10AFE0003846FFF791FF33680BB19C4211D0002C1B
:10AFF000E8D10028E8D010F1780F08BF002005B094
:10B00000F0BD3160C8E7002333606FF0770005B012
:10B01000F0BD35600028D7D0EDE700BFB83D002077
:10B0200099A00100B04700200B490A7D4B7D9A4250
:10B030000AD8A3EB020C5FFA8CFC604509D89A424F
:10B0400007D051F82200704705339B1ADBB29842B3
:10B05000F7D90020704700BFC0450020074A117D86
:10B06000537D8B4208D04B1CDBB2052B08BF00235D
:10B0700052F821001375704700207047C04500202A
:10B0800038B50C46054603F03DF9207021462846A8
:10B09000024ABDE83840FDF7FDBA00BFC03E0020BF
:10B0A0000122024B11460020FDF76CBB90060020E8
:10B0B00070B50C46054603F025F921462070064A76
:10B0C0002846FDF7E7FA0122BDE87040034B114620
:10B0D0000020FDF757BB00BFC03E002090060020B7
:10B0E0002DE9F0431A4D9DF81C8095F801C10CF133
:10B0F000010E5FFA8EFEBEF1080F994695F80031F9
:10B1000008BF4FF0000E73451DD0144605EB4C1CD4
:10B11000E36807460E4610685168926864460FC49B
:10B120009CF81C30CCF8186008F0010823F00303E9
:10B1300043EA0803CCE904978CF81C3085F801E158
:10B140006046BDE8F0834FF0000C6046BDE8F08338
:10B15000A8460020054890F8003190F801219A4255
:10B1600014BF00EB43100020704700BFA84600202A
:10B1700001460B480A7890F80131072A84BF90F8FD
:10B1800000210A70934208D0531CDBB2082B08BF81
:10B19000002300EB42100B7070470020704700BF87
:10B1A000A84600202DE9F04F444F97F8004197F84A
:10B1B000013185B0A34202903FD04FF0000A07EB67
:10B1C00044140A25CDF80CA0D346CDF804A0267F60
:10B1D000D4F80C90C6F3400806F00106002D47D0C5
:10B1E000013DEDB2B8F1000F2AD097F8013197F880
:10B1F0000041A34221D00134E4B2082C08BF00244E
:10B20000A34287F8004118D007EB4414E368B8F173
:10B21000000FDCD1002E3AD1019A002A47D0BBF1B1
:10B22000000F08BFCB46227F9107D0D4D20735D478
:10B23000019A9A4201D09B45C9D105B0BDE8F08F73
:10B240001F4B02989C6042464146FDF79BFA00283E
:10B25000CBD01C4A1C491D4840F67E0314F009FF60
:10B2600088F31188BFF36F8F0323184602DFBCE712
:10B27000144A1749154840F66F0314F0FAFE85F397
:10B280001188BFF36F8F0323184602DFA8E7039AE4
:10B2900082B1BAF1000F08BFCA46C4E7BBF1000F84
:10B2A00095D1039A9A42C8D09A4590D1C5E7CDF876
:10B2B0000490B8E7CDF80C90B5E700BFA846002091
:10B2C0008006002080920300DC93030008920300B4
:10B2D000E4930300054B1A7D597D914204D053F845
:10B2E000220010B10C3070470020704790460020BB
:10B2F00070B5134A117D537D8B421ED04B1CDBB2BF
:10B3000052F82140052B08BF00231375ACB102236E
:10B310000025266823712560A06002F0F3FF094A2A
:10B32000207021463046FDF7B5F90122064B114643
:10B330002846FDF727FA204670BD0024FBE700BF32
:10B3400090460020C03E00209006002010B582B03C
:10B350000024CDE90044049B09F044FC02B010BD78
:10B3600010B50346007F1A699969012482B0204014
:10B37000CDE90004586909F035FC08B1773001D1F6
:10B3800002B010BD074A084908484E2314F071FE68
:10B39000002383F31188BFF36F8F0323184602DF66
:10B3A00002B010BDEC930300309403000892030038
:10B3B00010B50469FFF764FA40B90C48F6F7ACFB26
:10B3C0000B48F6F7A9FB0020206010BD094A0A4986
:10B3D0000A4840F2793314F04CFE002383F31188BD
:10B3E000BFF36F8F0323184602DFE6E768220020D1
:10B3F000A021002044940300BC92030008920300A3
:10B400002DE9F047464FD0F81080DFF81CA1DFF897
:10B410001C9182B006464FF0FF324FF0FF333846A2
:10B4200011F026FD0028F6D043790190042B22D894
:10B43000002B4FD13B4840F212235246494614F0AC
:10B4400018FE002383F31188BFF36F8F0322104689
:10B4500002DF019A01A81360FFF778FB4FF0FF327B
:10B460004FF0FF33384611F003FD0028D3D0437965
:10B470000190042BDCD9052BDCD14FF0FF324FF0CB
:10B48000FF330820F7F72CFA04462146019800F014
:10B490005DFF019B00221A6001A8FFF757FB002CFB
:10B4A000B9D0204615F07DFD21460546002015F057
:10B4B0009EFD2B8A0446294630463BB1D8F8003021
:10B4C000984712F031FA002CEBD1A4E72846F6F7A2
:10B4D000EDFEF6E7022B13D04FF0FF324FF0FF33B3
:10B4E0000220F7F7FDF9044601989CB1214600F0CF
:10B4F00069FF019B00221A6001A8FFF727FBD0E734
:10B500000022002301210020F7F7FAF904460198F0
:10B51000002CEBD1046001A8FFF718FB7BE700BF0C
:10B520003C4C00200892030044940300E092030086
:10B53000F0B50546076989B00E461F481BF0D9F8DB
:10B540004FF0FF3200211D481BF02AF91B48FFF77E
:10B550007BF8044660BB3E60F1F792F900260027B5
:10B560006FF00903CDE90334CDE90667CDE9014465
:10B57000134B144900954FF4E072134811F0DEFFAD
:10B58000124911481BF04FFA6FF00702CDE903246E
:10B59000CDE90667CDE901440D4B0E4900954FF406
:10B5A00060720D4811F0CAFF0C490B481BF03BFAC2
:10B5B000204609B0F0BD00BF3C4C0020544C002098
:10B5C000F9B50100D08E0020682200208494030089
:10B5D00001B40100508B0020A021002090940300B2
:10B5E0000B7E0269022B01D013681847CB681B78C9
:10B5F000052BF9D1704700BF2DE9F043DFF8C48077
:10B600002F4F83B005460DE0F7F77AF92246BDF8D3
:10B610000210044601F0ACF921462846FFF7E0FF8E
:10B6200012F082F90DF1020101A8FFF731F9044689
:10B630004FF0FF324FF0FF3300211320002CE3D1F5
:10B64000019BB3B1FFF7A6F9DDF80490484601F07D
:10B65000A7F9019E89F805007379032B02D133798C
:10B66000182B0ED0314638461BF081F8019B002B79
:10B67000D8D14FF0FF324FF0FF33404611F064FC59
:10B68000D0E74FF0FF3321464FF0FF320520B6F8E8
:10B690000690F7F735F949460246044606F11C00C4
:10B6A00000F02CFE484600F049FE2146284624B111
:10B6B000FFF796FF2046F6F7F9FD019ED2E700BF9F
:10B6C0003C4C0020544C002070B50B8A82B033B142
:10B6D0000B7E012B0C46064619D0042B04D06FF0CC
:10B6E0001505284602B070BD01A9204600F0A8FD4E
:10B6F0000199054611B13046FFF772FF002DF0D1D8
:10B700002046F6F7D3FD0025284602B070BD002381
:10B7100001A92046019300F02BF901460028EFD043
:10B720003046FFF75DFF019D002DE9D0284601F06E
:10B7300037F96871019902481BF019F8E0E700BF7A
:10B740003C4C002010B512F09FF8054C20461AF032
:10B75000DCFF20461AF0CDFFBDE8104012F0A8B87B
:10B760003C4C00202DE9F0411A4C6468A40004D53B
:10B770001646194A1268120701D4BDE8F08103F198
:10B780000C0405460F462046022115F047FC40F602
:10B790003E4303800121204615F040FC034604226D
:10B7A00020461A700B2115F039FC0570A0F80160D5
:10B7B0003DB97B68BA68C0F80720C0F80330BDE81F
:10B7C000F0814FF00008C0F80380C0F80780BDE8A2
:10B7D000F08100BFD0010020C8010020F0B5013881
:10B7E00087B0144611280AD8DFE800F0233F550936
:10B7F0000967097998AB090909090909090D6FF069
:10B80000150007B0F0BDCB68DA789978188807F092
:10B81000D1FB554B06460121188816F019F9012174
:10B8200005460C3015F0FAFB06702560002007B0C5
:10B83000F0BD4D4B0D21188816F00AF90D2120603E
:10B840000C3015F0EBFB4FF0021400234FF4806135
:10B8500001220370C0F80140A0F80510C271037204
:10B8600043728372C3720373E0E73F4B4121188830
:10B8700016F0EEF8412120600C3015F0CFFB0021CE
:10B8800004463E2200F8031B1BF0B5FD40F2A7332F
:10B89000A4F80130CAE7344B0921188816F0D8F80B
:10B8A000092120600C3015F0B9FB0346002203F893
:10B8B000012BC0F801205A60B8E7C9680020FEF7E4
:10B8C0005BFB294B0121188816F0C2F801210546BF
:10B8D0000C3015F0A3FB002303702560A6E7234E70
:10B8E000214F0FCE01AD0FC5336838882B70122160
:10B8F00016F0AEF8122120600C3015F08FFB0446D4
:10B90000002301AE04F8013B84460FCE2D78CCF81D
:10B9100001006160A260E360257487E7124B182183
:10B92000188816F095F8182120600C3015F076FB79
:10B9300000230446012100F8023B0AF093FC6070EA
:10B9400074E7094B2121188816F082F82121206024
:10B950000C3015F063FB0146002301F8113B013068
:10B960000AF0D0FC62E700BFD4710020AC94030061
:10B970002DE9F041038A8CB00022022B079230D9C6
:10B98000044603210C3015F070FB228A83789A421A
:10B9900027D30088D94EC0F38523082B30801FFAA7
:10B9A00080FCC0F3090509D8A3B1013B072B11D8CE
:10B9B000DFE803F01C10284C101010643F2B09D155
:10B9C00007AA21462846FFF709FF163040F02784D2
:10B9D000B6F800C0012160460CB0BDE8F04116F099
:10B9E00049B8002420460CB0BDE8F081062D00F0D7
:10B9F000CF831D2DEED1E368188802F0D7F80146F9
:10BA00003088E9E7632D00F0078400F2EE80032D13
:10BA100000F0DE832D2D40F0D380E36860460421E2
:10BA20001E8893F8028016F013F8042104460C30A7
:10BA300015F0F4FAB7B20546C31C42463946022057
:10BA4000FEF784FAA5F801602870CBE7681E082885
:10BA5000C0D801A353F820F0B1BC010065BC0100BF
:10BA60003FBC0100D5B90100D5B90100D5B901002D
:10BA7000D5B90100D5B901001FBC0100681E4D28D1
:10BA8000A8D801A353F820F011BD0100DBBC0100D0
:10BA9000B9BD0100D5B90100AFBD010093BD0100E2
:10BAA00079BD01006DBD010061BD010041BD010016
:10BAB000D5B90100D5B90100D5B90100D5B901004A
:10BAC00021BD010027C001001FC0010017C00100F7
:10BAD000F5BF0100D5B90100CDBF0100BFBF010016
:10BAE00085BF010065BF0100D5B901005BBF010042
:10BAF0004BBF01002BBF0100D5B90100D5B9010032
:10BB0000D5B901000BBF0100F1BE0100E1BE01008B
:10BB1000ADBE0100A1BE0100D5B90100D5B901003B
:10BB2000E3C00100DBC00100D5C00100B5C00100C9
:10BB300083C0010051C0010047C0010039C00100AD
:10BB400047C10100F1C0010081BE01002FBE01000C
:10BB5000D5B90100D5B90100D5B90100D5B90100A9
:10BB6000D5B90100D5B90100D5B90100D5B9010099
:10BB7000D5B90100D5B90100D5B90100D5B9010089
:10BB8000D5B90100D5B90100D5B90100D5B9010079
:10BB9000D5B90100D5B90100D5B90100D5B9010069
:10BBA000D5B90100D5B90100D5B90100D5B9010059
:10BBB0000DBE0100D5B90100D5B9010003BE0100D9
:10BBC000012D7FF407AFE2684D4B11685268196090
:10BBD000604629465A6015F03BFF012104460C30AF
:10BBE00015F01CFA00230370FCE67B2D00F0D882D0
:10BBF0007C2D7FF4EFAEE3681F885988B8B202F05D
:10BC0000E7F805460321308815F022FF032104469A
:10BC10000C3015F003FA0570A0F80170E2E66046FA
:10BC2000072115F015FF072104460C3015F0F6F931
:10BC30000146002001F8010BFEF7CAF9D2E60921FE
:10BC4000604615F005FF092104460C3015F0E6F9B1
:10BC50000346002203F8012B6021C0F801205A603E
:10BC60004171BFE66046412115F0F2FE41210446D4
:10BC70000C3015F0D3F9002105463F2200F8021BD5
:10BC80001BF0B9FB04231F4AEB72EB7520231E49FE
:10BC9000C5F81A20C0204FF490626B704FF40A73FD
:10BCA000A871C5F82110A5F82720A5F80F3099E64E
:10BCB0000921604615F0CCFE092104460C3015F030
:10BCC000ADF94FF450610023104A01800D218370BB
:10BCD000C3700171C0F8052084E60421604615F0A8
:10BCE000B7FE042104460C3015F098F900231B21FF
:10BCF0000322037041708370C27073E6D471002018
:10BD0000D0010020F7C3F70E30F0F97FF105FFFFF7
:10BD1000E268C64B1168526819606046012159E714
:10BD20006046022115F094FE022104460C3015F005
:10BD300075F900230370054607F0A2FA687051E612
:10BD4000E3681878F0F7C4FD05460121308815F046
:10BD50007FFE012104460C3015F060F9057041E6C4
:10BD6000E16811F8010B01F0D3FBEDE7E16811F890
:10BD7000010B01F05FFBE7E70221604615F068FE6A
:10BD8000022104460C3015F049F90023037043707A
:10BD900028E6E468A57BA379627921792088029559
:10BDA000657B01950734009401F042F9CCE7E16826
:10BDB0000120FEF7E1F8C7E76046092115F048FECB
:10BDC000092104460C3015F029F90346002503F833
:10BDD000015BC0F801505D600646FEF7B1F82B46E6
:10BDE00061F30703C1F3072262F30F23090C61F328
:10BDF0001743090A61F31F63C6F80100C6F805304E
:10BE0000F0E5E068C17907F065FD9DE76046032134
:10BE100015F01EFE032104460C3015F0FFF8014614
:10BE2000002301F8023B0130FEF7A2F8DAE5E268F0
:10BE300091781088B2F80540CB0703D5D37843F04A
:10BE40000303D37013798F07D17844BF43F0030302
:10BE5000137143EA0102032A00F2E7814D0700F063
:10BE6000E1815A0700F0DE8114F003021CBF04F1E7
:10BE7000FF3404F0010201F03DFF01463088ABE5DC
:10BE8000E3681A78D10744BF0721597092074CBF65
:10BE900007219978587848BF997001F021FF53E73E
:10BEA000E3685988188801F0E3FE4DE760460521F4
:10BEB00015F0CEFD052104460C3015F0AFF808A9A9
:10BEC00005460DF11A0001F0C7FEBDF81A30A5F8BD
:10BED0000130BDF82020A5F8032000232B7081E558
:10BEE000E3681F889A885988B8B201F083FE88E613
:10BEF000E268178892780023CDE90233CDE9003358
:10BF00000221B8B201F088FD7BE6E16800220F88CB
:10BF10004B88039208890290C88801908988009113
:10BF2000B8B2022101F078FD6BE60921604615F0F8
:10BF30008FFD092104460C3015F070F83C493D4A4C
:10BF400001600023426003724CE5E3681F88002211
:10BF50000621B8B207F01CF853E6E268002132F877
:10BF6000027BF6E76046092115F072FD09210446BF
:10BF70000C3015F053F8002300F8013B082108F0BD
:10BF80004BFC2FE5E068002308AA00F110010BF03C
:10BF900087F83088112115F05BFD112104460C3023
:10BFA00015F03CF80646002306F8013B08AD0746AD
:10BFB0000FCDC7F801007160B260F36012E5E3686D
:10BFC000188801F0CFFD0146308805E5E36860463A
:10BFD00008211E8815F03CFD082104460C3015F0A0
:10BFE0001DF80546E91CB0B201F05EFDA5F8016040
:10BFF0002870F7E4E16800224B88088803920C89D6
:10C000000294CC88019489880091114601F004FDC6
:10C0100001463088E0E4E06807F0E8F994E6E0687B
:10C0200007F056F990E607F02DF98DE6C8010020DB
:10C03000008FCC30ECC00100E368188807F040FCAA
:10C0400030880121C7E5E368187807F025FC7BE616
:10C05000E368186808909A889B798DF826306046C6
:10C060000721ADF8242015F0F3FC072104460C301D
:10C0700014F0D4FF0546411C08A807F0D9FB28702E
:10C08000B0E4E368186808909A889B798DF82630A8
:10C0900060460721ADF8242015F0DAFC072104469C
:10C0A0000C3014F0BBFF0546411C08A807F086FBC6
:10C0B000287097E46046022115F0CAFC022104466C
:10C0C0000C3014F0ABFF054607F024FA002368702B
:10C0D0002B7087E407F020FA36E6E06807F05AFA9A
:10C0E00032E6E06800F11702C11D07F00FFE2BE6F3
:10C0F000E368604605211E8815F0AAFC0521044668
:10C100000C3014F08BFF05462A1DB0B2E91C01F07B
:10C11000C5FDEB782A792870002B93FAA3F3B3FAC4
:10C1200083F308BF4FF0FF330133EB70002A92FA1C
:10C13000A2F3B3FA83F308BF4FF0FF330133A5F83E
:10C1400001602B714EE46046092115F081FC092144
:10C1500004460C3014F062FF08AB05460DF11A02DC
:10C1600006A90DF1160001F08DFDBDF81630A5F8F9
:10C170000130BDF81830A5F80330BDF81A30A5F825
:10C180000530BDF82020A5F8072000232B7029E4F6
:10C19000E3689978188801F0ADFC014630881BE40B
:10C1A000E3681F8808A9B8B201F0DAFD0521054649
:10C1B000308815F04DFC052104460C3014F02EFF9C
:10C1C0000570A0F80170BDF82030A0F8033009E434
:10C1D000174B184A4FF0FF3041F6FF71C3E90001D9
:10C1E000154B00200021C2E900011F200021C3E9F6
:10C1F0000001FEF7A5FA3088012115F029FC012184
:10C2000004460C3014F00AFF00230C4A037013603C
:10C21000FFF798FAFFF7E6BBE268064B7AE5079C62
:10C22000FFF7E0BB1221FFF7D6BB1121FFF7D3BB0D
:10C23000D001002030230020C80100206C4C0020D9
:10C240002DE9F84300230B60038A032B2ED9054602
:10C2500088460C30042114F008FF2B8A4788B0F878
:10C260000090BB4222D31B2F20D801F07DFB4FEA68
:10C27000193633460446F8B19B0817D1D6B1012EC2
:10C2800014D12379677166F301032371E9683A4693
:10C29000E01D1BF088F82146C9F30B0001F070FB8C
:10C2A00008B9BDE8F883204601F064FB6FF0150083
:10C2B000BDE8F8830226E4E70F4B1B689B0117D506
:10C2C0004FF0FF324FF0FF330220F6F709FB022157
:10C2D000C8F800000C3014F0A1FE4FF48D730380F9
:10C2E000D8F8000001210C3014F098FE01230370EF
:10C2F0006FF06800D5E700BFD0010020F8B50E4B05
:10C300001B68DB0600D4F8BD02F10C0406460D469E
:10C310002046022114F082FE034640F205421A80B4
:10C320002046042114F07AFE00270770A0F801507F
:10C330003278C270F8BD00BFD0010020024A1368F5
:10C34000013B1360704700BF6C4C002070B5037F49
:10C35000C68803F00303013B012B0FD9164A174986
:10C36000174842F2CF3313F084FE002383F3118881
:10C37000BFF36F8F0323184602DF70BD044601F13F
:10C380000C052846042114F049FE237F03F0030323
:10C39000022B0CBF46F4005646F480560680637F9D
:10C3A0004380617F284614F039FE627F04F11F014B
:10C3B000BDE870401AF0F7BFC0940300E09203009C
:10C3C000089203002DE9F04390F804C0C688BCF140
:10C3D000030F85B004460D4600F11C070ED0ACF1EA
:10C3E000170CBCF1060F00F2AF82DFE81CF02B0047
:10C3F000880090002100C100D400F400C37F033BFB
:10C40000122B00F21F81DFE813F063011D011D01F3
:10C410008A01B1011D01E3011D011D011D01E8019A
:10C420001D01BF011D011A001D011D012D012D015E
:10C43000C74B5B6818044FF0000400F1398105B068
:10C44000BDE8F083F80700F1ED81277F002F00F0B1
:10C45000E081BF4B5B689900F1D5BE4B1B6840F291
:10C460000122134203F40078E9D00C35002F40F08C
:10C47000F481B94A136801331360B8F1000F00F07A
:10C480000C820221284614F0C9FD41F63E73038058
:10C490000121284614F0C2FD03460A221A702846DC
:10C4A0001E2114F0BBFD0770A0F80160637FC3700C
:10C4B000A37F0371D4F81F30C0F80530B4F82330DF
:10C4C000A0F80930D4F82B30C0F80B30B4F82F3076
:10C4D000A0F80F30D4F82530C0F81130B4F8293066
:10C4E000A0F81530638EA0F81730A38EA0F819308D
:10C4F000E38EA0F81B3094F8383043779FE70A4664
:10C500003846314605B0BDE8F043FFF7F7BE904B23
:10C510005B689A004FF0000891D58E4B1B685B0753
:10C520008DD50C350221284614F078FD40F63E23C7
:10C5300003800121284614F071FD03464FF00309E2
:10C54000284683F80090092114F068FDFF0705468E
:10C5500000F1EC81237F2B70A5F80160E38BA5F837
:10C560000330238CA5F80530638CA5F8073066E707
:10C570007A4B1B6819027FF562AF0C350221284601
:10C5800014F04CFD40F2572303800221284614F09A
:10C5900045FD068053E76E4B5B689A007FF54FAF11
:10C5A0006C4B1B681B037FF54AAF0C3502212846F4
:10C5B00014F034FD40F23E4303800121284614F07C
:10C5C0002DFD142303700321284614F027FD068057
:10C5D000237F837033E75E4B5B689F007FF52FAF4F
:10C5E0005C4B1B6818057FF52AAF0C3502212846E5
:10C5F00014F014FD40F23E6303800121284614F03C
:10C600000DFD0C2303700521284614F007FD237F40
:10C610000370A0F80160627F002A92FAA2F3B3FAD5
:10C6200083F308BF4FF0FF330133C370A27F92FA48
:10C63000A2F3002AB3FA83F308BF4FF0FF330133AC
:10C640000371FCE6464A4749474842F2A33313F0D8
:10C6500010FD002383F31188BFF36F8F0323184667
:10C6600002DFECE63A4B5B689A007FF5E8AE394BA7
:10C670001B685B067FF5E3AE0C350221284614F0FB
:10C68000CDFC40F63E3303800121284614F0C6FC61
:10C69000072303700A21284614F0C0FC0680A38CEF
:10C6A0004380E38C8380238CC380638C0381C6E644
:10C6B0000C350221284614F0B1FC4FF44C73038072
:10C6C0000321284614F0AAFC0470A0F80160B6E625
:10C6D0001F4B5B6899007FF5B2AE1E4B1B68DA06F4
:10C6E0007FF5ADAE0C350221284614F097FC40F6DC
:10C6F0003E5303800121284614F090FC052303706B
:10C700000C21284614F08AFC034623F8026B216AA8
:10C71000626AC0F802105A60238D43818FE60C4B89
:10C720001B681B064FF000047FF589AE0C35022113
:10C73000284614F073FC4FF48163038004212846DB
:10C7400014F06CFC01230470A0F80160C37076E65D
:10C75000D0010020C80100206C4C002030230020B4
:10C76000C0940300E09203000892030090F8203088
:10C770000E2B7FF464AE0B46324600211A2005B022
:10C78000BDE8F043FEF7EEBF724B5B68980059D5E9
:10C79000714B1B68990655D50C350221284614F0BB
:10C7A0003DFC40F63E3303800121284614F036FC60
:10C7B000062303700A21284614F030FC0680238CDF
:10C7C0004380638C8380A38CC380E38C038136E633
:10C7D0000B46324639460020D1E75E4B90F82040A8
:10C7E0001B681F067FF52BAE0C350221284614F07E
:10C7F00015FC4FF4816303800421284614F00EFCDD
:10C80000002C08BF1F2400230470A0F80160C3702F
:10C8100015E6A07F04F12503FF2204F11F0106F0B5
:10C8200067FF16E64D4A4E494E4842F2CF0313F0D9
:10C8300020FC002383F31188BFF36F8F0323184676
:10C8400002DF02E60023CDE90233CDE900331A22EC
:10C850000221304601F0E0F8F1E5B8F1000F4CD1CB
:10C860000221284614F0DAFB41F23E330380012115
:10C87000284614F0D3FB012303701221284614F03C
:10C88000CDFBC0F80180C0F80580C0F80980C0F871
:10C890000D8080F811800770D1E50221284614F040
:10C8A000BDFB41F23E3303800121284614F0B6FB64
:10C8B000034601221A702846122114F0AFFB0770BC
:10C8C000A0F80160637FC370A37F03F001030371CD
:10C8D000D4F81F30C0F80530B4F82330A0F8093080
:10C8E000638EA0F80B30A38EA0F80D30E38EA0F875
:10C8F0000F3094F838304374A1E50221284614F033
:10C900008DFB41F63E7303800121284614F086FB1F
:10C910000A2303701E21284614F080FB04461D22C2
:10C92000002101301AF067FD277088E50B4A0E4997
:10C930000C4842F2581313F09CFB88F31188BFF3A4
:10C940006F8F484602DF05E6044A0849054842F26F
:10C95000BF237CE6D0010020C8010020C094030062
:10C96000FC9403000892030038950300E092030052
:10C9700070B500F10C040E4620460221154614F055
:10C980004DFB40F2135303800521204614F046FB73
:10C9900001230370A0F80160A0F8035070BD00BF30
:10C9A0000379032B09D0172B05D0183B052B8CBF1F
:10C9B00000200320704701207047037F03F003032A
:10C9C000032B14BF05200420704700BF30B583B08F
:10C9D0001B4B079D1B4AEB1AA2FB032313F47F5F3B
:10C9E000C3F387141BD1A21C174B0095D2B20121AF
:10C9F0000020FDF719FA10F0FD0F0ED0134A14496C
:10CA0000144840F6EB1313F034FB002383F3118832
:10CA1000BFF36F8F0323184602DF03B030BD0B4A0C
:10CA20000D490C4840F6E61313F023FB002383F373
:10CA30001188BFF36F8F0323184602DFD3E700BFCF
:10CA4000A44C002089888888F1CA010074950300ED
:10CA5000C095030008920300B4950300F8B505687B
:10CA60002F6E0646C7B16C6E00232B6644B30021BF
:10CA70001723696623714FF6FF73E38004F11C00EE
:10CA80001E221AF0B8FC3C232377A66021463846C4
:10CA9000BDE8F840FEF74CB9114A1249124840F679
:10CAA000332313F0E6FA87F31188BFF36F8F032364
:10CAB000184602DF6C6E2F6E00232B66002CD6D139
:10CAC000074A0A49084840F6372313F0D2FA84F39C
:10CAD0001188BFF36F8F0323184602DF6C6EC6E721
:10CAE00074950300DC95030008920300F0950300A1
:10CAF00000B170470C4B10B5024604469960022005
:10CB00000121FBF73FFE00B910BD084A084909485A
:10CB100040F6072313F0ADFA84F31188BFF36F8F4B
:10CB20000323184602DF10BDF006002074950300B1
:10CB3000DC9303000892030038B5044610F81C3B50
:10CB4000002B2ED0194D6369A8607BB1184A194992
:10CB5000194840F61C2313F08CFA002383F3118844
:10CB6000BFF36F8F0323184602DFA86813490F4BEA
:10CB70000022C4E9051011460120FBF703FE00B9AD
:10CB800038BD0B4A0E490C4840F6232313F071FAC6
:10CB9000002383F31188BFF36F8F0323184602DF4E
:10CBA00038BDBDE83840FFF759BF00BFE0060020A0
:10CBB0007495030008960300089203005DCA010003
:10CBC000DC93030038B50C46124994F82930124A18
:10CBD0000978117004EB8303DB6A1D7800B938BD56
:10CBE000FEF76EF98442FAD015F00E0F02D1236AD7
:10CBF000002BF4D0094A0A490A4840F6D31313F02F
:10CC000038FA002383F31188BFF36F8F032318468C
:10CC100002DF38BDB2730020B173002074950300A9
:10CC20001C9603000892030000B5154B93F82910D9
:10CC30009A8C93F86AC003EB81014FF0020E22F444
:10CC40004372C86A6EF3420C4FF4006122F0020294
:10CC5000A3F8681083F86AC042F00E0206214FF074
:10CC6000000C9A8480F800C0417093F8350003EB03
:10CC7000800304229B6B1A7059705DF804FB00BF9F
:10CC8000A44C002070B51C4C256AAB6F73B11B4AD5
:10CC90001B491C484FF4266313F0EBF9002383F380
:10CCA0001188BFF36F8F0323184602DF05F16C0173
:10CCB00005F16800FBF7E4FC064670B12868AE6732
:10CCC00000F028FE0025606E2562FEF71FF8206E3A
:10CCD0006566FEF70FF8256670BD084A0A490948DF
:10CCE00040F6622313F0C5F986F31188BFF36F8F06
:10CCF0000323184602DFE1E7A44C002074950300EB
:10CD000074960300089203007897030030B5504CE6
:10CD100094F86A30D90785B067D5236A53B193F880
:10CD20002C2042F0020283F82C20236A93F82C3046
:10CD3000DA0771D44648FEF7ABF884420ED0454A74
:10CD40004549464840F62B3313F093F9002383F30B
:10CD50001188BFF36F8F0323184602DF94F8243045
:10CD6000DB0703AD0DD5022103913D4B0095032157
:10CD700001220020FDF758F82946FEF777F8002831
:10CD80005BD10222364B0095032100200392FDF770
:10CD90004BF82946FEF76AF8054648BB3148FEF7CE
:10CDA000B3F808B1783039D12948FEF77DF88442CC
:10CDB0000ED0284A2849294840F64D3313F059F936
:10CDC000002383F31188BFF36F8F0323184602DF1C
:10CDD000236A0BB1FFF756FF94F86A3000206FF317
:10CDE000000384F86A3006F0C7FD002005B030BDAE
:10CDF0001748FEF759F884420ED0164A16491748CC
:10CE000040F6443313F035F9002383F31188BFF360
:10CE10006F8F0323184602DF0C20E7E70D4A124903
:10CE20000E4840F64A3313F024F985F31188BFF316
:10CE30006F8F0323184602DFB6E70548FEF734F884
:10CE40008442E9D0034A0449044840F63633D9E71E
:10CE5000A44C0020749503008896030008920300F8
:10CE600099A00100C04C002094960300037803F0C1
:10CE70000F0302F1FF3C022B1FFA8CFC25D0012B83
:10CE80000DD01031C9009BB1062B11D04FF4F373B4
:10CE900013FB0CF340F25320184480B2704740F269
:10CEA000162313FB0CF340F2E330184480B27047B2
:10CEB00040781030C00001F21B3100F5B37313FB52
:10CEC0000CF30844184480B2704741780CEB8C0393
:10CED000C3EB0310400001F11003DB0000F23B1034
:10CEE00003FB020290B270472DE9F0431E468BB05F
:10CEF0004FF6FF739E429DF84890139C17D02578FB
:10CF00000135EDB280461746257075B33B493C4B61
:10CF10000E8104F11C000022C860C1E9008781F87D
:10CF20000A90996001201146FBF72CFC68B994F82F
:10CF3000240010F0010505D1324A334B11781B78DB
:10CF40008B4221D00BB0BDE8F083304A30493148E4
:10CF500040F66C1313F08DF8002383F31188BFF3B0
:10CF60006F8F0323184602DFE1E7284A2A49294840
:10CF700040F64A1313F07DF885F31188BFF36F8FE5
:10CF80000323184602DFC1E70133042109A8137007
:10CF900007F05EFC099B214A0694A2FB0312991A32
:10CFA00002EB5102120A40F2471101FB12331C4AF4
:10CFB0001C49A21AA1FB021292091B490232CDE9B7
:10CFC00004510133CDE90255CDE90055D2B201211A
:10CFD00028460993FCF710FF10F0FD0FB2D00B4A62
:10CFE00012490C4840F2BB7313F043F885F31188E3
:10CFF000BFF36F8F0323184602DFA3E7784C0020AE
:10D00000D0060020B2730020B17300207495030095
:10D01000DC93030008920300AC96030021F1D49046
:10D02000A44C002089888888C5CB0100B0960300F5
:10D030002DE9F04F714C1F46714B94F86A6086469B
:10D040008C4693E8030083B016F001061546DDF820
:10D0500030809DF834209DF8383000908DF8041011
:10D0600040F08A80A18C02F0070203F00303520013
:10D0700021F4437142EA032221F002010A43A2840F
:10D0800094F8292004EB8202BCF1010F0CF1080393
:10D09000D2F82C9008BF4FF0000E0DEB030CA4F853
:10D0A00068E099F800A01CF8083C2AF01F0113F072
:10D0B0000E0F03F00F030CBF012200220B4362F39B
:10D0C000451389F8003003F00F03012B0AF00F0A13
:10D0D00049D094F86A3065F3420384F86A30DAB2D2
:10D0E0005B070CD5134667F3C30384F86A30D8F89E
:10D0F0000030C4F86B30434BB8F804209A8099F89C
:10D10000003003F00F02012A05F0010B39D099F825
:10D110000120F2B1BAF1010F51D099F800306BF350
:10D1200086136FF3C71389F8003094F83530E46143
:10D1300004EB8304AD01A36B05F040055A7845F07C
:10D1400004051D700AB906225A70304603B0BDE8C6
:10D15000F08F6BF3861362F3C71389F80030062350
:10D1600089F80130E1E7BAF1010FB2D099F8012056
:10D17000CAB984F84060ACE70C26304603B0BDE87D
:10D18000F08F4A466BF3861367F3C71302F8083B28
:10D19000D8F80010C9F80810B8F8041091800C23D2
:10D1A00089F80130C1E7052A16D9063AD2B209F149
:10D1B0000801154884F840201AF0F5F889E794F83A
:10D1C0004020114909F108001AF0EDF894F84030B8
:10D1D000063389F80130A0E70C4A0D490D4840F2AA
:10D1E000BD1312F046FF86F31188BFF36F8F032340
:10D1F000184602DF99F80120D7E700BFA44C0020B1
:10D20000A47C03000F4D0020E54C00207495030022
:10D21000E89603000892030010B5064C204607F07C
:10D22000BDFF04F10C0007F0B9FFFFF7FDFC002083
:10D2300010BD00BFCC4C002008B5FFF767FD0020F3
:10D2400008BD00BF38B5094C04F10C05204607F0B5
:10D25000B5FF284607F0B2FF204607F09FFF28469B
:10D2600007F09CFFFFF7E0FC002038BDCC4C00200D
:10D27000034A044B801AA3FB0030C0F38F107047A1
:10D28000A44C002089888888044A0068044B801ACE
:10D29000A3FB0030C0F38F10704700BFA44C0020E8
:10D2A0008988888838B9054890F86A3013F0010FEA
:10D2B00008BF002070470020704700BFA44C00202A
:10D2C00028B9044B93F86A0000F001007047002071
:10D2D000704700BFA44C002050B9064B93F86A0079
:10D2E00010F0010005D093F8250000F0030070470E
:10D2F00000207047A44C002070B506460C4690F8FC
:10D30000260006F089FC23780546C3F38010FCF75D
:10D310004FFE0368C6F871308388A6F875308DB16A
:10D32000237843F04003237023782A68C4F802204E
:10D3300003F00F03AA88E280012B04F1020503D059
:10D34000284670BD0546EFE796F8260006F096FCE5
:10D350000028F5D02278234642F0800203F8082BFB
:10D360000268A26082889A80284670BD1F2957D81B
:10D370002DE9F04190F8293000EB830382B0DF6A99
:10D380003B7803F00F03012B0E460546904649D02B
:10D390000DF10701283007F07DFF3A78037802F09D
:10D3A0000F0223F01F03134303703B780278C3F38B
:10D3B000401363F3451202703B78D2B2C3F380137B
:10D3C000394663F38612027011F8023BD2B2DB09D0
:10D3D00063F3C712044600F8022B062219F0F1FF8E
:10D3E0003246414604F10800063619F0DCFF66704B
:10D3F00095F86A30DB0707D49DF8073085F82930A7
:10D40000002002B0BDE8F08195F8353005EB8303CC
:10D4100021469A6B2846EFF733FC0028ECD0F0E762
:10D420001220704780F840100A464130414619F0FA
:10D43000BAFFE5E703460A4601481946FFF796BFDB
:10D44000A44C00201F295FD82DE9F04190F8353019
:10D4500000EB830382B09E6B0F460446904600F1BA
:10D460003405002E41D028460DF1070107F012FFC8
:10D47000037823F03F03314643F00403037011F8AF
:10D48000022BDBB2C2F3801203F03F0343EA8213A4
:10D490000370BB1D437005460622023019F091FF50
:10D4A0003A46414605F1080019F07DFF94F86A30CC
:10D4B000DA0707D49DF8073084F83530002002B031
:10D4C000BDE8F08194F8292004EB82024123D16A5F
:10D4D0000A7802F00F02D340DB07EBD52A4620463C
:10D4E000EFF7CEFB0028E5D0E9E7284607F056FE27
:10D4F000C0B258B994F8353004EB83039E6B042313
:10D50000337006237370AEE7122070470720D6E70A
:10D5100003460A4601481946FFF794BFA44C002071
:10D5200010B5134B1348144C05224FF4DC71FBF774
:10D530002FF8124B0322181D2421FBF729F8104B5A
:10D540001722181D0821FBF723F802F0ABFB0D4A48
:10D550000D4B0E49002010601B221A800C4A032339
:10D560004FF4A47CA4F800C00B70137010BD00BF72
:10D570003C4D002038230020D6710020FC4D0020B7
:10D58000404D0020544F0020D8710020B47300207B
:10D59000B37300202DE9F0410668334982B0044698
:10D5A0004FF4DC723046FBF747F804F1680521467A
:10D5B00008F00AFAE06E01AA2946FBF77DF808B3E5
:10D5C000DFF8B8804FF6FF7798F8C12098F8C010C0
:10D5D000531CDBB2182B08BF0023994232D008EB52
:10D5E000C20128F83270019A4A6012680260019AFA
:10D5F000106088F8C130E06E01AA2946FBF75CF89C
:10D600000028E1D1D6F8644106F5B2754CB100238B
:10D61000C6F8643129462046FDF74AFD02B0BDE850
:10D62000F081124A1249134840F2FC7312F021FDB6
:10D6300084F31188BFF36F8F0323184602DFD6F8F7
:10D640006441E4E7094A0C490A484FF4FD6312F0CB
:10D6500010FD002383F31188BFF36F8F0322104660
:10D6600002DF1B80FFDE00BF382300202897030065
:10D670007097030008920300689703006C4E002027
:10D6800010B50C46C0B9144B0022012102209C6049
:10D69000FBF778F800B910BD104A1149114840F263
:10D6A000A27312F0E6FC002383F31188BFF36F8F9F
:10D6B0000323184602DF10BD084A0B49094840F20F
:10D6C0009C7312F0D6FC002383F31188BFF36F8F95
:10D6D0000323184602DFD6E720070020289703001F
:10D6E000DC930300089203008097030008B50C4BFD
:10D6F0000022986011460120FBF744F800B908BDEC
:10D70000084A0949094840F2CE7312F0B2FC0023DE
:10D7100083F31188BFF36F8F0323184602DF08BD20
:10D720000007002028970300DC9303000892030001
:10D7300038B5044610F81C3B002B2ED0194D6369F8
:10D74000A8607BB1184A1949194840F2B77312F022
:10D7500090FC002383F31188BFF36F8F03231846D7
:10D7600002DFA86813490F4B0022C4E905101146D7
:10D770000120FBF707F800B938BD0B4A0E490C48E9
:10D7800040F2BE7312F075FC002383F31188BFF3DF
:10D790006F8F0323184602DF38BDBDE83840FFF71E
:10D7A000A5BF00BF100700202897030008960300BC
:10D7B00008920300EDD60100DC93030008B58368EE
:10D7C0005A6892F82730DB090FD10B4A0B490C48F5
:10D7D00040F2137312F04DFC002383F31188BFF362
:10D7E0006F8F0323184602DF08BD0146BDE80840DD
:10D7F0000831EFF781BE00BF28970300E0920300D5
:10D800000892030000B9704710B50C46FDF776FB8F
:10D81000844212D0FDF754FB84420ED0074A0849D7
:10D82000084840F2D66312F024FC002383F31188E9
:10D83000BFF36F8F0323184602DF10BD2897030044
:10D840008C9703000892030010B50C46A0B920463F
:10D85000FDF748FB84420ED00F4A1049104840F2B1
:10D86000EC6312F006FC002383F31188BFF36F8F83
:10D870000323184602DF10BD074A0A49084840F250
:10D88000E96312F0F6FB002383F31188BFF36F8F77
:10D890000323184602DFDAE728970300E097030026
:10D8A000089203008097030010B50C46A0B92046EB
:10D8B000FDF70CFB84420ED00F4A1049104840F28D
:10D8C000E26312F0D6FB002383F31188BFF36F8F5E
:10D8D0000323184602DF10BD074A0A49084840F2F0
:10D8E000DF6312F0C6FB002383F31188BFF36F8F51
:10D8F0000323184602DFDAE728970300E0970300C6
:10D9000008920300809703000148FAF767BE00BF42
:10D910003C4D00200149FAF777BE00BF3C4D002086
:10D9200002494FF4DC72FAF787BE00BF38230020AB
:10D9300002464FF4DC710148FAF77ABE3823002022
:10D9400004280DD810B50446224606484FF4DC7171
:10D95000FAF76EFE038EA34200D110BD002010BD69
:10D9600000207047382300200148FAF737BE00BF77
:10D97000FC4D00200149FAF747BE00BFFC4D0020D6
:10D9800004283FD870B504460E46204822464FF47E
:10D99000DC71FAF74DFE038EA34205461CD11C4AEA
:10D9A00092F821C092F820100CF10103DBB2042B95
:10D9B00008BF0023994222D022F83C4002EBCC0C55
:10D9C000CCF8046082F82130037843B995F94330EC
:10D9D000002B0FDB002070BD6FF0150070BD0D4BEC
:10D9E0000022986001210320FAF7CCFE95F943301C
:10D9F000002BEFDA2146284605F090FAEAE76FF0AF
:10DA0000680070BD6FF01500704700BF382300201C
:10DA1000304F0020300700202DE9F04F85B004285A
:10DA2000BDF83890BDF83CA0BDF840B0039214D8C2
:10DA300004460D461B4822464FF4DC711E46FAF799
:10DA4000F7FDB0F83080A045074606D175B1022D2C
:10DA500007D0012005B0BDE8F08F022005B0BDE879
:10DA6000F08F039BABB902F08BFB0EE0119B01938F
:10DA7000CDF800B053464A46314602F0F9FA002884
:10DA8000ECD197F94330002B07DB002005B0BDE84F
:10DA9000F08F039902F084FBF7E74146384605F022
:10DAA0003DFAF2E73823002004281ED870B504465A
:10DAB0000D460F4822464FF4DC71FAF7B9FD038E8C
:10DAC000A342064608D102F065FA38B103682B601C
:10DAD00003792B71002070BD022070BDD6F83E3056
:10DAE0002B6096F842302B71F4E70220704700BF9C
:10DAF00038230020042870B502D90224204670BDC6
:10DB000005460C4615482A464FF4DC71FAF790FD9D
:10DB1000038EAB4206461FD11A2C04D8042C16D80B
:10DB20001224204670BD292C01D03B2CF8D121466F
:10DB3000304602F015FA04460028DFD196F943304A
:10DB4000002BDBDA2946304605F0E8F9D6E7044B2E
:10DB5000E340DB07EBD4E3E70C24CFE738230020D6
:10DB600020003804042870B515D8044622460E4813
:10DB70004FF4DC71FAF75CFD068EA64205460AD129
:10DB8000012102F09BF9044618B995F94330002BA6
:10DB900004DB204670BD0224204670BD2846314675
:10DBA00005F0BCF9204670BD38230020042870B56C
:10DBB00014D8044622460E484FF4DC71FAF738FDBB
:10DBC000068EA642054609D102F090F9044618B91E
:10DBD00095F94330002B04DB204670BD022420461B
:10DBE00070BD2846314605F099F9204670BD00BF4A
:10DBF00038230020042825D82DE9F04104460E469C
:10DC000017464FF4DC7102461248FAF711FDB0F8DE
:10DC10003080A04505460FD1D0F840319B060ED587
:10DC20003A46314602F0C8F920B995F94330002B45
:10DC30000ADB0020BDE8F0810220BDE8F0811A2057
:10DC4000BDE8F081022070474146284605F066F99C
:10DC5000EFE700BF38230020034A044B12881B88DB
:10DC600002800B80704700BFD8710020D671002061
:10DC7000024A034B1080198000207047D8710020A1
:10DC8000D67100204FF0450CA0F800C04FF426706C
:10DC9000A2F800C008801880704700BF04281BD875
:10DCA00070B504460E4615464FF4DC7102460B482B
:10DCB000FAF7BEFC028EA24203460BD190F88240D6
:10DCC000C4F30204347093F88330C3F302032B705F
:10DCD000002070BD022070BD022070473823002054
:10DCE000024A034B1070197000207047B473002073
:10DCF000B37300202DE9F043042883B024D80446F0
:10DD0000884617464FF4DC71024614481E46FAF75F
:10DD10008FFCB0F83090A145054615D1D0F84031C0
:10DD2000DB0516D50124009433463A46414602F0FD
:10DD3000EFF8044648B995F94330002B05DA494617
:10DD4000284605F0EBF800E00224204603B0BDE8C9
:10DD5000F0831A24204603B0BDE8F0833823002066
:10DD600004282ED838B504460D46174822464FF4ED
:10DD7000DC71FAF75DFC038EA34220D1438EB0F82C
:10DD80009621052B0FD801339BB202FB03F30F49F9
:10DD90004FF4FA7202FB03F3A1FB0313C3F34F33F7
:10DDA0002B80002038BD03FB02F2084940F2E24319
:10DDB00003FB02F2A1FB0212C2F34F33F0E7022091
:10DDC00038BD0220704700BF382300205917B7D153
:10DDD00004282ED838B505460C4617482A464FF475
:10DDE000DC71FAF725FC038EAB4284461FD1438ECB
:10DDF00042F2107202FB04F1052B01F1FF310DD844
:10DE000001339BB24FF4FA7202FB03F31944B1FBE6
:10DE1000F3F189B2ACF89611002038BD40F2E2422D
:10DE200002FB03F31944B1FBF3F189B2F2E70220DC
:10DE300038BD0220704700BF38230020FFF770BBB9
:10DE40002DE9F8431F4FDFF89090DFF89080002510
:10DE5000AAB24FF4DC713846FAF7EAFB0446E81C34
:10DE600004F11C022146C0B2FDF78CF80646B0B1A1
:10DE700010F1780F13D040F221734A464146124800
:10DE800012F0F7F811483246294612F0F2F8002352
:10DE900083F31188BFF36F8F0323184602DF013528
:10DEA0004FF6FF720023052D2286C4F89430CFD19F
:10DEB0000749084A0B84A2F8C030BDE8F843FFF7D1
:10DEC0002FBB00BF382300200892030034980300C2
:10DED000304F00206C4E0020289703001C98030050
:10DEE000014B1878704700BFB4730020014B1878BD
:10DEF000704700BFB37300202DE9F84FDFF868804A
:10DF000082468B4617469946002501E0052D28D00C
:10DF1000AEB232464FF4DC714046FAF789FB038E0D
:10DF2000B342044605F10105F0D190F8AA61C6F3A9
:10DF30004003BB42EAD10622494600F2B11019F073
:10DF4000E5F80028E2D106F001065645DED104F2DC
:10DF5000AB100622594619F0D9F80028D6D1012075
:10DF600000E00020BDE8F88F3823002038B58B682A
:10DF700008601D682B780C46A3B16B6973B10C4A1D
:10DF80000C490D484FF45E7312F073F8002383F3CD
:10DF90001188BFF36F8F0323184602DF074BC5E9D3
:10DFA000053438BDBDE838400846FFF707BC00BF60
:10DFB000289703000896030008920300BDD70100CC
:10DFC000F8B50B68DE88042E30D80C46074632467A
:10DFD00018484FF4DC71FAF72BFB038EB342054669
:10DFE00023D102F019F92268137F03F00303032BF6
:10DFF00008D101231371226839462846BDE8F8404C
:10E0000002F01EB953B995F890319B0703D53D2313
:10E0100085F86031226801231371F8BD95F89031BD
:10E020009A07FAD53D2385F86031236801221A71D9
:10E03000F8BD00BF38230020F8B50446008E1D4609
:10E040004FF6FF7398420F4616460CD02046C4E99F
:10E050004776A4F8245101F0C3FE94F8903113F0F0
:10E06000010010D1F8BD0B4A0B490C4840F2BE33F9
:10E0700011F0FFFF002383F31188BFF36F8F032399
:10E08000184602DFE2E76FF3000384F890316FF087
:10E090008B00F8BD289703004C98030008920300FA
:10E0A0002DE9F0411E4C1F4E94F8212007461CE03C
:10E0B000FAF7BEFA0346E0301B8EAB4223D1D8F804
:10E0C000041001F007FC94F8201094F821204B1C58
:10E0D0008A4207F1FF30DBB204D0042B08BF0023D3
:10E0E00084F8203010F0FF0718D094F820309342C5
:10E0F0004FF4DC71304604EBC3080FD034F83350D2
:10E10000042D2A46D4D9D8F804100B796FF30103F3
:10E110004FF6FF700B71FCF751FED4E7BDE8F081BC
:10E12000304F0020382300202DE9F04F414A146879
:10E13000A04206460B4604BF00211160008EA6F8DF
:10E140006A01182283B0012186F8682186F880319F
:10E15000304601F04FFE06F1E007304601F05EFE6A
:10E16000384601F09FFB384601F0D4FB04460028F6
:10E170003BD00379DFF8D090DFF8C4B0DFF8CCA053
:10E1800003F00303032B0CBF034600230360484640
:10E19000FAF724FA06F188080546B8B12146424646
:10E1A0002846FAF777FA384601F0B4FB0446E0B1A6
:10E1B000037903F00303032B0CBF03460023036022
:10E1C0004846FAF70BFA05460028E7D11A4840F20C
:10E1D0008D735A46514611F04CFF85F31188BFF3F9
:10E1E0006F8F0323184602DFD8E7328E134B009659
:10E1F0000332D2B201210020FBF716FE10F0FD0F12
:10E200000ED00F4A0F490C4840F2537311F031FF02
:10E21000002383F31188BFF36F8F0323184602DFB7
:10E220004FF6FF73FF20338603B0BDE8F04FFFF7D2
:10E2300037BF00BF544F00200892030081D6010071
:10E2400028970300EC970300404D002078970300C7
:10E2500000293BD02DE9F84F4D1EDFF87890DFF80C
:10E2600078B0DFF878A00746EDB200F1E00815E0DD
:10E27000237903F00303032B0CBF23460023236001
:10E28000FAF7ACF9064690B1013D07F18802214644
:10E290003046EDB2FAF7FEF9FF2D06D0404601F008
:10E2A00039FB04464846002CE2D1BDE8F88F084807
:10E2B00040F2B5535A46514611F0DBFE86F3118801
:10E2C000BFF36F8F0323184602DFDDE7704700BFFF
:10E2D00008920300404D0020289703007897030020
:10E2E00010B504460120FFF7DBFE20460121BDE802
:10E2F0001040FFF7ADBF00BF0149FAF785B900BF75
:10E30000404D0020014B93F8C10070476C4E002037
:10E3100000B50A4B93F8C0C093F8C1E0F4450BD0A8
:10E3200080F800E033F83C00088003EBCC035B6826
:10E33000136018685DF804FB0020FBE76C4E0020BA
:10E34000074B93F8C0C0844508D003EBCC0033F8EA
:10E350003C300B804368136018687047002070479A
:10E360006C4E0020094A92F8C01092F8C1308B42DE
:10E3700009D04B1CDBB2182B08BF002352F8310028
:10E3800082F8C03070470020704700BF6C4E0020FC
:10E3900008B5134A92F8C1C092F8C0E00CF101032D
:10E3A000DBB2182B08BF00239E4508D022F83C00A2
:10E3B00002EBCC0CCCF8041082F8C13008BD094A3D
:10E3C00009490A4840F2F45311F053FE002383F345
:10E3D0001188BFF36F8F0322104602DF1B80FFDE20
:10E3E0006C4E002028970300C49803000892030095
:10E3F000F8B55779144605460E467FB3237903F0E6
:10E400000302032A0CD04FF6FF72954204BF6FF34C
:10E410000103237121462846BDE8F840FCF7CEBC35
:10E420004FF6FF739D4228D133689C423CD0002BAD
:10E43000F0D0204A2049214840F2166311F019FE1D
:10E44000002383F31188BFF36F8F0323184602DF85
:10E4500021462846BDE8F840FCF7B0BC154A1849EB
:10E46000164840F2016311F004FE87F31188BFF3F0
:10E470006F8F0323184602DFC0E72A464FF4DC7192
:10E480001048FAF7D5F8214601F0A8FE3368A342F8
:10E49000CDD1042D08D80B482A464FF4DC71FAF789
:10E4A000C7F8038EAB4200D000202146BDE8F840FB
:10E4B00001F04ABC28970300D89803000892030093
:10E4C000CC9803003823002090F86620B0F85C3028
:10E4D000C2F30212022A14BFDB089B0890F87E20C8
:10E4E000B0F8580014BF0A3B0B3B9BB2D20644BFA6
:10E4F000043B9BB2984228BF18467047704700BF44
:10E5000090F8903143F0020380F89031704700BFDB
:10E5100090F890316FF3410380F89031704700BF5D
:10E520000278838F12B1581E80B27047C18EB0F846
:10E5300024215818104480B2704700BF10B50B68F2
:10E54000C0F83E3004463E300B7903710521FAF7DE
:10E5500031FA94F8433060F3050384F8433010BD7A
:10E56000B0F87C30B3F5267F28BF4FF42673B3F59F
:10E57000A47F4FF4267038BF4FF4A4730880138033
:10E58000704700BF00B5B0F86C20B0F866100346C5
:10E590008A4290F88300B3F86AC028BF0A4600F0A8
:10E5A0000700B3F870101B2A38BF1B22042814BFC1
:10E5B0004FF4A4704FF42960614528BF6146814241
:10E5C000B3F87AC038BF01468C45B3F8760044D022
:10E5D0009042A3F87A1001D0A3F8762093F8DD20BA
:10E5E00042F00202012083F8DD20B3F864C0B3F8E2
:10E5F0006E2093F88210B3F868E0624528BF624647
:10E6000001F007011B2A38BF1B220429B3F872103E
:10E6100014BF4FF4A47C4FF4296C714528BF714698
:10E620006145B3F878E038BF61468E45B3F874C0F1
:10E6300017D06245A3F8781001D0A3F8742093F89E
:10E64000DD206FF3410283F8DD2093F8DD20012007
:10E65000024383F8DD205DF804FB9042BCD100202A
:10E66000C3E76245E9D193F8DD1041EA510202F0B7
:10E67000010221F003010A4383F8DD200028E4D1E0
:10E680005DF804FBB0F86C20B0F8661003468A42CF
:10E6900090F88300B3F86AC028BF0A4600F007006C
:10E6A000B3F870101B2A38BF1B22042814BF4FF484
:10E6B000A4704FF42960614528BF61468142B3F8D8
:10E6C0007AC038BF01468C45B3F876000DD0904231
:10E6D000A3F87A1001D0A3F8762093F8DD2042F059
:10E6E0000202012083F8DD2070479042F3D1002020
:10E6F000704700BFB0F86E20B0F8641003468A423D
:10E7000090F88200B3F868C028BF0A4600F00700FE
:10E71000B3F872101B2A38BF1B22042814BF4FF411
:10E72000A4704FF42960614528BF61468142B3F867
:10E7300078C038BF01468C45B3F8740014D08242CB
:10E74000A3F8781001D0A3F874204FF0010C93F8CF
:10E75000DD106046C1F3400242EA0C0221F00301E1
:10E760000A4383F8DD2070478242ECD193F8DD1034
:10E77000002001F0010CEDE71B2928BF1B21B2F599
:10E78000A47F064BA0F87E1028BF4FF4A472A0F817
:10E790007C208366A0F86410704700BF480198028F
:10E7A000F8B5002343678367A0F88030314B324AC5
:10E7B0001B8812881B2B28BF1B23A0F87E30A0F8D3
:10E7C0006430452301F00305A0F866304FF01B13B9
:10E7D00005F12806C366523590F88330B2F5A47F60
:10E7E000C1F340014FEAC6064FEAC50528BF4FF402
:10E7F000A472CE40CD4003F00703B7B2ADB2A0F88B
:10E800007C20042B4FF4A4720446A0F86A50A0F8B0
:10E810007070A0F87270A0F8682020D0AF423B461C
:10E8200028BF2B46934238BF1346A4F87A301B23E7
:10E83000A4F8763094F8DD3043F0020384F8DD303C
:10E840002046FFF757FF94F8DD30AF4243F0010355
:10E8500084F8DD3006D0012384F88030F8BD4FF411
:10E860002963E2E7B6F5A47FF5D1636EB3F11B1F10
:10E87000F1D1F8BDD8710020D6710020F8B5064658
:10E880000F46154601F040F9044600283CD02A1FE7
:10E89000201D092A06D8DFE802F01F2225050505FC
:10E8A0000528052B234A2449244840F2DF2311F090
:10E8B000E0FB002383F31188BFF36F8F0323184617
:10E8C00002DFE3797B732146304601F033F93046AD
:10E8D00004F028F82046F8BD02F0BAFEF1E702F095
:10E8E000CFFEEEE702F0D6FEEBE702F0DDFEE8E752
:10E8F00096F8303197F84E101BB1D6F840315B07CF
:10E9000011D402F0DBFEDCE70A4A0D490B484FF454
:10E91000317311F0AEFB84F31188BFF36F8F0323C3
:10E92000184602DFB3E70A4697F84D1002F0D2FE10
:10E93000C7E700BFE4980300E092030008920300D9
:10E94000C8980300F8B505460C4601F0D5F828B97B
:10E95000204601F013F90323A372F8BD04222146D7
:10E960002846FFF78BFF8368C268C4F84720C4F8C5
:10E9700043300369C5F8B830A6690023A361A6B186
:10E980000323377933712B8EF38006F11C01204667
:10E9900002F046FE2D2F02D00423A372F8BD30688A
:10E9A0003146FCF7C5F90423F7E7074A0749084849
:10E9B00040F2F62311F05DFB86F31188BFF36F8FF1
:10E9C0000323184602DFDBE7E498030028990300DD
:10E9D0000892030070B504460D4601F08DF810B999
:10E9E0000623AB7270BD04F19B063346002205F18D
:10E9F0003B0105F12B0008F053FBD4F8A310C4F839
:10EA0000C410D4F8B410D4F8A720C4F8D510D4F8A2
:10EA1000B810D4F89F30C4F8C820C4F8D91094F8BE
:10EA2000B32094F8D410C4F8C0300023D4F89B006D
:10EA300084F8AB3063F30001C4E9333384F8AC30BD
:10EA400084F8AD3084F8AE3084F8AF3084F8B0305C
:10EA500084F8B13084F8B23042F00103C4F8BC004D
:10EA600084F8D41084F8B330052229462046FFF7F5
:10EA700005FF4FF4C1636B8194F89A3043F00803AB
:10EA800084F89A3070BD00BFF0B50C46897A83B027
:10EA9000064615460D2900F22C81DFE801F05E667E
:10EAA00069959907070C1736393E4F52002D00F033
:10EAB000A18003B0F0BD002DFBD1214601F01CF870
:10EAC000002840F0C7800723A372F2E7022DF0D19F
:10EAD000A5690023A361002D00F0EE8003272F71AC
:10EAE000338EEB80237A052B00F0E180062B40F07B
:10EAF000CF801A232B712146304600F0FDFF0028FD
:10EB000040F08D800923A372D3E7002DD1D1F2E725
:10EB1000002DCED10B23A372CBE7072DC9D1012144
:10EB200001F00CF83046FFF7EBFC2146304600F0D0
:10EB3000E3FF002864D10C23A372BAE7002DB8D1FB
:10EB4000F3E7082DB5D140F20233638190F89A3093
:10EB50006FF3041380F89A30ABE7002DA9D1237A24
:10EB6000062BD7D00223A372A3E7002DFAD0A0E78B
:10EB7000012D9ED12946019300F0E0FF3046FFF7BA
:10EB8000BFFC304602F066FA019B5A689968C4F8E7
:10EB90002510C4F821201A7B84F829205A7B84F898
:10EBA0002A20D3F80E20D3F81210C4F83F10C4F86E
:10EBB0003B20D3F81630C6F8B4302146304603B0B7
:10EBC000BDE8F040FFF7BEBE002D7FF472AFF4E762
:10EBD000032D0CD0042D7FF46CAF062140F20362AC
:10EBE000072384F82010A4F84D20A37261E70523C1
:10EBF000A3725EE7214603B0BDE8F040FFF7EABE2E
:10EC00000B2221463046FFF739FE40F60D33638173
:10EC100096F89A306FF3C30386F89A3049E70622D4
:10EC200021463046FFF72AFE304604F049F800231B
:10EC3000A3720121304600F095FF3046FFF768FCD3
:10EC4000304602F00BFA96F89A3043F0100386F83B
:10EC50009A302EE70D2221463046FFF70FFE304650
:10EC600004F02EF894F82030062B34D0242B3FF4F7
:10EC700020AF284A2849294840F2773311F0F9F9A2
:10EC800085F31188BFF36F8F0323184602DF10E767
:10EC9000204A2149214840F21E3311F0EAF90023AD
:10ECA00083F31188BFF36F8F384602DF23E705F146
:10ECB0001C0002F0EFFC1EE7164A1949174840F203
:10ECC0000F3311F0D6F985F31188BFF36F8F03234B
:10ECD000184602DF02E70121A172304600F042FF30
:10ECE0003046FFF715FC304603B0BDE8F04002F0B7
:10ECF000B5B9084A0849094840F2D34311F0B9F9B7
:10ED0000002383F31188BFF36F8F0323184602DFBC
:10ED1000CFE600BFE4980300E092030008920300EE
:10ED20002899030092F81FC0ACF1030C02F11C03F8
:10ED3000BCF1080F06D8DFE80CF01205050F050539
:10ED4000050C09003D2380F8603170470822FFF769
:10ED50009BBE0722FFF798BE0222FFF795BE012255
:10ED6000FFF792BE00230322FFF78EBE002304228A
:10ED7000FFF78ABE887AA0F10400B0FA80F040095B
:10ED8000704700BF13460022FFF77EBE70B591F8B2
:10ED90002C3091F82D20042B0C4603D8032B01D0E6
:10EDA000042A0DD91343112113F0070384F8281006
:10EDB0004FF001050CD184F828300125284670BD9C
:10EDC000032A0DD0134313F007034FF00005F2D0D0
:10EDD000668DFFF7A5FB801B0304EFD42823EAE729
:10EDE000112381F828300125F2E700BFF0B50E4667
:10EDF00083B00DF1060201A9B0F87850B0F87A702E
:10EE00000446FFF7ADFB96F82D20002A5CD196F85A
:10EE10002C30FBB9B4F87830AB420ED3BDF80620E5
:10EE20009A420AD3B4F87A30BB4206D3BDF8042024
:10EE30009A4202D3002003B0F0BD94F8DD30A4F86C
:10EE4000785043F001030120A4F87A7084F8DD3093
:10EE500003B0F0BD94F9430000281DDB94F8821044
:10EE600094F8745001F003032B440D33DB00C1F31D
:10EE70004001CB409BB2BDF80650B3F5A47F38BF2C
:10EE80004FF4A4739D4228BF1D4632B3002803DA15
:10EE900096F82C30002BBDD094F8832094F876108F
:10EEA000BDF8047002F003030B440D33DB00C2F322
:10EEB0004002D3409BB2B3F5A47F38BF4FF4A47394
:10EEC0009F4228BF1F46A5E794F943000028C5DBF1
:10EED00096F82C30002BDFD0C0E796F82C30002BB2
:10EEE00098D0002896DAD7E770B58D6900230C46D4
:10EEF00006468B61002D35D094F82130DB071ED5F6
:10EF00002B792D2B1ED11D232B71338EEB8094F882
:10EF100028302B7796F88330C3F30203AB7796F84B
:10EF20008230C3F302036B7728682946FBF700FFA2
:10EF300094F821306FF3000384F8213070BD012371
:10EF40002B71F1E70F4A1049104840F2B91311F044
:10EF500090F8002383F31188BFF36F8F03231846C3
:10EF600002DFD0E7074A0A4908484FF4DB7311F083
:10EF700080F885F31188BFF36F8F0323184602DFF3
:10EF8000BAE700BF2C9903007099030008920300B0
:10EF90002899030070B591F821304D6A9B070C4603
:10EFA00003D4CDB101232B710AE00646ADB1032392
:10EFB0002B71338EEB8005F11C01304602F0DAFC38
:10EFC00028682946FBF7B4FE94F8213000226FF33D
:10EFD000410384F82130626270BD074A074908483E
:10EFE00040F2DF1311F045F885F31188BFF36F8FFE
:10EFF0000323184602DFDAE72C990300289903005F
:10F0000008920300F8B5CE690C4605464EB300F0F1
:10F0100087FD10B90723A372F8BD00F089FD0646ED
:10F020006062002834D0637BE66966610027172B95
:10F03000E76125D01E4A1F491F4840F2C93311F02D
:10F0400018F887F31188BFF36F8F0323184602DF88
:10F050002846314600F06EFD2846BDE8F84003F032
:10F0600061BC134A154914484FF4697311F001F853
:10F0700086F31188BFF36F8F0323184602DFC6E7BC
:10F08000311D284602F060FB41F603036381DFE790
:10F09000074A0B49084840F2AE3310F0EAFF86F306
:10F0A0001188BFF36F8F0323184602DFBBE700BF51
:10F0B0002C990300E0920300089203009899030042
:10F0C000AC990300F8B5CE690C460546002E5AD01F
:10F0D000637B162B2ED195F94330002B2ADBE66992
:10F0E00066610023E36194F8203095F8A421C3F30E
:10F0F000C20363F3C50285F8A42194F8202095F893
:10F10000A43162F3020385F8A43194F8203095F815
:10F110008220C3F3801363F3C302311D85F882207C
:10F12000204602F0EDFA0221284600F007FD0223F6
:10F13000A3721FE000F0F4FC10B90723A372F8BD1E
:10F1400000F0F6FC0646606260B3637BE6696661C8
:10F150000027162BE761C6D01A4A1B491B484FF4FB
:10F16000D27310F086FF87F31188BFF36F8F0323EC
:10F17000184602DF2846314600F0DCFC2846BDE890
:10F18000F84001F06FBF0F4A114910484FF4BF73A8
:10F1900010F06FFF86F31188BFF36F8F03231846BB
:10F1A00002DF95E7074A0B49084840F2891310F03F
:10F1B00060FF86F31188BFF36F8F0323184602DFC9
:10F1C000C3E700BF2C990300E092030008920300FC
:10F1D00098990300AC99030038B505460C4601F038
:10F1E00031FF10B10123A37238BD284603F088FB1C
:10F1F0000028F7D12146284600F07EFC0028F1D0F7
:10F20000284603F07BFB0728ECD02846012103F0B9
:10F210006FFB28460D2103F06FFB16232146637315
:10F22000284600F071FCE06121462846BDE83840E0
:10F23000FFF748BF38B505460C4603F06BFB10B12D
:10F240000223A37238BD2146284600F055FC002851
:10F25000F6D0284603F052FB0728F1D028460D21AE
:10F2600003F04AFB172321466373284600F04CFC49
:10F27000E06121462846BDE83840FFF7C3BE00BF25
:10F28000F0B591F80AC083B00C46074615461E46F5
:10F29000BCF1090F0BD8DFE80CF005051B0A0A0AC0
:10F2A00031747BAF002A00F0BA8003B0F0BDA94AE8
:10F2B000A949AA4840F2653310F0DBFE002383F32E
:10F2C0001188BFF36F8F0323184602DF03B0F0BD30
:10F2D000032AEAD190F84330DB0940F0D3809D4AFD
:10F2E0009D499E4840F28A2310F0C3FE002383F319
:10F2F0001188BFF36F8F284602DFD6E7052A00F09A
:10F30000B480062A00F09080022ACED190F94330D2
:10F31000002B0EDB8F4A9249904840F2CB2310F02D
:10F32000A8FE002383F31188BFF36F8F03231846D1
:10F3300002DF0221384603F0DBFA3146204602F0B4
:10F3400019FA21463846FFF721FD0546204600F010
:10F3500015FC002D40F0B08094F82D302BB197F8BB
:10F36000822063F3061287F88220384601F084FE7B
:10F370000823A3720221384603B0BDE8F04000F034
:10F38000F1BB002A91D103B0BDE8F040FFF79ABE6F
:10F39000002A8AD14D8DFFF7C3F8401B030484D4A3
:10F3A00097F9435097F8820097F8833094F82C200F
:10F3B00094F82D10002D00F0070C03F00706C0F2A2
:10F3C00097800021384603F093FA94F82030002209
:10F3D00084F82820DB0994F8212063F3000284F8E4
:10F3E000212097F88230C3F3020262F30613092248
:10F3F00087F88230A27258E7042A7FF456AFFFF7ED
:10F4000073FD21463846FFF7C5FD384601F0F8FE8A
:10F410000021384603F070FA0023A37245E703B0D9
:10F42000BDE8F040FFF7D8BE002103F061FAD7F83D
:10F4300040311A2223F48073C7F8403184F8282021
:10F44000204600F09BFB94F8213043F0010384F840
:10F45000213097F88230C3F3020262F306130922C7
:10F4600087F882300221A27285E73146204602F0F9
:10F470003FF994F84E3084F828300021384603F0E4
:10F4800037FADDE7374B90F8822093E8030094F8D1
:10F490002030134302AD03F0070305E903000833EE
:10F4A0006B44022113F8083C63F3061241F606038D
:10F4B00087F8822063815EE70021384603F018FA5E
:10F4C00094F828300BB187F8603194F8203094F824
:10F4D0002120DB0963F3000284F8212097F88230B1
:10F4E000C3F3020262F3061387F88230092340E770
:10F4F00011F003011FD061F3020012F0030287F83C
:10F50000820023D062F302038C4587F883301AD03F
:10F5100021463846FFF76AFC94F8213060F3410336
:10F5200084F821300021384603F0E2F9002384F802
:10F53000283001234FE712F003023FF442AF62F399
:10F54000020387F883309642E2D13AE78C45DFD157
:10F5500037E700BF2C990300E092030008920300F4
:10F56000C8990300AC7C0300F0B50C46897A83B0DF
:10F570000646154609290BD8DFE801F01B20596221
:10F580000A0A95ADB605042D00F0E08003B0F0BD89
:10F590008E4A8F498F4840F20A5310F06AFD0023CB
:10F5A00083F31188BFF36F8F0323184602DF03B084
:10F5B000F0BD002DEAD10123A372E7E719462046EA
:10F5C00002F0B4F894F8202096F8A431C2F3C200F7
:10F5D000C3F3C2010140C3F30203C2F302000340BC
:10F5E00043EAC10322F03F02134384F8203096F926
:10F5F0004330002B0BDB94F8203013F0380F40F031
:10F60000A18094F8203023F03F0384F820300221B9
:10F61000304600F093FA012DB8D196F84330DB095B
:10F6200007D16A4A6A496B4840F23443B5E7002D76
:10F63000ACD12146304603B0BDE8F040FFF7FABD3B
:10F64000022DA3D190F94330002B0EDB5F4A6249B3
:10F65000604840F2544310F00CFD002383F31188FE
:10F66000BFF36F8F0323184602DF5C4B96F88220AE
:10F6700093E8030094F82030134302AD03F007032E
:10F6800005E9030008336B44022113F8083C3046B7
:10F6900063F30612062386F88220A37203B0BDE846
:10F6A000F04000F05FBA032D7FF470AF194620469A
:10F6B00002F060F821463046FFF768FB0546204619
:10F6C00000F05CFA002D52D094F82830282B2ED16F
:10F6D00086F860312BE0002D7FF458AF214603B04F
:10F6E000BDE8F040FFF78EBC002D7FF44FAF678D73
:10F6F000FEF716FFC01B03043FF548AF84F82850FF
:10F7000096F9435096F8820096F8833094F82C20AE
:10F7100094F82D10002D00F0070C03F007072CDBE8
:10F72000002294F8213062F3000384F8213096F827
:10F730008230C3F3020262F30613092286F8823094
:10F74000A27223E75A077FF462AF5AE72146FFF718
:10F75000CBFB21463046FFF71DFC304603F0B0FAE4
:10F760000021304603F0C8F80023A3720EE73046AC
:10F7700003F0DEF80823A37208E711F0030118D0A4
:10F7800061F3020012F0030286F882001BD062F3DC
:10F7900002038C4586F8833012D021463046FFF7AD
:10F7A00025FB94F8213060F34103012284F82130D5
:10F7B000B7E712F00302B3D062F3020386F8833096
:10F7C0009742EAD1ACE78C45E7D1A9E72C99030031
:10F7D000E092030008920300C8990300AC7C030088
:10F7E00092F81FC0BCF1110F02F11C030FD0BCF145
:10F7F000180F12D0BCF1070F0CD010B524230C4603
:10F8000080F8603101F0FCFC0023A37210BD0522DA
:10F81000FFF736BD0622FFF733BD0222FFF730BDEA
:10F8200013460022FFF72CBD13460322FFF728BD25
:10F8300000230422FFF724BD10B592F81FE0BEF1AB
:10F84000160F02F11C030BD0BEF1180F0DD02423AC
:10F850000C4680F8603103F033FA0023A37210BD28
:10F86000BDE810400122FFF77FBEBDE81040032233
:10F87000FFF77ABE13460022FFF776BE1346022238
:10F88000FFF772BE00230422FFF76EBE0023037051
:10F8900043608360C3600361704700BF0378013336
:10F8A0000370704703785BB9C3687BB102691AB112
:10F8B000816861B10B6082600023C360036170479F
:10F8C000013BDBB20370002BEED070477047436002
:10F8D000F1E700BF03783BB100230C300B604368B5
:10F8E00043B1196041607047002304300B604368E6
:10F8F000002BF6D101604160704700BF00230B6010
:10F90000836813B1196081607047416081607047FE
:10F91000406870470346406828B1996802685A6099
:10F92000884208BF9A6070474078A0F10C00B0FA96
:10F9300080F04009704700BF4078A0F10800B0FA9D
:10F9400080F04009704700BF4078A0F10200B0FA93
:10F9500080F04009704700BF4078A0F11700B0FA6E
:10F9600080F04009704700BF4078A0F10100B0FA74
:10F9700080F04009704700BF4078A0F10900B0FA5C
:10F9800080F04009704700BF4078A0F10600B0FA4F
:10F9900080F04009704700BF4078A0F11800B0FA2D
:10F9A00080F04009704700BF4078A0F10300B0FA32
:10F9B00080F04009704700BF4078A0F10500B0FA20
:10F9C00080F04009704700BFF8B5064608460D466E
:10F9D000F8F704FE044680B10027456006724761CF
:10F9E00087612C223946203017F005FD4FF47F4304
:10F9F000FF2262726381A381A7732046F8BD00BF16
:10FA00004078A0F10200B0FA80F04009704700BFD2
:10FA10004078A0F10200B0FA80F04009704700BFC2
:10FA20004078A0F10100B0FA80F04009704700BFB3
:10FA30004078A0F10200B0FA80F04009704700BFA2
:10FA40004078A0F11800B0FA80F04009704700BF7C
:10FA50004078A0F10100B0FA80F04009704700BF83
:10FA60004078A0F10100B0FA80F04009704700BF73
:10FA70004078A0F10900B0FA80F04009704700BF5B
:10FA80004078A0F10900B0FA80F04009704700BF4B
:10FA90004078A0F10300B0FA80F04009704700BF41
:10FAA0004078A0F10300B0FA80F04009704700BF31
:10FAB00038B5456804462DB129462046BDE8384092
:10FAC000F8F7A2BD094A0A490A48702310F0D1FA92
:10FAD00085F31188BFF36F8F0323184602DF656833
:10FAE00020462946BDE83840F8F78EBDE09903006E
:10FAF000209A030008920300024B1868003818BFD0
:10FB0000012070475007002010B50448F8F766FD43
:10FB100004460430FEF7F2FC204610BD50070020DA
:10FB200008B50120FBF718F9003818BF012008BDFF
:10FB3000FBF72EB9E030FFF7E1BE00BF38B590F813
:10FB4000563105460C461BB11C4385F8564138BD5D
:10FB5000E030FFF7A3FE95F856311C4385F8564177
:10FB600038BD00BF90F8563123EA010180F85611E4
:10FB700001B17047E030FFF795BE00BF38B5856929
:10FB8000044645B12B792D2B04D02D232B71A3696D
:10FB900022691A6038BD084A084909484FF496732B
:10FBA00010F067FA85F31188BFF36F8F03231846AF
:10FBB00002DFA569E6E700BFE09903002C9A030085
:10FBC0000892030038B5856904465DB12B792D2B69
:10FBD00000D038BD01232B71A169BDE83840086809
:10FBE000FBF7A6B8074A084908484FF49D7310F080
:10FBF00040FA85F31188BFF36F8F0323184602DFA5
:10FC0000A569E3E7E09903002C9A0300089203003A
:10FC10008B6913B11A792D2A0BD00B7A072B15D0CB
:10FC2000CB692BB1D0F85C211A60CB69C0F85C318C
:10FC300070471B68D0F858215A608B6901221A71ED
:10FC40008B69C0F858310B7A072BE9D14B6A002B2E
:10FC5000E6D01B68D0F858215A604B6A01221A710D
:10FC60004B6AC0F85831DBE7F8B50D4F054638460A
:10FC7000F8F7B4FC044680B100264760057246617F
:10FC800086612C223146203017F0B5FB4FF47F43BC
:10FC9000FF2262726381A381A6732046F8BD00BF74
:10FCA0004007002010B50A4B052258685021F8F78C
:10FCB0006FFC084B052258685021F8F769FC064B89
:10FCC000BDE81040586814222C21F8F761BC00BF31
:10FCD00048070020400700205007002038B50446A0
:10FCE000002501F04DFA2046C4E93E5584F8045140
:10FCF00002F0DAFFC4F82851C4E9425584F81651DD
:10FD0000A4F81451A4F81851C4F82B51A4F8485180
:10FD1000C4F83051C4F83451C4F83851C4F83C51D7
:10FD2000C4F84051C4F84451FAF70AF994F89A30EB
:10FD300084F85651C4E95001C4E9565523F018031C
:10FD400084F89A30A58738BD08460149F8F75CBCAD
:10FD50005007002038B5B0F802510346144625B1CB
:10FD6000A9420ED26D1AA0F80251B3F8122122B1A5
:10FD700091420DD2521AA3F8122100231846237083
:10FD800038BD01F0BDF8054658B12B7A0A2B03D0D7
:10FD900022236FF07300F2E795F820306FF07300C4
:10FDA000EDE7074A0749084840F2022310F061F9DD
:10FDB00085F31188BFF36F8F0323184602DFE4E752
:10FDC000E0990300409A030008920300034B0B44A0
:10FDD000B3FBF1F3A0F81831704700BFFF5962027E
:10FDE00010B5044602F068FF2046BDE8104001F05F
:10FDF000CFB900BF10B5044611B1012907D010BD1D
:10FE000002F062FF2046BDE8104001F023BA02F084
:10FE10005FFF2046BDE8104001F040BA70B5D0F851
:10FE20005841064634B1206821464468FAF774FF09
:10FE3000002CF8D1D6F85C410023C6F858313CB10B
:10FE4000054D204624682946F8F7DEFB002CF8D142
:10FE50000023C6F85C3170BD5007002090F9433094
:10FE6000002B14DA70B504460E46032009491546E6
:10FE7000FFF7AAFD014640B180F8206080F82150CC
:10FE8000204601F009F8002070BD0C2070BD0C2048
:10FE9000704700BF4807002010B5074904460120FD
:10FEA000FFF792FD28B10146204600F0F5FF002043
:10FEB00010BD0C2010BD00BF4807002038B5044617
:10FEC0000D4602200849FFF77FFD58B190F8203019
:10FED00065F30003014680F82030204600F0DCFF87
:10FEE000002038BD0C2038BD4807002010B5074958
:10FEF00004460420FFF768FD28B10146204600F0C3
:10FF0000CBFF002010BD0C2010BD00BF4807002013
:10FF10002DE9F04105468846072010499DF81860F4
:10FF200017461C46FFF750FDA8B1E30008F007088C
:10FF300003F03803BF0143EA080307F040073B43DF
:10FF400043EAC613014680F82030284600F0A4FF9B
:10FF50000020BDE8F0810C20BDE8F08148070020BA
:10FF600038B504460D4601F0F1F9204602F00CFFC9
:10FF700007490A20FFF728FD38B1014680F82050D4
:10FF8000204600F089FF002038BD0C2038BD00BF9E
:10FF90004807002008B590F94330002B08DB00F03B
:10FFA000AFFF20B1037A0B2B0CBF2230002008BD1D
:10FFB00002F0ACFCF5E700BFF8B5D0F840319B0685
:10FFC00001D40020F8BD04460D460C200849164611
:10FFD000FFF7FAFC074648B1294620463246FEF7AD
:10FFE000CBFB3946204600F057FFEAE70C20F8BD6E
:10FFF0004807002070B506460D4602F087FC20B188
:020000022000DC
:10000000037A053B012B044601D90C2070BD014643
:100010003046FEF7AFFE0028F7D029686A68AB6863
:10002000ED68C4F837503046C4F82B10C4F82F20C0
:10003000C4F833302146FEF795FE002070BD00BFA6
:1000400038B5054602F062FC20B1037A053B012B6E
:10005000044601D90C2038BD01462846FEF78AFE29
:100060000028F7D028462146FEF780FE002038BD44
:100070002DE9F0470546D0F84001BDF82090099ED3
:100080009A4683078846174632D495F94330002BA9
:1000900050DB30490820FFF797FC0446002C56D06F
:1000A000237A082B2AD0092B34D1A4F8268027855F
:1000B000A4F82AA0A4F82C90002E3ED033882387E1
:1000C00073886387B388A387F388E3873389A4F8A9
:1000D00040307389A4F8423095F94330002B12DA8E
:1000E0002846FDF71DFC0146284602F017FF0AE0EE
:1000F00018490920FFF768FC0446CFE72785A4F8D4
:100100002AA0A4F82C902846214600F0C5FE002025
:10011000BDE8F087104A1149114840F205430FF03D
:10012000A8FF002383F31188BFF36F8F03231846C2
:1001300002DFE8E71A20BDE8F0870A4A4FF0FF33F4
:10014000C4E90E23A4F840304FF6FF73C2E70C2039
:10015000DEE700BF48070020E0990300E0920300BB
:10016000089203000000FFFF08B502F0CFFB28B1A2
:10017000007AA0F10C00B0FA80F0400908BD00BF81
:1001800010B5044602F0C2FB10B1037A092B00D06F
:1001900010BD01462046BDE8104002F0D9B900BFAD
:1001A00038B504460D4602F0B1FB10B1037A092BB5
:1001B00000D038BD80F8205001462046BDE83840C8
:1001C00002F0CAB908B502F0A1FB28B1007AA0F18B
:1001D0000900B0FA80F0400908BD00BF38B50546F7
:1001E0000C4600F08DFE10B14369A3420ED02846A4
:1001F00002F08CFB10B14369A34200D038BD224607
:1002000001462846BDE8384002F024BD014622469A
:10021000284600F07FFFEAE710B5044600F070FEC4
:1002200018B10146204600F099FF204602F06EFB0F
:10023000014620B12046BDE8104002F023BD10BDAC
:100240002DE9F041537F144605460E46002B3FD062
:10025000D37F1E2B29D9284600F052FE0746284698
:1002600002F054FB0146002F5ED0FA7AE37F0028AB
:1002700048D09342C07A51D03A7B002A5DD0984250
:100280004ED00A7B002A4BD1072B6DD0112B04D105
:100290004A7B94F820309A4242D02346324639466F
:1002A0002846BDE8F04100F0EBBE444A52F8232056
:1002B00022B104F11C00904760B1E37F022BCAD148
:1002C0000123224631462846BDE8F04102F004BD34
:1002D000FF23D377284600F013FE28B1E27FC37ACC
:1002E0009A420DD0037B5BB9284602F00FFB002831
:1002F00050D0E27FC37A9A4202D0037B002BE0D039
:10030000BDE8F0819342C8D03A7B002AC5D1072BC3
:100310004DD0112B4BD00D2BBFD0D1E798421CD123
:100320001F2385F86031EBE70028C9D02346324609
:100330002846BDE8F04102F013BC072B2CD0112B4E
:1003400018D0B3F10D0218BF012298421FD00B7BC9
:10035000EBB9002AA1D02423E3E70A7B002ADFD1EE
:10036000072B95D0112B98D14B7B94F820209A42E3
:10037000D6D092E77A7B94F82030D21A18BF0122A7
:10038000112804D0087B10B9487B9842E1D1002A9B
:10039000CCD1C5E7034694E77A7B94F82030D21A93
:1003A00018BF01220728EDD1002ABFD1B8E77A7B18
:1003B00094F820309A4283D16FE700BF449A03003B
:1003C00070B505460E46FFF79FFB0446002862D035
:1003D000337A013B211D0B2B07D8DFE803F02228DD
:1003E0002E3506060606063B0642324A3249334897
:1003F000DD230FF03EFE002383F31188BFF36F8FE0
:100400000323184602DFE379737321462846FFF77A
:1004100091FB337A0A2B2AD02846BDE8704000F0C1
:1004200021BE084600F0B0FF1323F372EBE7284625
:1004300000F0DEFF0923F372E5E7304601F096F89D
:10044000FF237461F372DEE7084601F0B1F80C2374
:10045000F372D8E7304601F09BF8FF237461F37222
:10046000D1E7284601F056FA1523F372CBE76B8EDD
:10047000B5F89C1140F2E24202FB03F342F2107223
:1004800002FB013101392846B1FBF3F1BDE87040B0
:1004900089B200F0EDBD074A09490848A2230FF0D0
:1004A000E8FD84F31188BFF36F8F0323184602DF42
:1004B0008EE700BFC09A0300E09203000892030099
:1004C000C89803002DE9F04107460C46164602F095
:1004D00021FA28B10323A37200252846BDE8F08144
:1004E00021463846FFF708FB05460028F2D0214692
:1004F0003846FFF709FB804680B3237A013B08F1B9
:1005000004010B2B07D8DFE803F03846064C06063B
:1005100006060606063E264A2649274840F25E435E
:100520000FF0A7FD002383F31188BFF36F8F032320
:10053000184602DF98F80730637341463846FFF7E4
:10054000F9FA384602F0EEF90423A372002EC4D063
:10055000384602F0B5FB0023A372BEE7144A1749E0
:1005600015484FF483630FF084FD88F31188BFF3BF
:100570006F8F0323184602DFBFE7084600F00EFF27
:10058000FF23E372D6E7384601F0DCF9FF23C4F815
:100590001480E372CEE7384600F04EFFFF23E3728B
:1005A000C8E7084601F004F8FF23E372C2E700BF82
:1005B000C09A0300E092030008920300C898030069
:1005C00038B50B7A013B0C4605460B2B0CD8DFE8FF
:1005D00003F006060B290B0B0B0B0B1B0B24BDE8C2
:1005E00038400122FFF76EBF174A1849184840F2F9
:1005F0000E530FF03EFD002383F31188BFF36F8F7E
:100600000323184602DF38BD02F05AFB94F820306D
:100610000022A27285F8603138BDBDE83840002262
:10062000FFF750BF90F8283143B90122FFF74AFF86
:100630000028E8D0012385F8283138BD02F040FBBE
:100640000023A37238BD00BFC09A0300E0920300EC
:10065000089203002DE9F0410C46897A06461546BA
:10066000042900F2F380DFE801F007230C1B0300EC
:10067000012D4DD0BDE8F081002DFBD10123A372E7
:10068000F8E7002DF6D1237A0A2B74D1304602F018
:1006900017FB94F820300022A27286F86031E9E757
:1006A000002DE7D121463046BDE8F041FFF788BF75
:1006B000022DDFD1DA786272023A122A6AD801A1D9
:1006C00051F822F0DD0702009507020095070200AD
:1006D000950702009507020095070200D507020062
:1006E000950702009507020095070200EF07020038
:1006F0009507020095070200950702009507020082
:1007000095070200A506020095070200B507020042
:10071000237A0C2BAED1FDF7EDFF94F820300421A5
:1007200040EA03073046FFF71DFAA5690023FFB230
:10073000A361002D7BD02B792D2B0ED04B4A4C4939
:100740004C4840F281430FF094FC002383F311885E
:10075000BFF36F8F0323184602DF002F4BD1012315
:100760002B7128682946FAF7E3FA304602F0A8FA16
:100770000023A3727EE73D4A3F493E4840F224539E
:100780000FF077FC85F31188BFF36F8F03231846B2
:1007900002DF7BE7354A3949364840F20D430FF016
:1007A00068FC002383F31188BFF36F8F032318467F
:1007B00002DF77E7194601F0F5F804213046FFF72C
:1007C000BDF93046FDF75EFF84F820002046FFF7B4
:1007D000D5F967E7194600F06FFE63E71946204632
:1007E00000F0E2FE08213046FFF7A8F95AE7194663
:1007F00000F006FF56E703272F71338EEB80237A34
:100800000C2B05F11C080DD0184A1D49194840F25F
:100810008A430FF02EFC002383F31188BFF36F8F00
:10082000384602DF4146304601F0A4F899E70F4A06
:100830001449104840F27E430FF01BFC85F31188E9
:10084000BFF36F8F0323184602DF74E7074A0B4993
:10085000084840F28A530FF00CFC002383F3118800
:10086000BFF36F8F0323184602DF03E7C09A03002C
:100870007099030008920300089B0300E0920300B4
:10088000249B0300289903002DE9F041D1F818803A
:1008900000260C4605468E61B8F1000F49D00126AE
:1008A000032788F804702B8EA8F80630237A042BCF
:1008B00008F11C0129D00C2B23D0022B17D0284A79
:1008C000284940F2AB1328480FF0D3FB002383F3F1
:1008D0001188BFF36F8F384602DF0EB1BDE8F0819B
:1008E000D8F800004146BDE8F041FAF721BA637A32
:1008F000072B1AD0092B10D0194A1A494FF48173CB
:10090000E1E7284601F036F8E7E7637A0C2B08D0D8
:10091000134A144940F20F13D5E7284600F0AEFD04
:10092000DBE7284600F056FED7E7204600F052FDF0
:10093000D3E7FFF7FDF880460028B1D1084A0B49FC
:1009400009484FF4C6730FF094FB88F31188BFF386
:100950006F8F0323184602DF88F80480FFDE00BF94
:10096000C09A0300E0920300089203002899030054
:1009700038B50B7A013B0C4605460B2B15D8DFE842
:1009800003F006240E3214141414144114494B7A43
:10099000072B04D0132B02D0242385F8603128467E
:1009A00000F02EFC0023A37238BD324A324933488E
:1009B0004FF413730FF05DFB002383F31188BFF333
:1009C0006F8F0323184602DF38BD4B7A072B01D007
:1009D000092BE1D194F82030DB07E0D521462846E9
:1009E000FFF752FFDBE74B7A0C2BD5D18B6993B322
:1009F00021462846FFF748FF284600F001FC002367
:100A0000A37238BD00F0FCFB00221623A27285F809
:100A1000603138BD4B7A152B16D0072BBCD1D0F8DE
:100A2000403123F02003C0F8403100F0E9FB0023FF
:100A3000A3722846FFF798FB0028B5D12846042169
:100A4000BDE83840FFF78EB8FDF79CFD68B9284631
:100A500000F0D6FBEBE7FFF763F80028C8D1284683
:100A600000F000FB0423A37238BD21462846FFF79F
:100A70000BFFECE7C09A0300E0920300089203002A
:100A800070B50E7A731E0C4605460B2B07D8DFE8AF
:100A900003F0161D3145060606060661066F534A29
:100AA0005349544840F2CF230FF0E3FA002383F375
:100AB0001188BFF36F8F0323184602DF70BD00F06B
:100AC000C1FA00287FD00123A37270BD00F0BAFAEA
:100AD0000028F8D121462846FFF70EF80028F2D06A
:100AE00021462846FFF76CFC6369002B08BF0326EC
:100AF000A67270BD00F0A6FA0028E4D1214628466F
:100B0000FEF7FAFF0028DED021462846FFF758FC02
:100B10006369002B18BF0226A67270BD90F82831B9
:100B20009BBB00F08FFA0028CDD121462846FEF766
:100B3000E3FF0028C7D021462846FFF741FC626941
:100B4000002A4FF001030CBF03220222A27285F893
:100B5000283170BDFEF7D0FF0028B4D021462846CA
:100B6000FFF72EFC1622022384F82020A37270BD0A
:100B7000D0F840319B0602D5FFF7F6FA68B1284657
:100B800000F03EFB0023A37270BD0C2200234A72CA
:100B90008B61BDE87040FFF7EBBE284600F052FACB
:100BA000002890D121462846FEF7A6FF00288AD0CB
:100BB00004212846FEF7C2FF21462846FFF700FC25
:100BC0000323A37270BD21462846FEF795FF002837
:100BD0003FF479AF21462846FFF7F2FB6369002B0B
:100BE0000CBF03230223A37270BD00BFC09A030091
:100BF000E09203000892030070B50C46897A06461D
:100C00001546042900F2A380DFE801F003031B2846
:100C10000600002D5CD070BD002DFCD1237A042B82
:100C200000F08780524A534953484FF45F730FF0E6
:100C300020FA85F31188BFF36F8F0323184602DF74
:100C400070BD052DE7D1237A032B01D00A2BE2D109
:100C500021463046BDE87040FFF78ABE012DDAD14B
:100C6000DA786272023A172A37D801A151F822F0D5
:100C7000270D0200DB0C0200DB0C0200DB0C020083
:100C8000DB0C02001D0D0200DB0C0200150D020042
:100C9000DB0C0200DB0C02000D0D0200510C020007
:100CA000DB0C0200DB0C0200DB0C0200030D020077
:100CB000DB0C0200510C0200DB0C0200FB0C0200FA
:100CC000DB0C0200DB0C0200DB0C0200510C02000A
:100CD0002146BDE87040FFF7D3BE254A2549264886
:100CE00040F24F330FF0C5F9002383F31188BFF3AF
:100CF0006F8F0323184602DFAAE7194600F07CFE37
:100D0000A6E71946204600F0F3FCA1E7194600F0DB
:100D100077FC9DE7194600F0FDFB99E71946204650
:100D200000F054FB94E7124A1249134840F236335C
:100D3000D8E7FEF7F5FE00283FF46DAF21463046B8
:100D4000FFF7A2FD304600F05BFAA57270BD084ABD
:100D50000849094840F29A330FF08BF9002383F3D6
:100D60001188BFF36F8F0323184602DF70BD00BFE9
:100D7000C09A0300E092030008920300131D0522AD
:100D8000FFF73ABF02F11C030122FFF735BF00BF96
:100D900013460022FFF730BF02F11C030222FFF7C7
:100DA00059BC00BF131D0122FFF754BC134600229B
:100DB000FFF750BC70B5044606F056F868B1D4F899
:100DC000F85045B1D4F8FC202B68C4F8F8309542AF
:100DD00008BFC4F8FC30284670BD05460121032039
:100DE00005F0E0FF2A46064601210320F7F794FCB0
:100DF000D4F8F85045B1D4F8FC202B68C4F8F8308A
:100E0000954208BFC4F8FC30002EE4D00122114600
:100E10000320F7F781FC284670BD00BF70B504467B
:100E200006F022F840B1D4F8F850DDB100220123D9
:100E3000A4F80221AB7370BD05460121032005F023
:100E4000B1FF2A46064601210320F7F765FCD4F8D6
:100E5000F850002EE9D0012211460320F7F75CFC80
:100E6000002DE3D1094A0A490A484FF4F5730FF0FF
:100E700000F985F31188BFF36F8F0323184602DF53
:100E800000220123A4F80221AB7370BD4C9B030028
:100E9000949B030008920300F8B505460C4605F044
:100EA000E3FF40B100232360D5F8FC30F3B11C60B0
:100EB000C5F8FC40F8BD06460121032005F072FF8D
:100EC0003246074601210320F7F726FC2660D5F8B5
:100ED000FC3083B11C60C5F8FC40002FEAD0012231
:100EE000BDE8F84011460320F7F716BCC5F8F840F6
:100EF000C5F8FC40F8BDC5F8F840C5F8FC40ECE783
:100F000070B5054605F0B0FF18B1D5F8F840204699
:100F100070BD04460121032005F044FF2246064629
:100F200001210320F7F7F8FBD5F8F840002EEED0AA
:100F3000012211460320F7F7EFFB204670BD00BFEA
:100F400038B50C460546FFF7DBFF84420DD0184A42
:100F50001849194852230FF08CF8002383F31188A5
:100F6000BFF36F8F0323184602DFA36913B11B7908
:100F70002D2B07D02846FFF71DFF2046BDE838403F
:100F8000FEF796BD0A4A0D490B4857230FF071F83A
:100F9000002383F31188BFF36F8F0323184602DF0A
:100FA0002846FFF707FF2046BDE83840FEF780BD22
:100FB0004C9B0300A89B030008920300BC9B03000A
:100FC00038B50546FFF79CFF037A013B04460B2B1F
:100FD0001BD8DFE803F0060606061A1A2A141406C0
:100FE0001A06014600222846FFF7D2FEA37B03B96A
:100FF00038BD21462846BDE83840FFF7A1BF01466D
:101000000022284601F076FAF0E70B4A0B490C481B
:101010004FF4EF730FF02DF8002383F31188BFF323
:101020006F8F0323184602DFE0E7014600222846BF
:10103000FEF7F6FBDAE700BF4C9B0300E0920300EB
:101040000892030090F80401A0F10100B0FA80F0CA
:1010500040097047012380F804317047002380F86D
:1010600004317047B0F81831A0F80231704700BF62
:10107000A0F80211704700BF0023A0F802317047AA
:1010800038B50C468969054610461A46F9B1217AE9
:1010900001390B2923D8DFE801F0060606062222D3
:1010A000321D1D06220621462846FFF76BFEA36966
:1010B00023B11B792D2B1CBF0023A361A37B03B994
:1010C00038BD21462846BDE83840FFF739BFA36147
:1010D0002061DCE72146284601F0B8F9E7E70A4A33
:1010E0000A490B4840F249130EF0C3FF002383F373
:1010F0001188BFF36F8F0323184602DFD7E721461D
:101100002846FEF76DFBD2E74C9B0300E0920300FC
:101110000892030038B50B7A033B0C460546092BB1
:1011200009D8DFE803F0050808080D0808050805D8
:101130002146FFF723FEA37B0022626143B938BD3D
:101140002146FEF771FBA37B00226261002BF6D0E3
:1011500021462846BDE83840FFF7F2BE38B50B7A85
:10116000072B0C46054608D0A37B03B938BD2146A2
:101170002846BDE83840FFF7E3BEFEF759FBF3E72A
:101180000222002380F80021A0F80231704700BF3E
:1011900038B590F800310446032B1AD8DFE803F085
:1011A00002100F10FFF7ACFE48B1057A2046FFF79A
:1011B00007FF0A2D14BF0123032384F8003138BD33
:1011C000FFF79EFE0028FAD02046BDE83840FFF722
:1011D000F7BE084A084909484FF41B730EF049FF4F
:1011E000002383F31188BFF36F8F0323184602DFB8
:1011F00038BD00BF4C9B0300E0920300089203003F
:1012000010B590F800310446032B0DD8DFE803F049
:1012100008020702FFF702FE002384F8003110BD28
:10122000BDE81040FFF7FABD074A084908484FF4E7
:101230001B730EF01EFF002383F31188BFF36F8F23
:101240000323184602DF10BD4C9B0300E09203000D
:101250000892030008B590F80031022B13D000D893
:1012600008BD032BFCD00A4A0A490B484FF41B73F4
:101270000EF0FFFE002383F31188BFF36F8F03236B
:10128000184602DF08BD002380F8003108BD00BF0A
:101290004C9B0300E09203000892030038B590F8DD
:1012A00000310446032B3AD8DFE803F00926121375
:1012B00020462946FEF7ACFC2846FEF7F9FB2046FF
:1012C000FFF778FD05460028F2D1022384F80031AB
:1012D00038BDFFF76FFD05460028F6D029462046A9
:1012E000FEF796FC2846FEF7E3FB2046FFF762FD7B
:1012F00005460028F2D1E8E7FFF75CFD0546002827
:10130000E3D029462046FEF783FC2846FEF7D0FBB3
:101310002046FFF74FFD05460028F2D1D5E7084AE1
:10132000084909484FF41B730EF0A3FE002383F312
:101330001188BFF36F8F0323184602DF38BD00BF4B
:101340004C9B0300E09203000892030038B5054669
:10135000FFF730FD68B1044621462846FEF758FCE9
:101360002046FEF7A5FB2846FFF724FD044600288B
:10137000F2D10024A5F802412146284601F0B8FA2E
:1013800085F8004138BD00BF03780121122243F0E7
:10139000030303704170C270704700BF03780121DE
:1013A000132243F0030303704170C270704700BF03
:1013B0000B784FF0020C43F0030307220B7081F807
:1013C00001C0CA7090F84C300B7170470B7980F8EF
:1013D0004C3070470B784FF0020C43F003030722A8
:1013E0000B7081F801C0CA7090F84C300B717047D7
:1013F00010B50B780C460922082143F00303E17075
:101400006270237090F94330002BACBF0B460E2363
:10141000E370F8F795FD002261F30702C1F3072C92
:101420000B0C6CF30F2263F317421B0A63F31F626A
:101430006060A26010BD00BF38B50C460546F8F7E5
:101440007FFD237843F00303237009236370E37067
:10145000D5F84031217263F0FF031840020C0B0CE9
:10146000C0F307252071C1F30721100AA2711A0ADF
:10147000E07165716172A372E27238BD0B78092266
:1014800043F003030B704A70CA70D0E94E23100C6E
:10149000C2F3072C0A711A0C81F805C088714FEA53
:1014A000102C0B72C3F30720130A81F807C048728F
:1014B0008A72CB72704700BF2DE9F0414B68144F20
:1014C0008E685A0F82EA137202F001021F40002157
:1014D000931849419B18054641F1000887EA0374B7
:1014E000F8F72EFD04EA0003C5F8403163F0FF036E
:1014F00006F0EF063B4046EA0878C5E94E3608EAB2
:1015000001010122C5F8441185F83021BDE8F081C0
:101510002FCF87F72DE9F0414A68134F8E68530F9C
:1015200083EA127303F00103D91807EA02074FF0A8
:1015300000025241C918054642F1000487EA0178C9
:10154000F8F7FEFC06F0EF0646EA0474C5E94E76AD
:1015500008EA00000C400123C5F84001C5F84441E9
:1015600085F83031BDE8F0812FCF87F70B784FF049
:10157000030C43F0030319220B7081F801C0CA70F9
:1015800090F820300B7190F821304B71704700BFFC
:101590000B78022243F003030B704A70CA7090F874
:1015A00020300B71704700BF0B7980F820307047F6
:1015B0000378074AC0F805204FF0060C43F00303F8
:1015C00040F60C51037080F801C0A0F8031070477A
:1015D000F105FFFF0B784FF0060C43F003030C22DC
:1015E0000B7081F801C0CA7090F82A310B71B0F805
:1015F0002B31A1F80530B0F82D31A1F80730704734
:10160000012380F829310B7980F82A31B1F80530AF
:10161000A0F82B31B1F80730A0F82D31704700BF8A
:101620000B78032243F003034FF0170C0B7081F883
:1016300001C0CA70D0F82130D0F825208A604B60F4
:1016400090F829300B7390F82A304B73704700BF25
:1016500010B503780D21042243F003034170037099
:10166000C270841805F000FC0C2120B12046BDE8B2
:10167000104003F0DBB82046BDE8104003F0CCB8C2
:1016800003780121052243F0030303704170C27007
:10169000704700BF03780121062243F00303037063
:1016A0004170C270704700BF037801210B2243F0E4
:1016B000030303704170C270704700BF037801716B
:1016C0004FF0020C43F003030D22037080F801C0B9
:1016D000C27070470378017143F003034FF0030CAD
:1016E0000370112380F801C0C3704271704700BFBE
:1016F0000B7980F84D304B7980F84E30704700BF41
:101700000B784FF0030C43F0030316220B7081F8A3
:1017100001C0CA7090F82030C3F3C2034B7190F837
:101720002030C3F302030B71704700BF0A7990F8B1
:10173000203062F3C50380F820304A7962F3020357
:1017400080F82030704700BF0B784FF0030C43F057
:10175000030317220B7081F801C0CA7090F8A431FE
:10176000C3F3C2034B7190F8A431C3F302030B71AE
:10177000704700BFCB8843850B7980F82C304B79BC
:1017800080F82D30704700BF0B784FF0180C43F0F5
:1017900003030F220B7081F801C0CA70C38C8B80C9
:1017A000038DCB80438D0B81838D4B8190F834303A
:1017B0000B73C38EA1F80D30038FA1F80F30438F48
:1017C000A1F81130838FA1F81330C38FA1F8153021
:1017D000B0F84030A1F81730B0F84230A1F8193015
:1017E000704700BF0B784FF0180C43F00303102232
:1017F0000B7081F801C0CA70C38C8B80038DCB80C5
:10180000438D0B81838D4B8190F834300B73C38EE5
:10181000A1F80D30038FA1F80F30438FA1F81130DC
:10182000838FA1F81330C38FA1F81530B0F8403082
:10183000A1F81730B0F84230A1F81930704700BF56
:101840008B88C384CB8803850B8943854B8983852B
:101850000B7B80F83430B1F80D30C386B1F80F300F
:101860000387B1F811304387B1F813308387B1F89B
:101870001530C387B1F81730A0F84030B1F81930EF
:10188000A0F84230704700BF0B78002243F00303FA
:101890004FF00C0CCA700B7081F801C090F8233027
:1018A0000B71036B094AA2FB03239B0AA1F80530C5
:1018B000438DA1F80930038DA1F80730838DA1F87D
:1018C0000B30838CA1F80D30704700BF5917B7D18A
:1018D0000B7980F82330B1F8053040F2E24202FB88
:1018E00003F30363B1F809304385B1F8073003858A
:1018F000B1F80B308385B1F80D308384704700BF99
:10190000B1F8093003844B68C0F822300B7A80F8B4
:10191000263070470B784FF0090C43F00303142274
:101920000B7081F801C0CA70B0F866308B80B0F8D7
:1019300064300B81B0F86A30CB80B0F868304B81EE
:10194000704700BF0B784FF0090C43F003031522DA
:101950000B7081F801C0CA70B0F866308B80B0F8A7
:1019600064300B81B0F86A30CB80B0F868304B81BE
:10197000704700BF0B784FF0090C43F003031522AA
:101980000B7081F801C0CA70B0F876308B80B0F867
:1019900074300B81B0F87A30CB80B0F878304B815E
:1019A000704700BF8B88A3F11B02E02A22D8B1F850
:1019B00008C0ACF11B02E02A1CD830B5CD88A5F5D3
:1019C000A47244F2481492B2A24212D84A89002169
:1019D0008E4662F30F0EA2F5A4726CF30F0192B261
:1019E000A24263F31F4165F31F4E9CBFC166C0F85E
:1019F00070E030BD704700BF8B88A3F11B02E02A66
:101A000022D8B1F808C0ACF11B02E02A1CD830B5CE
:101A1000CD88A5F5A47244F2481492B2A24212D81D
:101A20004A8900218E4662F30F0EA2F5A4726CF370
:101A30000F0192B2A24263F31F4165F31F4E9CBF98
:101A4000C166C0F870E030BD704700BF70B58C69EA
:101A500000230D4606468B6104B3192322792371B6
:101A6000338EE38095F82030237743B92B8DE383C1
:101A70006B8D2384AB8D63842D2A09D070BD738E4A
:101A8000E383B38E2384B6F89C3163842D2AF5D189
:101A900020682146BDE87040F9F74AB9074A08496D
:101AA000084840F207130EF0E4FA84F31188BFF3FC
:101AB0006F8F0323184602DFCFE700BF149C03009B
:101AC0002899030008920300F8B58C6900230D469D
:101AD00006468B6194B1032327792371338EE3800B
:101AE00004F11C012846FFF74FFE2D2F00D0F8BD52
:101AF00020682146BDE8F840F9F71AB9074A0849B5
:101B000008484FF459730EF0B4FA84F31188BFF308
:101B10006F8F0323184602DFDDE700BF149C03002C
:101B2000289903000892030030B5438E0A8D4C8D2E
:101B30008D8D934285B002D1838EA34214D00123B0
:101B400081F8223002950B6BCDE900240C7A91F8D4
:101B50002320898C0391A4F10801B1FA81F149098C
:101B6000EBF77AFB05B030BDB0F89C315B1B18BFBA
:101B70000123E5E7F8B5CD6900230C460746164674
:101B8000CB61002D3FD0291D112E0AD8DFE806F0C9
:101B90002E0909090909092A09090909090909096F
:101BA0003222234A234924484FF452730EF061FA3B
:101BB000002383F31188BFF36F8F0323184602DFDE
:101BC000EB79637329463846FDF7B4FF237A092B76
:101BD00014D0F8BD084694F8202094F82110FFF79F
:101BE00079FDEDE72046FFF7E3FBE9E72046FFF745
:101BF0004BFEE5E72046FFF7F5FDE1E73846BDE897
:101C0000F84000F08FBEFDF77FFF05460028BAD1EF
:101C1000074A0A49084840F22E330EF02AFA85F3A3
:101C20001188BFF36F8F0323184602DFABE700BFB5
:101C3000149C0300E092030008920300C89803007C
:101C400038B58B690C46054673B11F4A1F492048B9
:101C500040F286330EF00DFA002383F31188BFF3B0
:101C60006F8F0323184602DFFDF762FF2D23A0616B
:101C7000037194F834200121002384F82310236396
:101C8000218D4AB1B1FBF2F313FB02F3E28C9BB25C
:101C90009A429CBF23851946238F8B4204D840F279
:101CA000E24202FB03F323632846FCF739FCAB8EC8
:101CB00006331844A084002221462846FFF75AFF25
:101CC0004FF60B73638138BD149C0300609C0300C6
:101CD000089203002DE9F0413A4E336804460D4660
:101CE0002BB1834203D00123AB72BDE8F0812046C3
:101CF000FFF7A8F90028F6D1204600F001FE0746BC
:101D00000028F0D129462046FDF7F6FE0028EAD04B
:101D10002046FCF705FC01218046204600F0E8FD46
:101D2000A5F83680D5F81C8085F834703460EF61F2
:101D3000B8F1000F29D008F104012846FFF724FD6F
:101D400098F807306B7341462046FDF7F3FE2B7A77
:101D5000092B16D094F84330DB0902D004236B81A1
:101D6000C3E7194A19491A4840F29B130EF081F94A
:101D7000002383F31188BFF36F8F0323184602DF1C
:101D8000B3E72046FFF76EF9E4E729462046FDF762
:101D9000BBFE80460028CED10B4A0E490C4840F2CB
:101DA0002F130EF066F988F31188BFF36F8F0323AA
:101DB000184602DF04212846FFF7E6FC98F80730B2
:101DC000FFDE00BF544F0020149C0300E09203008C
:101DD00008920300C898030038B505460C4600F089
:101DE00099FD10B10923A37238BD21462846FDF79D
:101DF00083FE0028F6D021462846FDF785FEE061E7
:101E0000FDF78EFE10B90C23A37238BD214628467B
:101E1000BDE83840FFF714BF70B50C460546FCF727
:101E20007FFBA38CC31A1B0400D570BD2146284636
:101E3000FFF77AFE237A092B15D094F82260E6B9D1
:101E40002046FDF7BFFEA661284600F039FF237A41
:101E5000092B05D10D4B1A68954204BF00221A6068
:101E60000023A37270BD284600F062FD237A092B7F
:101E7000E3D194F82030002BDFD0002384F8203009
:101E800021462846FFF7E2FDDEE700BF544F002061
:101E900070B506460C4600F03DFD10B10623A37256
:101EA00070BD054621463046FDF726FE0028F5D0D8
:101EB000112221463046FFF75DFE304600F000FF5C
:101EC000237A092B04D1044B1A68964208BF1D607F
:101ED0000023A37270BD00BF544F002070B5204A8C
:101EE000136806460C468BB183420FD002238B72D7
:101EF00000F010FD054620B921463046FDF7FCFDF7
:101F000008BB2046BDE87040FDF738BE218D738EBA
:101F100016609942628DA08D06D021463046FFF7AB
:101F2000D3FD0423A37270BDB38E9342F5D1B6F8EE
:101F30009C318342F1D12046FDF744FE0022052367
:101F4000A261A37270BD4FF47263214623843046B0
:101F5000FFF79EFF2046FDF735FEA56170BD00BF6F
:101F6000544F002070B50C46897A064615460C2958
:101F700000F2A980DFE801F00B17464E586273A704
:101F80007A848B9F0700002D00F0AD8070BD002D7E
:101F9000FCD1237A082B00F0C980092B40F0B780D0
:101FA0000123A37270BD012DF0D119462046FFF721
:101FB00047FCE38C228DA08D618D94F83450052B65
:101FC00017D9B2F5486F14D8934212D8B1F5FA7FF9
:101FD0000FD2A0F10A039BB240F6764C634508D8B5
:101FE0004B1C9BB202FB03F3B3EB800F01D2AA425E
:101FF0000AD240F61E73238421463046BDE8704065
:10200000FFF746BF012DC1D821463046BDE87040DC
:10201000FFF764BF002DB9D1FDF782FD002840F025
:10202000C7800323A37270BD032D67D0042DADD1EB
:102030000F22062384F82120A37270BD002DA5D1A4
:1020400090F94330002B5CDA94F8203083B10F23F1
:1020500084F821302146BDE87040FFF719BF002DFC
:1020600094D12146BDE87040FFF712BF002D8DD1FD
:10207000304600F04FFC00285BD00823A37270BDEF
:10208000002D83D12146BDE87040FFF7A5BE022D8B
:102090007FF47CAF90F84320C2F3C011D20956D12F
:1020A00084F84C1000F036FC0546002800F08980CA
:1020B0000D23A37270BD002D7FF468AF2146BDE8EB
:1020C0007040FFF7A9BE504A5049514840F2515361
:1020D0000DF0CFFF002383F31188BFF36F8F03232D
:1020E000184602DF70BDFDF71BFD00283FF44EAF20
:1020F00021463046BDE87040FFF7A2BD0523A3721C
:1021000070BDA5612146BDE87040FFF765BE3E4A3F
:102110003E493F4840F2F2330DF0ABFF85F31188A2
:10212000BFF36F8F0323184602DF70BD0A23A3722B
:1021300070BD21463046FDF7DFFC00289DD01022FF
:1021400021463046FFF716FD0A23638170BD19460C
:102150002046FFF7BDFB218D628DA58D8B1F9BB2A5
:1021600040F67A4083422AD8B2F5FA7F27D2A5F109
:102170000A039BB240F67640834220D8531C9BB2A0
:1021800001FB03F3B3EB850F19D23046A58CFCF7A6
:10219000C7F92B1A9BB247F6FE72934229D928231E
:1021A00086F86031304600F08BFD0023A37270BDCD
:1021B00021463046FFF788FC0423A37270BD1E231E
:1021C000EEE721463046FDF797FC00283FF470AF5C
:1021D000072221463046FFF7CDFC304600F070FD67
:1021E000237A092BE1D10B4B1A689642DDD11D6091
:1021F000DBE72046FDF7C2FC0B23A37221463046E5
:10220000BDE87040FFF708BE149C0300E092030095
:1022100008920300544F0020F8B50C46897A064610
:102220001546062908D8DFE801F0172B07073364A5
:102230000400002D65D0F8BD7F4A804980484FF4E6
:102240003E730DF016FF002383F31188BFF36F8FE9
:102250000323184602DFF8BD002DECD1237A092BA9
:1022600010D0754A754976484FF4F5730DF001FFAB
:1022700085F31188BFF36F8F0323184602DFF8BD83
:10228000002DD8D121463046BDE8F840FFF722BDE9
:10229000032D00F08D80042D00F09280022DCAD114
:1022A00019462046FFF714FB228D608DB4F82CC030
:1022B000931F9BB240F67A418B4244D8B0F5FA7F27
:1022C00041D2ACF10A039BB240F676418B423AD838
:1022D000431C9BB202FB03F3B3EB8C0F33D22946B2
:1022E000304600F005FB2046FDF748FC0623A372AC
:1022F000F8BD002D9FD1FEF7A5FE60B30523A372A4
:10230000F8BDFCF70DF9A38CC01A030493D4294639
:10231000304600F0EDFA21463046FFF705FC237AFF
:10232000092B58D094F82250002D5ED12046FDF79D
:1023300049FCA5613046FEF763FF237A092B2CD0B8
:102340000023A372F8BD0021304600F0D1FA1E230D
:1023500086F86031EEE721463046FDF7CDFB0028D8
:10236000CCD02946304600F0C3FAE769E561002F7A
:1023700043D094F8202094F82110381DFFF7AAF9D3
:10238000FB79637339463046FDF7D4FB237A092B7A
:10239000D0D13046FEF766FECCE796F94330002BED
:1023A00025DB284B1A689642CAD100221A60C7E77B
:1023B0005B7984F8203021463046FFF747FBB9E7C8
:1023C000D0F840311A2223F00203C0F840312146F0
:1023D00084F82020F0E73046FEF74EFE237A092BE2
:1023E000A0D194F82030002B9CD00023E1E73046A8
:1023F000FDF7E8FE0028D4D0A2E721463046FDF7DD
:1024000083FB07460028B4D10B4A0F490C4840F221
:102410002F130DF02EFE85F31188BFF36F8F03236A
:10242000184602DF042094F8202094F82110FFF7CA
:1024300051F9EB79FFDE00BF149C0300E09203002A
:1024400008920300544F0020C898030010B592F87A
:102450001FC082B0044602F11C03BCF1110F0AD860
:10246000DFE80CF02C0909090909092509090909FE
:10247000090909091E17242380F860310191FEF72C
:10248000BFFE01990B7A092B1FD000238B7202B07B
:1024900010BD0322204602B0BDE81040FFF7BCBECD
:1024A0000122204602B0BDE81040FFF7B5BE04226D
:1024B000204602B0BDE81040FFF7AEBE0222204623
:1024C00002B0BDE81040FFF7A7BE94F94330002BDF
:1024D00006DB074B1A689442D7D100221A60D4E772
:1024E00020460191FDF76EFE01990028F1D0CCE75E
:1024F000544F002013460022FFF78EBE70B5D57FE3
:1025000002F11C0335B10F2D09D1BDE87040012245
:10251000FFF728BDBDE870400222FFF723BD24234A
:102520000E4680F86031044600F0CAFB337A092B6E
:1025300005D1044B1A68944204BF00221A6000239C
:10254000B37270BD544F002013460022FFF70ABD3E
:1025500000230322FFF706BD00230422FFF702BD7C
:1025600070B5D37F012B05460C4607D0242380F895
:10257000603100F0A5FB0023A37270BD8B7A012BA4
:1025800012D013F0FD0FF8D0154A1649164840F244
:1025900027130DF06EFD002383F31188BFF36F8FB7
:1025A0000323184602DF70BD02F11C012046FFF72D
:1025B000A7F92846268CFBF7B3FF361AB6B247F6C2
:1025C000FE739E4202D80223A37270BD282385F8B1
:1025D0006031284600F074FB0023A37270BD00BF79
:1025E000809C0300E09203000892030038B58B7AC8
:1025F000012B12D0022B0C4610D00BB3124A1349F8
:10260000134840F227130DF034FD002383F31188A3
:10261000BFF36F8F0323184602DF38BD0546FBF773
:102620007FFF238CC01A0304F7D404F1220128464B
:10263000FBF784FF284600F043FB0023A37238BD5C
:1026400001238B7238BD00BF809C0300E092030021
:102650000892030038B5D0F808318B4204460D4685
:1026600023D01C4A1C491D4878230DF002FD00238D
:1026700083F31188BFF36F8F0323184602DFAB6922
:1026800013B11B792D2B15D0D4F8083143B1D4F8F0
:102690000C111A68C4F80821994208BFC4F80C212B
:1026A0002846BDE83840FDF703BA8B69002BE8D116
:1026B0000B46ECE7074A0A4908487D230DF0D9FC90
:1026C000002383F31188BFF36F8F0323184602DFC3
:1026D000DAE700BFC89C0300A89B03000892030030
:1026E000BC9B030038B5D0F808512B7A013B044657
:1026F0000B2B28D8DFE803F00606060618181D1372
:102700001306220600222946FEF750FBAB7B2BB1B5
:1027100029462046BDE83840FFF79CBF38BD00225F
:102720002946FFF711FFF1E700222946FCF72AFBB3
:10273000ECE700222946FDF79DF8E7E7002229464D
:10274000FFF754FFE2E7084A084909484FF4E773E6
:102750000DF08FFC002383F31188BFF36F8F0323E9
:10276000184602DFD2E700BFC89C0300E0920300D6
:102770000892030070B5D0F8085104461DB394F8D0
:102780001431012B03D1022384F8103170BD294686
:102790002046FDF7B1F90028F5D029462046FDF77F
:1027A000B3F90646F0B1311D2846FEF701FEF37974
:1027B0006B7331462046FDF7BDF90123AB7300234F
:1027C00084F8103170BD0F4A0F49104840F21623AB
:1027D0000DF04FFC85F31188BFF36F8F032318466C
:1027E00002DFCCE7074A0A4908484FF4EF730DF0BF
:1027F00040FC86F31188BFF36F8F0323184602DF76
:10280000D1E700BFC89C0300949B0300089203001B
:10281000C898030070B5D0F808510446ADB394F8D9
:102820001431012B03D1012384F8103170BD2946E6
:102830002046FDF761F90028F5D029462046FDF72E
:1028400063F9064600283CD02046FEF759FB2A7A59
:10285000037A934206F1040026D0082B26D02A21C1
:1028600094F830311BB1D4F840315B0723D4FEF724
:1028700025FFF3796B7331462046FDF75BF90123A1
:10288000AB73002384F8103170BD154A1549164802
:1028900040F206230DF0EDFB85F31188BFF36F8F37
:1028A0000323184602DFBAE72321D9E7092A14BF18
:1028B0002A212321D4E70A4694F81711FEF70AFFCC
:1028C000D7E7074A094908484FF4EF730DF0D1FBE9
:1028D00086F31188BFF36F8F0323184602DFB3E737
:1028E000C89C0300949B030008920300C89803004F
:1028F00080F81611704700BF704700BF0020704776
:1029000090F81501003818BF01207047D0F8080171
:10291000704700BF90F81401A0F10100B0FA80F0F8
:1029200040097047B0F81831A0F81231704700BF65
:102930000023A0F81231704738B5D0F80841A4B18F
:102940000546D5F80C212368C5F808319442214684
:1029500008BFC5F80C312846FDF75AF92046FDF7A7
:10296000A7F8D5F80841002CEBD138BD022938B5BD
:10297000054612D004290C460AD0012900D038BDE2
:10298000D0F80831002BFAD0BDE83840FFF7AABED6
:10299000FFF7D2FF85F8104138BDD0F80841002379
:1029A00080F815313CB100230122A5F81231A27341
:1029B00085F8103138BD074A0749084840F22923F5
:1029C0000DF057FB84F31188BFF36F8F0323184674
:1029D00002DFE8E7C89C0300949B03000892030011
:1029E000F8B590F8103104460E461546052B00F256
:1029F0009F80DFE803F00E1607030B03BDE8F840E5
:102A0000FFF7B4BFBDE8F840FFF7B4BE03290CD010
:102A1000F8BD71B10429FBD1FFF78EFF84F8106176
:102A2000F8BDBDE8F840FFF7F5BE002380F810318F
:102A3000F8BDD0F80871002FEAD03B7A90F816C1A3
:102A400090F843E0112B11D8414A012101FA03F01B
:102A5000024052B30A2B21D0C3B184F8156120463D
:102A6000FFF740FE032384F81031F8BD394A3A4994
:102A70003A486B230DF0FDFA002383F31188BFF36E
:102A80006F8F0323184602DF3B7AE3E7EB7F87F87B
:102A90004C302046BDE8F840FFF76CBE2046FFF7FB
:102AA00021FE052384F81031F8BD10F4386FDDD015
:102AB0000A2BF3D0002BE9D0BCF1000F01D10E4658
:102AC000CBE71EF0800F12D1BCF1010F22D0BCF178
:102AD000020F9DD12046FEF713FA3B7A027A9A4202
:102AE00022D0082A1ED02A2384F86031F8BDBCF118
:102AF000010FECD12046FEF703FA08B1FF22C272A3
:102B0000012384F815312046FFF7ECFD032384F8F8
:102B10001031F8BDEB7F84F817312046BDE8F8404E
:102B2000FFF778BE092BDED1232384F86031F8BD8E
:102B3000084A094909484FF443730DF09AFA0023F3
:102B400083F31188BFF36F8F0323184602DFF8BDAC
:102B50007FF40300C89C0300E09203000892030086
:102B600038B50C468969054610461A46237AF1B1F4
:102B70000C2B57D8DFE803F00D070707073C3C484C
:102B80004242074E070021462846FEF705F9A16993
:102B900021B10B792D2B1CBF0023A361A37B2BB18B
:102BA00021462846BDE83840FFF754BD38BDA26134
:102BB00020610C2B36D801A151F823F0212C020002
:102BC000872B0200872B0200872B0200872B020035
:102BD000F12B0200F12B0200092C0200FD2B020058
:102BE000FD2B0200872B0200152C0200872B020010
:102BF00021462846FCF796F8A169C9E721462846F0
:102C0000FFF77CFCA169C3E721462846FCF714FEC8
:102C1000A169BDE721462846FFF7A2FCA169B7E7F5
:102C20001146B5E7084A094909484FF4A1730DF068
:102C300020FA002383F31188BFF36F8F0323184614
:102C400002DFA169A4E700BFC89C0300E092030073
:102C50000892030038B50B7A072B0C4605460ED0B8
:102C60000C2B01D1FEF79EF8A37B002262612BB1F1
:102C700021462846BDE83840FFF7ECBC38BDFCF7DC
:102C8000FDFDF1E738B50B7A072B0C46054608D059
:102C9000A37B2BB121462846BDE83840FFF7DABCBC
:102CA00038BDFCF7EFFDF3E70422002380F8102184
:102CB000A0F81231704700BF00220121FFF790BE3B
:102CC00000220221FFF78CBE00220321FFF788BEFD
:102CD00000220421FFF784BEF0B5044683B00E46FF
:102CE00015467BB1D37F1B2B31D8DFF898C090F805
:102CF00043100CEB4307C9097F781AB201238B40BC
:102D00003B402BD11846FCF7AFFF0746E8B1002344
:102D10000360D4F80C31E3B11860C4F80C012A4602
:102D200000212046FFF75CFEBB7B1BB139462046E5
:102D3000FFF790FCD4F8081139B12B4632462046F3
:102D400003B0BDE8F040FFF70BBF03B0F0BD0023B8
:102D5000D8E7C4F80801C4F80C01E0E71CF8123009
:102D60000A2BCFD10193FFF7E7FD0022A4F812212F
:102D700084F8152184F810212046FEF7E7FA019B1C
:102D8000C0E700BF109D030010B50446FFF7D4FD57
:102D90000023A4F8123184F8153184F8103110BDE5
:102DA00010B50C4630B994F884316FF3000384F801
:102DB000843110BD0A4A0B490B4840F2A2230DF0A2
:102DC00058F9002383F31188BFF36F8F032318464C
:102DD00002DF94F884316FF3000384F8843110BD6E
:102DE000489D0300909D03000892030000B97047BE
:102DF00008B5084A0849094840F29A230DF039F904
:102E0000002383F31188BFF36F8F0323184602DF7B
:102E100008BD00BF489D030080970300089203008F
:102E2000012800D0704710B50C46F8F749F88442E5
:102E30000ED0084A0849094840F292230DF019F9CA
:102E4000002383F31188BFF36F8F0323184602DF3B
:102E500010BD00BF489D0300A49D0300089203001D
:102E60002DE9F843099C9DF820900546208E4FF6E9
:102E7000FF71884225D02946204690461F46FBF721
:102E8000DBF8F0B926780136F6B226705EB31D493C
:102E90001D4B0F8104F11C000022C860C1E90058DD
:102EA00081F80A90996001201146F5F76BFC50B942
:102EB000FF20FBF7F5F82046FF21BDE8F843FBF7BC
:102EC000C7B9BDE8F883114A114912484FF413738A
:102ED0000DF0CFF8002383F31188BFF36F8F032326
:102EE000184602DFE4E7094A0B490A4840F23F234B
:102EF0000DF0BFF886F31188BFF36F8F03231846D8
:102F000002DFC4E7F055002058070020489D030069
:102F1000BC92030008920300AC960300438F43B1B8
:102F200010B590F8843113F0010488B002D008B0D5
:102F300010BD7047124A43F0010380F88431033119
:102F40000123CDE90442CDE902430690CAB2CDE99E
:102F50000044234603212046F6F74EFF10F0FD0FF4
:102F6000E5D0084A0849094840F205230DF081F8E8
:102F700084F31188BFF36F8F0323184602DFD6E76F
:102F8000A12D0200489D0300EC9703000892030066
:102F900038B50C461546FAF7D3FC48B11CB1BDE86C
:102FA0003840FDF74DB82946BDE83840FDF722B856
:102FB000022038BD38B50C461546FAF7C1FC58B1A9
:102FC00090F94330002B05DA2A462146BDE8384007
:102FD000FCF744BF0C2038BD022038BD064B074A21
:102FE00010B41F204FF0FF3425211C6018711170A0
:102FF0005DF8044B704700BF00560020B5730020F9
:1030000030B5044600789DF80C5002FB01111F4AB0
:10301000014482FB01020A44521102EBC20002EB9E
:1030200080028A1AD0B2C1082070595C02F00702EF
:1030300041FA02F212F001021FD1B0FBF5F405FBD8
:103040001404E4B25D1E1046043300F1080E15F8B6
:10305000011F5FFA8EFE024611F0010F02F1010C12
:103060004FEA510102D04CB1013CE4B25FFA8CF25C
:103070007245F1D110469D42E7D130BDC11D891A7C
:10308000C9B207291046F6D830BD00BFA7C867DD12
:103090004288008850407047F0B5344D344C484069
:1030A0004FF0030C060A5FFA80FE0EEB8E2E06EB45
:1030B000862004EA401705EA400605EA4E0004EAC5
:1030C0004E1E3E4340EA0E0000EB002706EB062EA4
:1030D00006EB0E2600EB0720360CC0F3074040EA53
:1030E000062000EB00100CF1FF3C08441CF0FF0C24
:1030F00080B2D7D141401F48A0FB01400C1A00EB21
:103100005400400900EBC00400EB8400081AC0F32F
:10311000C40400F00705145D2C41E407C0B21CD4C0
:1031200001FB03F3561EC3F307430432604600F16C
:10313000080516F801CFEDB201461CF0010F01F1B0
:1031400001044FEA5C0C02D043B1013BDBB2E1B2B7
:10315000A942F2D108469642E9D1F0BD0730401AA3
:10316000C0B207280846F6D8F0BD00BF1021020003
:10317000408408004D91CFBA1A491B482DE9F0410F
:103180000023451EA1F1020C012606E00133082BA5
:1031900001F1060100F1280022D003EB830215F8AB
:1031A0003220D407F2D59CF800409CF801E0D0F81A
:1031B0000080C2F3801206FA03F79A4001333C43C1
:1031C0004EEA020287888F80082B8CF800408CF82A
:1031D000012001F1060141F8068C00F12800DCD144
:1031E000BDE8F0810E560020F95600202048214A03
:1031F0002DE9F047204FDFF884800023951EA0F1D1
:10320000020C012615F83310C90706FA03F926D572
:103210003C7812F8011C4CB1072901EB810405D858
:1032200018F834104C0701D5C90618D515F8331015
:103230009CF801E09CF80040D2F800A0C1F34001E6
:1032400099404EEA010144EA0904B2F804E08CF81E
:1032500000408CF80110A0F804E0C0F800A0013391
:10326000082B00F1060002F10802CBD1BDE8F0877F
:103270007A5800203A580020B7730020F8560020F2
:103280000820704738B50020FAF726F8C8B90E4C68
:103290000E4D621E14F83030072B03EB830105D866
:1032A00015F831306FF3451305F8313012F830302E
:1032B0006FF3000302F8303001300828EAD1002013
:1032C00038BD0C2038BD00BF39580020F85600200A
:1032D0002DE9F04F804683B00020F9F7FDFF00286C
:1032E00075D198F80030FF2B054663D03D4E08F1AC
:1032F00001094FF0FF0A0446B71E03F0010B06E078
:1033000059455AD00134082C06F108060FD017F899
:103310003420C2F34001D207F2D4BAF1FF0F08BF44
:103320005FFA84FA0134082C06F10806EFD1BAF1ED
:10333000070F52D817F83A2063F3410207F83A20F2
:10334000022314FB0A34D8F801303B513C44B9F84D
:103350000430A38098F800B0234C0BF0010B661EDC
:1033600004E00135082D04F1280434D005EB850371
:103370004FEAC30816F83330C3F38012DB07F0D5E9
:103380005A45EED120460622494613F0BFFE0028DA
:10339000E7D116F8083043F0200306F80830EDB204
:1033A00017F83A3007EBCA0243F0010307F83A3046
:1033B0005570002003B0BDE8F08F30460622494624
:1033C000019313F0A3FE019B00289BD1F1E70C2091
:1033D00003B0BDE8F08FFF25E2E7072003B0BDE8AA
:1033E000F08F00BF3A580020F95600202DE9F04137
:1033F00006460020F9F770FFC8BB96F80080B8F1C8
:10340000FF0F04462ED01B4D0136AF1E08F00108F9
:1034100004E00134082C05F1080525D017F83430F4
:10342000C3F34002DB07F4D54245F2D10622284619
:10343000314613F06BFE0028EBD107EBC4035B7839
:10344000072B08D80C4A03EB830312F8331060F300
:10345000451102F8331017F834306FF3000307F802
:1034600034300020BDE8F0810220BDE8F0810C205E
:10347000BDE8F0813A580020F856002007282DE9D1
:10348000F8430446884615461BD81D4E04EB8403BA
:103490004FEA840916F8333013F0010721D0A14414
:1034A000012216F83930C3F3801388F8003028233E
:1034B00013FB0423F218F3582B609388AB80BDE80C
:1034C000F883104A104911484FF48C730CF0D1FD69
:1034D000002383F31188BFF36F8F0323184602DFA5
:1034E000D3E7084A0A49094840F219130CF0C1FD14
:1034F00087F31188BFF36F8F0323184602DFCEE7EF
:10350000F8560020D49D0300189E03000892030083
:10351000249E03000820704710B50020F9F7D0FE64
:1035200088BB1A4B1A4C197893F82820207060F346
:10353000000160F30002197083F8282093F85010FE
:1035400093F8782060F3000160F3000283F85010D4
:1035500083F8782093F8A01093F8C82060F3000156
:1035600060F3000283F8A01083F8C82093F8F010ED
:1035700093F8182160F3000160F3000283F8F01063
:1035800083F8182110BD0C2010BD00BFF856002094
:10359000B67300202DE9F04F83B083460020CDF8AC
:1035A00000B0F9F78DFE002856D11BF8012BDFF88B
:1035B0003481019202F00103044608F1FF391E46EE
:1035C00004E00134082C08F1280841D004EB8402FF
:1035D00009EBC20519F83270FB074FEA840AC7F3FA
:1035E0008012EED5B242ECD140460622594613F085
:1035F0008DFD0028E5D13E467607019A07462FD477
:10360000354D02F00108AE1E04E00137082F05F128
:10361000080512D016F83730C3F34002DB07F4D5A3
:103620004245F2D106222846594613F06FFD002884
:10363000EBD106EBC706FF237370A244002019F8F4
:103640003A306FF3000309F83A3003B0BDE8F08F69
:10365000022003B0BDE8F08F0C2003B0BDE8F08F6E
:10366000DFF884C09CF800305E1E023B062BF6B2E9
:1036700003D895F81780B04502D18CF80060BFE7F9
:10368000164A019002EB061302EB081215460FCB07
:10369000DFF858E085E80F003D4605EB850309EBB0
:1036A000C30219F83330D80705D5590703D59EF85A
:1036B0001730B34207D00135082D0EF1280EECD19A
:1036C000009B1A78D9E7009B82F817801A78044B80
:1036D00003F80850D1E700BF3A5800207856002080
:1036E00070560020F9560020B6730020F8560020CE
:1036F0002DE9F8431D465B7903F0C003402B01D050
:10370000BDE8F8830F46F1B1DFF8A890002400F07F
:10371000010609F1FF3804E00134082C09F12809F9
:10372000EED004EB840318F83330D907C3F38012CA
:10373000F2D5B242F0D106224846394613F0E6FCF3
:103740000028E9D1E2B2072ADAD8DFF86C8002EB70
:10375000820318F83330DB07D2D502EB8202D400A3
:1037600004F11803286848F8030008EB0309AB8844
:10377000A9F80430002601E0052EC1D0B0B2FAF756
:10378000DFF8013606224946054600F2B117002847
:10379000F2D0384613F0BAFC0028EDD1013408EB22
:1037A000040358F80420C5F8B1219B88A5F8B53169
:1037B000A6E700BFF9560020F85600202DE9F84F83
:1037C00082461A4E1AF8018B8946002408F0010837
:1037D000771E03E0082C06F128061BD004EB8402B8
:1037E000D50017F83230C3F38012DB0704F101046F
:1037F000F0D54245EED106225146304613F086FC04
:1038000083460028E6D118357C1906212046F4F7B6
:1038100027FF10B90220BDE8F88F7859C9F80000D9
:10382000A388A9F804305846BDE8F88FF95600205F
:103830002DE9F0478246174E1AF8018B894600247D
:1038400008F00108771E03E0082C06F128061DD0B9
:1038500004EB840207EBC20517F83230C3F3801281
:10386000DB0704F10104EFD54245EDD106225146B4
:10387000304613F04BFC0028E6D16B6A1A68C9F891
:1038800000209B88A9F80430BDE8F0870220BDE83D
:10389000F08700BFF956002010B504460020F9F764
:1038A0000FFD40B91CB1012C01D0122010BD034BFB
:1038B0001C70002010BD0C2010BD00BFB77300208D
:1038C000034B4FF47A7202FB00F01860704700BFA0
:1038D000085600202DE9F047824600208846F9F777
:1038E000EFFC90BB1D4E1AF8019B044609F001093C
:1038F000771E03E0082C06F1280620D004EB840292
:10390000D50017F83230C3F38012DB0704F101044D
:10391000F0D54A45EED130460622514613F0F6FB6B
:103920000028E7D1B8F1000F12D0B8F1010F09D18A
:103930007B5D43F010037B550020BDE8F08702203B
:10394000BDE8F0871220BDE8F0870C20BDE8F087C5
:103950007B5D68F304137B55EEE700BFF95600204A
:10396000034A044B002814BF10461846704700BF96
:10397000785800200C560020A8B110B50B4A1268E8
:103980004FF4004340F2E7300021E2FB03014FF423
:103990007A720023E8F7B4FBBDE8104002460B46FC
:1039A000034809F019BD024812F0E7BF085600208D
:1039B000D02B002008B5094B00221A8030B9084BE3
:1039C000084A1B78002111801BB908BDFFF70EFCC7
:1039D000F5E7BDE80840FFF7CFBB00BF78580020EF
:1039E000B77300200C5600202DE9F04F834687B0B6
:1039F00013F042F94A0143011B1A42EAD06262EB1A
:103A00000102920042EA93729B001B1841EB0209EB
:103A10004FEAC90949EA5379C3F3103343EA4943EA
:103A20004FEAD939BBF1000F16D1644AD2E900122E
:103A3000B2F1FF3F08BFB1F1FF3F0DD06048006811
:103A4000591A69EB0202814272F10002ACBF4FF0D9
:103A5000010A4FF0000A01E04FF0010A594ECDF87B
:103A600004B0DFF874810024F71F9B460DE0254465
:103A700017F8353043F0020307F835300134082CCD
:103A800008F1060806F1280625D004EB8403A500FA
:103A900017F83330DA07F1D5BAF1000F01D19807E2
:103AA000ECD42B1917F83330590750D42B1917F8C9
:103AB00033301A07DBD502A930460DF041FB002850
:103AC0006CD1BDF80C300298A8F80430C6F81D80FF
:103AD000C8F80000CBE75B46DDF804B0BAF1000F90
:103AE00002D0364AC2E90039BBF1000F08D00020ED
:103AF000F9F7D8FB044618B194F86A305B0702D492
:103B000007B0BDE8F08F94F82630072BF8D8FF23D4
:103B10008DF8083094F8293004EB830302A9DE6A9B
:103B200004F1280001F0B6FB7278054602323146F6
:103B300013F039FC29462046F9F7DEFB9DF80830E2
:103B4000FF2BDDD084F8293007B0BDE8F08F317C41
:103B50001D4B0F2202EB01121A440DF117000DF15B
:103B6000070312F8011903F8011F8342F9D106F186
:103B7000170102A80DF0E4FA002897D0134A14495F
:103B8000144840F2F3230CF074FA002383F31188F5
:103B9000BFF36F8F0323184602DF87E70B4A0C49F8
:103BA0000C4840F201330CF064FA002383F31188CF
:103BB000BFF36F8F0323184602DF82E7002C00203B
:103BC00008560020FF56002078560020D49D0300A0
:103BD000BC920300089203004056002010B501205B
:103BE000FFF702FF0A4A12684FF4004340F2E73041
:103BF0000021E2FB03014FF47A720023E8F780FA18
:103C0000BDE8104002460B46024809F0E5BB00BF84
:103C100008560020D02B0020072815D8F8B500EB57
:103C20008003124D15F833301A0704464FEA800618
:103C3000C3F3C00007D5C3F340079B0706D526444E
:103C400005EBC603586AF8BD00207047084A0949C9
:103C500009484FF44A730CF00CFA87F31188BFF34C
:103C60006F8F0323184602DFE9E700BFF8560020F4
:103C7000D49D0300389E03000892030007280CD847
:103C800000EB8003064A12F833104B0705D52823B2
:103C900003FB002202F11E0070470020704700BFA6
:103CA000F85600202DE9F047894616460AB1FF2351
:103CB0001370154D002400F0010805F1FF3A09E0EA
:103CC0001EB13378FF2B08BF37700134082C05F183
:103CD000280514D004EB8403E7B21AF83330C3F399
:103CE0008012DB07ECD54245EFD106222846494633
:103CF00013F00CFA0028E8D13846BDE8F087FF271A
:103D00003846BDE8F08700BFF95600202DE9F04F96
:103D1000074685B000200E469046F9F7D1FA0028F4
:103D200074D1BA4604461AF8010B0DF10F02514640
:103D3000FFF7B8FF072840F2BB809DF80F90B9F15C
:103D4000070F79D809EB8902D2005B4DD7F8011033
:103D50000192531C09EB890BE9502B44BAF804106B
:103D600099803B7815F83B10009263F38611A954B3
:103D700030461021F4F774FC009BE95C60F382018B
:103D8000E95440461021F4F76BFC009B019AE95C72
:103D900000F0010060F3C30111F0040FE95405EBDA
:103DA000CB0B4FEA89034BD1002868D11832002190
:103DB000A9502A44414E918003EB090215F83210B4
:103DC00021F0120105F8321097F80080B71E08F0B4
:103DD000010804E00134082C06F108061AD017F88F
:103DE000342012F0010BC2F34001F3D04145F1D170
:103DF000304606225146009313F088F9009B0028B4
:103E0000E8D107EBC40787F8019005E00C2005B066
:103E1000BDE8F08F4FF0000B4B444FEA4B1215F802
:103E2000331042F0010221F021010A43002005F87D
:103E3000332005B0BDE8F08F072005B0BDE8F08F56
:103E4000DFF87CE0DFF87CC09EF800108BF81710DC
:103E50000CF80190DFF870B04FF0FF3C0CEB011C48
:103E600001318EF80010DC4406F10F01013E11F81B
:103E700001E90CF801EFB142F9D1002896D0D61D26
:103E8000A81903EB0901D8F800B0D8F804E0D8F875
:103E900008C0D8F80C8045F806B005EBC101C0F8A1
:103EA00004E0C0F808C0C0F80C80002048627DE73C
:103EB000122005B0BDE8F08FF85600203A580020D7
:103EC000B67300207056002078560020072807D8C7
:103ED000044B00EB800013F83000C0F3C0007047C3
:103EE00000207047F8560020024B1B7803700248F0
:103EF000704700BFB67300207856002038B5234BBA
:103F00001B78834204460DD9214B1C5D072C1CD81D
:103F1000204B04EB840213F8323013F0010524D057
:103F2000204638BD1C4A1D491D4840F287330CF01D
:103F3000A0F8002383F31188BFF36F8F0323184683
:103F400002DF134B1C5D072CE2D9134A15491448B4
:103F500040F289330CF08DF8002383F31188BFF30E
:103F60006F8F0323184602DFD2E70B4A0E490C4835
:103F700040F28A330CF07DF885F31188BFF36F8F20
:103F80000323184602DF204638BD00BFB673002069
:103F900070560020F8560020D49D0300C89F0300EF
:103FA00008920300E89F0300BC9F0300072825D860
:103FB000F8B5134F00EB8003044617F8333013F0C5
:103FC00001054FEA800605D0264417F83600C0F3F5
:103FD0004010F8BD0B4A0C490C4840F295330CF0E8
:103FE00048F885F31188BFF36F8F0323184602DF6B
:103FF000264417F83600C0F34010F8BD0020704783
:10400000F8560020D49D0300249E0300089203006C
:104010001378FF2B19D12DE9F047194D0446AE4610
:10402000002303EB830C9E0015F83CC01CF001003C
:1040300003D0CCF3801CA44509D00133082B0EF12A
:10404000280EEED10120BDE8F0870120704701F174
:10405000FF3877464FF0000C17F801AF18F8019FB2
:10406000CA450CF1010CE8D1BCF1060FF4D11E4495
:10407000137015F836305A07E5D5C3F30010E2E7A0
:10408000F8560020024B1878003818BF01207047FE
:10409000B773002000F0C0BB08B5002303F000F8A0
:1040A000002008BD10B584B0079BD3E900209047DD
:1040B000012812D004460DF10F010DF10E00F6F7A4
:1040C000ADFE0021064B00919DF80F209DF80E00DB
:1040D0000121F5F7A9FE034BDC6004B010BD00BF61
:1040E000E9400200C458002000B585B00DF10F0171
:1040F0000DF10E00F6F792FE9DF80F20064B9DF88D
:104100000E00002101320091D2B20221F5F78CFE9F
:1041100005B05DF804FB00BFB9410200F0B58DB0F9
:104120000E4605460DF12F010DF12E001C461746D7
:10413000F6F774FE9DF82FC006940CF1010C0024D4
:10414000CDE90744CDE90344CDE901449DF82E00B3
:10415000059700962B465FFA8CF20121F5F7D0FD0A
:1041600010F0FD0F0AD006480094064BC4609DF87D
:104170002F209DF82E000121F5F756FE0DB0F0BD61
:10418000C4580020E9400200019B024A3121FFF798
:10419000C5BF00BF9941020070B5059D0446F6F702
:1041A00043FE2B462046034ABDE870400621FFF738
:1041B000B5BF00BFA5400200014808F08BBE00BF9C
:1041C000AC58002008B501220021024812F0E8FA9C
:1041D000002008BDAC580020024BA0F2A462C3E945
:1041E00000207047C45800200020F5F763BD00BFD1
:1041F00008B5F5F79FFE014B986008BDC458002034
:10420000684620F007018D4601B502F0F9F8EDF798
:104210000BFBBDE801408546704700BF08B50A4B5F
:10422000D3F840213AB90120F4F70AFBBDE8084071
:104230000220F4F705BB0020C3F84001D3F8403159
:10424000F5F744FDEFE700BF00B000400020F4F7B1
:10425000F7BA00BF70B508BB214B224C1A78217801
:104260009142D3B20FD0204A2049214840F2344332
:104270000BF0FFFE002383F31188BFF36F8F03233E
:10428000184602DF23781B4E1B4D32780133237012
:104290002B78934212D033782B7070BD124A174995
:1042A000134840F22F430BF0E4FE002383F3118800
:1042B000BFF36F8F0323184602DFCDE70A4A104988
:1042C0000B4840F23A430BF0D4FE002383F31188ED
:1042D000BFF36F8F0323184602DF33782B7070BD56
:1042E000B8730020B9730020F09F030038A00300CA
:1042F00008920300BD730020BC7300208097030068
:1043000054A0030070B51A4E1A4D33782A789A4299
:1043100004460BD033782B70174E184D1CB93378E8
:104320002A789A4212D033782B7070BD144A1549FE
:10433000154840F21B430BF09CFE002383F31188C9
:10434000BFF36F8F0323184602DFE3E70C4A0F49E0
:104350000D4840F226430BF08CFE84F31188BFF326
:104360006F8F0323184602DF33782B7070BD00BFB8
:10437000BB730020BA730020B8730020B97300200B
:10438000F09F03007CA0030008920300A4A0030098
:1043900002F044B938B5194C194D237829788B426D
:1043A0001AD0184B217000220599996001201146FE
:1043B000F4F7E8F900B938BD134A1449144840F23B
:1043C000B3430BF056FE002383F31188BFF36F8FC6
:1043D0000323184602DF38BD0B4A0E490C4840F251
:1043E000AD430BF046FE002383F31188BFF36F8FBC
:1043F0000323184602DF2978D3E700BFB8730020F3
:10440000B973002068070020F09F0300DC930300CD
:1044100008920300C0A003002DE9F04F494A4A4F1B
:1044200012783B789A428BB00C4605D1474B484AEC
:104430001B7812789A4271D0E368D4F800801B6828
:10444000DFF83091DD68D3E9012191422CBFC5EB43
:104450000105C5EB020508EB050626F07F46D9F8F5
:1044600000103046F5F768FD10F4000002D10BB0E3
:10447000BDE8F08F374A384B11781A78914232D123
:10448000324A33491278097891422CD01A78013295
:104490004FF0000AD2B21A705146304BCDF800A04E
:1044A00052465046F5F7C0FC10F0FD0F1BD02C4AC9
:1044B0002C492D4840F29F430BF0DBFD8AF3118815
:1044C000BFF36F8F4FF0030B584602DF244A254994
:1044D000254840F267430BF0CCFD8AF31188BFF307
:1044E0006F8F584602DFE368C9F8006006931F4BE0
:1044F0000022CDE907321E4BCDE90222CDE904238B
:10450000CDE900523C780134E4B2434611461046EE
:104510003C70F5F7F5FB0BB0BDE8F08FC368D0F841
:1045200000801A68DFF84C90D568D2E90110884203
:104530002CBFC5EB0005C5EB010508EB050626F011
:104540007F46D1E7BC730020BD730020B873002004
:10455000B9730020BA730020BB730020054302002A
:10456000F09F0300C095030008920300554202002B
:1045700095430200DC580020804A9368002B7ED0CF
:104580002DE9F04F136889B082467BB14FF0FF33BD
:104590008DF80A3003E0067F16F0030609D00DF10E
:1045A0000A00F6F7E5FD05460028F4D109B0BDE89C
:1045B000F08FC368534576D00768B146B04602E035
:1045C000037F990722D00DF10A00F6F7D1FD0446CA
:1045D0000028F5D1B8F1000F08BFA8464146404673
:1045E000FFF71AFF30F00203E0D0654A65496648DC
:1045F00040F2FA430BF03DFD84F31188BFF36F8F57
:104600000323184602DF09B0BDE8F08FC368B9F193
:10461000000F0ED0534527D0D4F800B03946584685
:10462000F5F78AFC00F4000000281CBFA0465F4696
:10463000C9E79A458146EFD12B7FE96843F0020331
:104640002B772846AB699847FF238DF80A3003E0A3
:10465000037F13F0030413D00DF10A00F6F788FD71
:1046600005460028F4D1A1E72B7FE96843F0020357
:104670002B772846AB699847A14587D1E4E7704777
:10468000C36853450FD03E4A40493F4840F21D534E
:104690000BF0EFFC84F31188BFF36F8F03231846F0
:1046A00002DFD5F80CA0354A50465368116803AABA
:1046B00098470446F0B110F1100F3FF477AF2F4A3E
:1046C000002093681168984714F10B0F1BD08C34AD
:1046D0003FF46CAF2A4A2E492B4840F25A530BF054
:1046E000C8FC002383F31188BFF36F8F03231846A0
:1046F00002DF5BE72B7FAA69E96843F002032B77AF
:104700002846904752E70224FF258DF80B500DF103
:104710000B00F6F72DFD98B1037F9A07F7D40EB979
:10472000DB07F4D4154AC36811689942EFD1037FBF
:1047300043F002030377836998478DF80B50E6E74F
:104740000126B44201D03446DFE70C4D039B2868B4
:1047500000940021CDE9041106910790296004AA74
:10476000D5E90101F6F7BCFC044600287FF41EAF32
:10477000034A084904484FF4AB633BE7E058002084
:10478000F09F0300C095030008920300DCA0030023
:1047900008A1030000A1030010B5154811F00DFE9B
:1047A00010B3144B00249C6000F03EFB00281ADB81
:1047B000214601202246EDF74FFA22460B20012127
:1047C000EDF74AFA224621461820EDF745FA012076
:1047D000EDF712FA0B20EDF70FFA1820EDF70CFAAF
:1047E00001F03EFE204610BD6FF0120010BD00BF6C
:1047F0008C770300E058002008B500F025FB002866
:1048000009DB0120EDF706FA0B20EDF703FA18207B
:10481000EDF700FA002008BD034603488AB21946A6
:1048200083681B68184700BF8C77030030B4074DBE
:10483000AB685C6834B18AB2A446014600232846BE
:1048400030BC60476FF0850030BC70478C77030048
:1048500030B4074DAB685C6834B18AB2A4460146F7
:104860000023284630BC60476FF0850030BC70479D
:104870008C7703000020704730B5254B83B0044689
:1048800070B31A68824225D0FF250DF107008DF81C
:104890000750F6F76DFC38B91AE0A1420AD00DF1C5
:1048A0000700F6F765FC98B1037F9B07F7D4C16852
:1048B000002CF2D1037F826943F002030377904713
:1048C0000DF107008DF80750F6F752FC0028EBD1E8
:1048D00003B030BD9D6865B101460020A847D3E70D
:1048E0009D68002DD0D019680029CDD00020A847A0
:1048F000CAE7084A0849094840F2BF130BF0B9FB60
:1049000085F31188BFF36F8F0323184602DFBBE7DF
:10491000E0580020F09F030014A103000892030058
:104920000020704738B50446F6F714FC64B105461C
:1049300020B324680020F6F735FC2046F6F7D8FCB3
:10494000044658B1002038BD1B4DAC682CB32C6810
:104950000023AB602B60002CEBD1EBE7174A184922
:1049600018484FF40C730BF084FB84F31188BFF3E9
:104970006F8F0323184602DF002038BD0F4A12490B
:10498000104840F2F9130BF074FB85F31188BFF364
:104990006F8F0323184602DFCBE7084A0B4909480B
:1049A0004FF4FF730BF065FB84F31188BFF36F8F37
:1049B0000323184602DFCAE7E0580020F09F0300F7
:1049C00040A10300089203001CA103002CA10300D6
:1049D000D0E90132002A04DB9A4238BF1A46104659
:1049E0007047C068984238BF1846704710B51446E3
:1049F000F5F7A0FA2146F5F79FFA034610F40000F8
:104A000004D10333092B88BF184610BD002010BD08
:104A1000262810B504461CD0272812D0252808D0F7
:104A20000A281ED9272821D80330400001F066FD4E
:104A300002E0022001F062FD2046BDE8104001F0D6
:104A400063BD502001F05AFD2046BDE8104001F042
:104A50005BBD1A2001F052FD2046BDE8104001F078
:104A600053BD0230400001F049FDE5E7074A08491F
:104A7000084840F2A2230BF0FCFA002383F31188CC
:104A8000BFF36F8F0323184602DFD5E7F09F0300C3
:104A9000E09203000892030001F094BD01F09ABD7A
:104AA00008B501F0BBFDBDE8084001F023BF00BF21
:104AB00008B501F0B3FD01F01DFFBDE8084001F0AD
:104AC000C1BE00BF08B501F0A9FD01F013FF01F060
:104AD000F7FE02F0FBF8BDE8084001F0B3BE00BFEE
:104AE00008B50146184801F09BFC01F0CDFD60B10E
:104AF00001F096FF01F0ECFC00F0EAF900280EDB73
:104B0000BDE808400020FFF70DBF01F071FD01F086
:104B100087FF01F0DDFC00F0DBF90028F0DA0B4A3A
:104B20000B490C4840F21E330BF0A3FA002383F329
:104B30001188BFF36F8F0323184602DF0020BDE802
:104B40000840FFF7EFBE00BF91430200F09F030053
:104B500048A103000892030010B5044601F05EFD71
:104B600001F0C8FE01F0ACFE02F0B0F801F06AFE00
:104B70002046BDE81040FFF7B3BF00BF08B50146AF
:104B8000144801F04DFC01F07FFD40B100F0A0F9A8
:104B900000280ADBBDE808400020FFF7C3BE01F093
:104BA00027FD00F095F90028F4DA0B4A0B490C4870
:104BB00040F22D330BF05DFA002383F31188BFF32D
:104BC0006F8F0323184602DF0020BDE80840FFF77F
:104BD000A9BE00BF91430200F09F030048A103005B
:104BE000089203002DE9F04F89B01F46FF239DF87E
:104BF00048B08DF81F3080468946924602E0037F18
:104C00009C0722D00DF11F00F6F7B2FA0028F6D16A
:104C1000684DAB680446002B40F08180FB682B6038
:104C2000C5E901893846D047054603E0037F13F004
:104C3000030356D00DF11F00F6F79AFA014600283B
:104C4000F4D1284609B0BDE8F08F05683E689DF8AC
:104C50001F300593044629463046F5F76DF9BBF140
:104C6000000F01D1010254D4BC4214BF26460026D5
:104C700002E0027F920724D00DF11F00F6F778FAC8
:104C80000028F6D14B4D059B8DF81F30AB68002BEB
:104C900046D1002E44D1002CC0D0BBF1000F66D10C
:104CA000BC42BBD0444A4549454840F2B2330BF0C0
:104CB000E0F98BF31188BFF36F8F0323184602DFEF
:104CC000ACE702680490294610460392F5F734F9E0
:104CD000039A049B00F4000000281CBF15461E46E2
:104CE000CAE71C46FFF798FB30F00203A9D0324A0E
:104CF0003449334840F2D2330BF0BBF984F31188C6
:104D0000BFF36F8F0323184602DF284609B0BDE8C2
:104D1000F08FFF23354605935C465E46ACE726469A
:104D20004946CDF800B053463A464046F6F7D8F922
:104D3000014638B3BBF1000F16D1002E35D03046F6
:104D4000FFF76AFB30F002030ED01B4A1D491C48D6
:104D500040F28D330BF08DF9002383F31188BFF3FC
:104D60006F8F0323184602DF6FF0760569E7CDF8F1
:104D700000B053463A4649464046F6F7B1F9064672
:104D80000028F1D10C4A10490D4840F27B330BF05A
:104D900070F9002181F31188BFF36F8F0323184648
:104DA00002DFBBF1000FC8D0DEE7002C14BF26469F
:104DB0000E46C4E7E0580020F09F03005CA103000A
:104DC00008920300C095030054A1030001F11000F4
:104DD00008F080B870B505468AB00C460122002163
:104DE00004A811F0DDFC0F4B019300260323694654
:104DF0002846039602930BF040FA002810DB4FF48C
:104E00000043314640F2E730E4FB03014FF47A728D
:104E10000023E7F775F902460B4604A808F094F85A
:104E20000AB070BDCD4D020010B5012003F0D8FED0
:104E30000449002301244B608C60CB60BDE8104026
:104E40000BF01BBAF058002010B5012003F0C8FE8B
:104E5000044904460BF08CFA2046BDE810400BF0E4
:104E600063BA00BFF05800200C4B1A780AB100203A
:104E7000704710B50120187003F0B2FE4FF4FA71BC
:104E80000446FFF7A7FF38B920460BF04DFA022879
:104E90000CBF00206FF0040010BD00BFBE730020E7
:104EA00008B50A4BBFF35B8F53E8002F511C43E852
:104EB00000100028F8D1BFF35B8F002A01DD00202D
:104EC00008BD03F095FE002008BD00BFEC5800208F
:104ED00008B50C4B1A68002A11DDBFF35B8F53E84D
:104EE000002F511E43E800100028F8D1BFF35B8F5C
:104EF000012A01DD002008BD03F090FEFAE76FF003
:104F0000770008BDEC58002032207047014B33F881
:104F10001000704790A1030010B50446FFF7D2FDC2
:104F200001F0C4FC2046BDE81040FFF7D9BD00BF2A
:104F300030B583B00546FFF7B3FD962001F0EAFCDB
:104F4000002318461A46194601F00EFC0120F6F718
:104F50006BF80446002845D004F11C0001F026FB44
:104F600001F072FBE0B92748294601F059FAFFF732
:104F700089F860BB01F0A8FD00210446084601F055
:104F80002BFB00210546084601F022FB2C44CB34C4
:104F9000201A01F051FD03B0BDE8304001F086BD9C
:104FA000194A1A491A4840F29C430BF062F8002350
:104FB00083F31188BFF36F8F0323184602DF114874
:104FC000294601F02DFAFFF75DF80028D2D00DF147
:104FD0000700FEF789FF002201469DF8070001F057
:104FE00033FEC7E7084A0B4909484FF493630BF0B7
:104FF00040F884F31188BFF36F8F0323184602DF54
:10500000AAE700BFBD560200A0A10300F4A103005F
:1050100008920300ECA10300814208B50ED00B7A80
:10502000DB0702D46FF08B0008BD134B1360FFF752
:1050300037FF00280FDB6FF00A0008BD0B7B01EB88
:1050400083010B691B7803F00F03012B14BF6FF072
:105050008B00002008BD094A09490A4840F2514323
:105060000BF007F8002383F31188BFF36F8F03233E
:10507000184602DFDFE700BFC5540200A0A103000D
:1050800048A103000892030010B50446FFF71AFD7B
:1050900001F00CFC2046FFF723FD0C4B0021012200
:1050A00008469C60F3F76EFB00B910BD084A094939
:1050B000094840F2B1530AF0DCFF002383F3118862
:1050C000BFF36F8F0323184602DF10BD780700205F
:1050D000A0A10300DC9303000892030010B5E8B11F
:1050E0000C46FFF7F5FE002804DB2046BDE8104023
:1050F000FFF718BC0D4A0E490E4840F277430AF0FC
:10510000B8FF002383F31188BFF36F8F0323184682
:1051100002DF2046BDE81040FFF704BC064801F05E
:105120007FF9BDE8104001F063BA00BFA0A1030001
:1051300048A1030008920300194F0200084B042203
:1051400010B598182821F3F723FA064B00249C8108
:1051500002222146044811F023FB204610BD00BF67
:10516000305900202059002008590020084B042203
:1051700010B598182821F3F70BFA064B00249C81F0
:1051800002222146044811F00BFB204610BD00BF4F
:1051900030590020205900200859002010B504463D
:1051A0000548F3F71BFA20B10346002058706360EE
:1051B00010BD6FF00B0010BD3059002003460020D9
:1051C000187058709860704738B52B4D2B7B6A7BF0
:1051D0009A4202D055F8234034B92848F3F7FEF933
:1051E000044680B1204638BD254807F0D3FE2B7B0E
:1051F0006A7B9A42F6D00133DBB2032B08BF00234F
:105200002B73204638BD1E484FF42032002307F090
:105210009BFE90B91A4807F0BDFE2A7B6B7B934238
:105220001AD0531CDBB255F82220032B08BF0023F1
:105230002B738AB11446204638BD124A12491348CE
:105240004FF4DB730AF015FF84F31188BFF36F8FFF
:105250000323184602DFDDE70A4A0D490B4840F2F6
:10526000BB130AF006FF002383F31188BFF36F8F8F
:105270000323184602DFB5E72059002030590020EB
:1052800008590020A0A10300BC920300089203006B
:1052900008A2030010B5027843789A4214D0D4B221
:1052A00044700278944204D05A1C4370D3B2022B4B
:1052B0000ED01A4600EB82040B70606800B110BD7E
:1052C000FFF782FF606010BD0133DBB2022BF0D12B
:1052D00000221346EEE700BFF8B502784378934208
:1052E000044625D0D5B2154A00EB8507507B92F8CD
:1052F0000CC0431CDBB2032B08BF00239C450E46A9
:10530000796806D042F8201053730D4807F0E2FD8B
:1053100000216B1CDBB2022B0ABF00221A46134687
:1053200079602370012104EB820431706068F8BD5C
:105330001A4604EB82046068F8BD00BF20590020C3
:105340000859002070B5057AC5F302150446002DF2
:1053500095FAA5F0B0FA80F008BF4FF0FF3082B0A8
:1053600000F1010646D0227A6B1E2B4063F3061231
:1053700006F124002272FFF74BFB00230DF1070119
:1053800004F10C008DF80730FFF7A6FF0546002852
:1053900042D0284601F010F92B7803F00F03022BBE
:1053A0001FD00DF1070104F11800FFF795FF064625
:1053B000002840D09DF8073063B92146254801F008
:1053C0002FF8962001F0A6FA002002B0BDE8704048
:1053D00001F082B9D5F80230C6F80230EB88F380CC
:1053E000EBE71D48214601F01BF802B0BDE8704014
:1053F00001F01ABA194A1A491A4840F2BC530AF085
:1054000038FE85F31188BFF36F8F0323184602DF40
:10541000257AC5F30215A6E7104A1349114840F250
:10542000C5530AF026FE85F31188BFF36F8F03235F
:10543000184602DFADE7094A0C490A4840F2CF534B
:105440000AF017FE86F31188BFF36F8F0323184607
:1054500002DFAFE7314F020071540200A0A1030048
:105460000CA203000892030014A2030018A2030078
:1054700010B5044601F006F9FFF724FB237A03F088
:105480007102012A05D1C3F3420262F306132372AB
:10549000DBB213F0700F05D0636853B193F82C3072
:1054A0009B0706D501F002FA2046BDE81040FFF741
:1054B00017BB2046FFF746FF01F094F8BDE8104007
:1054C00001F0F4BA70B5C36804461E68F4F732FD03
:1054D00005463046FFF77CFA00232D1AC4E9005335
:1054E00023812046BDE87040E8F786BB10B582B046
:1054F0000446FFF7D5FC00281CDB164A164917485E
:1055000000940023F5F722FF08B1773001D102B0F3
:1055100010BD134A1349144840F2AF230AF0A9FD05
:10552000002383F31188BFF36F8F0323184602DF34
:1055300002B010BD0A4A0D490B484FF42B730AF014
:1055400098FD002383F31188BFF36F8F0323184660
:1055500002DFD2E7F9DB0000DD5002001950020043
:10556000A0A10300309403000892030048A10300A7
:105570002DE9F0410D46417A9DF818801746CA077B
:105580001E4609D5B8F1000F17D02B78B7EBD31F03
:105590001AD00020BDE8F0812946044611F8020B1C
:1055A000079AC0F38010FEF733FD0028EDD1637A2F
:1055B000DB07EED5B8F1000FE7D1079B1878FEF7AF
:1055C000F5FC0028E1D1E4E7062205F108013046A8
:1055D00011F09CFDB0FA80F04009BDE8F08100BFF9
:1055E0002DE9F84F1F460B9B9DF828909DF83050F1
:1055F00006460C4692466BB9437A03F00303012B2F
:105600002CD9002D3AD02378BAEBD31F4AD00020F2
:10561000BDE8F88F88460D9A18F8020BC0F3801089
:105620004146FEF7F5FC0028F2D094F800B0BAEB42
:10563000DB1FECD104F108013846062211F066FDAB
:105640000028E4D10D9B1B78FF2B1ED0B27AFF2AD5
:105650001BD0981AB0FA80F04009D9E711F8020B74
:105660000D9AC0F38010FEF7D3FC0028CBD1737ADB
:1056700003F00303012BCAD9002DC4D10D9B187868
:10568000FEF794FC0028BED1C1E7CBF3801BCB45CD
:10569000BDD10B980622414611F038FDB0FA80F0DA
:1056A0004009B5E7062204F10801384611F02EFD45
:1056B000B0FA80F04009BDE8F88F00BF2DE9F0474F
:1056C0008AB0044600F0D4FFC0B250B9FFF7FAF92F
:1056D0007D48214600F0A4FE0AB0BDE8F04700F086
:1056E00087BF00F0E7FF054601F0F4F8824601F0BD
:1056F000FBF801F003FB064601F0E2FAEDB280464A
:1057000001F0AAF8FFF7DEF9002DE1D016F0FF0650
:105710007AD1FF2301208DF82730F5F785FC054667
:10572000002800F0A480237B95F81C8004EB830301
:1057300008F00F081F693B4605F11C0113F8020B26
:1057400000F00F0CBCF1010F0CBF07F108094FF07E
:105750000009B8F1030FC0F380125FFA8AFA4FEA2A
:10576000D01759D0B8F1050FB2D1687F2228AFD138
:1057700060680028ACD090F82C5015F00205A7D135
:105780000DF127000390CDE9019A00972046FFF71D
:1057900027FF00289CD00420F5F746FC002897D06E
:1057A0004A48214600F03CFE00F022FF00F04CFF8A
:1057B00000284DD1626892F82C3043F0010382F842
:1057C0002C30F5F74BFC17224FF6FF730271C380A4
:1057D0008460054601F01EF9286101F06FF900218F
:1057E0000446084600F0F8FE241A6C6196B19DF854
:1057F00027306B76F5F732FC2946E8602868F5F724
:1058000057FC0AB0BDE8F0875FFA88F0FEF776FB38
:1058100003467FE7FF23ECE7687F0C287FF458AF4F
:10582000B9F1000F7FF454AF0DF127000190CDF8CE
:1058300000A02046CDE906230591FFF799FE28BB7D
:1058400095F81C80079BDDE9051208F00F0889E731
:105850001F4A2049204840F25F630AF00AFC85F3A2
:105860001188BFF36F8F0323184602DFA2E7184A9F
:105870001A49194840F2FF530AF0FBFB85F31188DF
:10588000BFF36F8F0323184602DF4CE70E48214613
:1058900000F0C6FD00F0C8FF237E04EB8303D86947
:1058A00000F08AFE00F0D0FE0028AAD0084A09497C
:1058B00009484FF4C3630AF0DCFB89F31188BFF396
:1058C0006F8F404602DF9CE771540200895002004E
:1058D000A0A10300F4A1030008920300ECA10300BF
:1058E000F8B50546FFF7EEF8F5F7F4FC0446002896
:1058F0003FD0274B274A1B781178A27926485B00B6
:1059000001F0010103F002030B4322F003021343F1
:10591000224A01881278A18001202070A37122728E
:1059200019B195F92730002B04DB2846BDE8F84073
:10593000FFF7D6B895F82C30C3F30213022B16D01C
:10594000042B0CBF4FF4BC77282701F0A3F80646C0
:1059500001F0A6F8361AE660EA6BC4E904270023D2
:10596000EB636B642846BDE8F840FFF7B9B8182729
:10597000EBE70B4A0B490C484FF478730AF079FBBC
:1059800084F31188BFF36F8F0323184602DFB0E75B
:10599000C0730020C1730020DA710020BF730020A3
:1059A0005CA20300C49903000892030008B500F04C
:1059B0008BFE02780346012161F301021A70002078
:1059C00008BD00BF00207047704700BF30B4074AD1
:1059D000074D084C0848094900231380084A2B80CA
:1059E000237003700B70137030BC7047DA710020A5
:1059F000DC710020C1730020C2730020C07300203E
:105A0000BF73002091F82C305B070AD481420AD181
:105A1000064B1B88002B14BF6FF08B006FF00F003C
:105A20007047002070476FF08B007047DC710020DA
:105A300038B50D46002842D00446FFF749FA002841
:105A400051DBE2682389518B938301330B4492F934
:105A500027105383002913DBF5F73CFC0446F8B10B
:105A6000A37923F00303002243F0020301212170F4
:105A7000A280A37122722846BDE83840FEF752BFCB
:105A80002089136B916B00FB03330B44516B8B42EA
:105A900028BF0B469363F5F71DFC04460028DFD1B1
:105AA000184A1949194840F207130AF0E2FA84F338
:105AB0001188BFF36F8F0323184602DFD0E791F9F7
:105AC0002730002B07DB2946114800F0A9FCBDE870
:105AD000384000F08DBD0F4B1B88002BF3D10E4BCF
:105AE00001221A70EFE7074A0C490848EE230AF032
:105AF000C0FA002383F31188BFF36F8F0323184686
:105B000002DF9EE75CA20300C49903000892030031
:105B1000E1580200DC710020C073002048A103009E
:105B2000F8B506460120F5F77FFA044670B3002168
:105B3000617796F86750B6F85A7005F00705284661
:105B400000F0C8FC96F87E301B0704F11C044FEAF5
:105B5000850210D5391D42F00102C9B2082000F0BB
:105B6000FBFC2246294606F17F0000F0B3FFBDE8AA
:105B7000F84000F01BBDF9B2082042F0010200F02D
:105B8000EBFC2046BDE8F84000F010BD074A08498C
:105B9000084840F213330AF06CFA84F31188BFF31B
:105BA0006F8F0323184602DFC1E700BF5CA203002A
:105BB000ECA103000892030038B50446FEF770FF1D
:105BC0002B4AA08913880133138000F0A3FE94F8B8
:105BD000662094F86700C2F3C00300F0070002F0EB
:105BE0000702002100F0C0FD2046FFF799FF00F0FA
:105BF00035FD60BB00F068FF258A034694F8670016
:105C00000D35012100F007001D4400F0E5FC94F87B
:105C1000673003F00703022B054416D0042B0CBF9A
:105C20004FF4BC73282394F86600C0F3C00100F061
:105C300007001D4400F0CCFC281A00F0FDFE2146B0
:105C40000C48BDE8384000F0EBBB1823EBE70A4AEC
:105C50000A490B4840F2AF230AF00BFA002383F302
:105C60001188BFF36F8F0323184602DFC2E700BF1E
:105C7000DC710020995D02005CA20300A8A2030071
:105C800008920300F8B50F4690F86610B0F8586017
:105C900001F007040546C1F3C001204600F01AFCDC
:105CA00095F87E30A200DB0642F00102F1B20DD57C
:105CB0000431C9B2082000F04FFC394605F1A000BC
:105CC00000F056FFBDE8F84000F076BC082000F078
:105CD00043FC3846BDE8F84000F06EBCF0B5054620
:105CE00083B001AA806E0F46E96EF2F7DDFC95F8ED
:105CF0007E305A07064638D448B3019C95F87D306B
:105D000095F87C2004341C4412B9627885F87C2014
:105D100033B12378012262F30103237095F87D30BB
:105D200095F87C20D31A63702846F8F7CDFB63788A
:105D300083422AD960700121237803F00F030022E7
:105D400043EA01132370A2703C6003B0F0BD43F03E
:105D5000040385F87E3000F0B7FC044623786FF327
:105D6000041323703C6003B0F0BD43F0040385F8D6
:105D70007E3000F0A9FC0446002EEFD0037843F0FB
:105D8000100303703C6003B0F0BD3268EB6E9A42C2
:105D9000D1D10021D0E700BF2DE9F04182B0044607
:105DA00000F066FCC0B250B9FEF782FEBD48214645
:105DB00000F036FB02B0BDE8F04100F019BC00F085
:105DC00079FCC5B200F048FDFEF772FEB64A1388B2
:105DD000012003441380F5F727F90646002800F058
:105DE000E380002D4ED1B14B1F78002F40F0AA80E8
:105DF000012201A920461A70FFF770FF0027DDF885
:105E000004803D46E08900F085FD94F8670000F0CD
:105E1000070000F061FCA648214600F001FB00F0FD
:105E200045FE94F87E2098F8003062F3C30388F8AA
:105E3000003094F87E3098F80020C3F3400363F3F9
:105E4000820288F8002041462046FFF71BFF00F041
:105E500005FC002840F0988000F01CFE002867D068
:105E6000002D6BD0A08A4FF6FF73984200F0D180CE
:105E70002946F8F78DFA002F77D102B0BDE8F0413E
:105E8000F5F70EB994F87E30327F03F00101C2F3CA
:105E90008000884200F09A8094F9272081F0010167
:105EA00061F30003002A84F87E3005DA94F82C3080
:105EB00043F0080384F82C3094F87E305D0700F13D
:105EC000BC80D4E91A0101AAF2F7EEFB05460028CE
:105ED00000F0B98094F87D20019B1344597971B189
:105EE00094F87E30D8060AD5D4F8B0300133C4F81F
:105EF000B030D4F8B43043F10003C4F8B43094F8AF
:105F00007C300A44D2B29A42C0F0A28000F0B7803E
:105F1000684A6949694840F26D430AF0AAF80023CB
:105F200083F31188BFF36F8F0323184602DF8AE0E3
:105F300000F0A4FD00F0A8FD002D93D1AFB902B090
:105F4000BDE8F081013FFFB201A920461F70FFF7B5
:105F5000C5FE002F7FF452AFDDF804805148214682
:105F600000F05EFA00F060FC5BE7F5F777F80323DA
:105F70003371A38A3068F3803146F5F781F802B0B7
:105F8000BDE8F041F5F78CB84A4A4D494B4840F21C
:105F9000E9130AF06EF8002383F31188BFF36F8FC3
:105FA0000323184602DF57E7424A464943484FF465
:105FB000AA730AF05EF886F31188BFF36F8F03238C
:105FC000184602DF002D3FF40EAF5BE70025C2F359
:105FD000C002C3F340039A423DD00027334A3A4BF4
:105FE000002111702046012201A91A70FFF776FEE8
:105FF000337FDA061ED4DDF8048098F80030DB0623
:106000003FF500AF98F80130002B7FF4FBAEA5E719
:106010000027284A2D49294840F209230AF029F887
:10602000002383F31188BFF36F8F0323184602DF29
:10603000A08A1DE7DDF80480E4E66FF3820384F8AC
:106040007E3000F041FB94F87E30327F0025BEE7C1
:1060500084F87D20F7E70320F4F7E6FF0028BCD0A2
:1060600094F87E3083F0020384F87E30737F002B37
:10607000B3D094F87E3019072AD40127AEE7002266
:10608000A4F87C20E06E04F16801F2F715FB019B97
:106090001B682B60019B1D60019D94F87E30327F50
:1060A00095E700BFE1580200DA710020C2730020BA
:1060B000B95B02005CA20300E092030008920300B7
:1060C000A8A20300ECA10300C1730020C4A2030036
:1060D00000F088FD0746002868D000F0ABFD0028DE
:1060E00054D1D4F88F30D4F89320134304D1337FA4
:1060F00003F00303032B32D0344B354802222146F0
:106100001A7000F08DF900F073FA00F09DFA78B97A
:1061100000F0C0FCE0B1002D3FF411AFA08A4FF6B3
:10612000FF7398423FF474AF2946F8F731F9A4E6BB
:10613000284A2949294840F2651309F09AFF0023AB
:1061400083F31188BFF36F8F0323184602DFDFE765
:1061500000F094FC00F098FC002DDFD1EFE600F099
:10616000B7FA4378272B0146C6D80333DAB206F1D3
:106170001C0011F018F9D4F88F30D4F89320013BAB
:10618000C4F88F3042F1FF33C4F89330D4F88F3025
:106190000E4A0133C4F88F30D4F8933004F18F01E4
:1061A00043F100034B600123137066E7094A0C4971
:1061B0000A484FF4916309F05CFF87F31188BFF33D
:1061C0006F8F0323184602DF87E700BFBF730020ED
:1061D000E15802005CA20300F4A10300089203004E
:1061E000BCA2030010B582B00446FEF759FE002899
:1061F0001BDB154A1549164800940023F5F7A6F84D
:1062000008B1773001D102B010BD124A12491348CB
:10621000552309F02EFF002383F31188BFF36F8FFE
:106220000323184602DF02B010BD0A4A0C490B488E
:106230004C2309F01EFF002383F31188BFF36F8FF7
:106240000323184602DFD4E771DD0000315A020053
:10625000055A0200DCA203003094030008920300F8
:1062600048A103004FF080530246D3F8A410013137
:1062700007D04FF08051D1F8A00010F0010009D1F3
:106280007047D3F8A8304FF6FF719BB28B42F0D124
:1062900000207047D1F8A4301360D1F8A8301371F2
:1062A000C3F3072363F03F035371D1F890300133F8
:1062B0001CD0D1F89430013318D0D1F89830013384
:1062C00014D0D1F89C30013310D0D1F89030C2F8FE
:1062D0000630D1F89430C2F80A30D1F89830C2F8BC
:1062E0000E30D1F89C30C2F8123008E00023C2F81A
:1062F0000630C2F80A30C2F80E30C2F8123001205F
:10630000704700BF00234FF08052036043608360FA
:10631000C360D2F88030013318D0D2F88430013312
:1063200014D0D2F88830013310D0D2F88C30013339
:106330000CD0D2F880300B60D2F884304B60D2F8A9
:1063400088308B60D2F88C30CB60704700230B60B4
:106350004B608B60CB607047054B4FF4803200215F
:10636000C3F80815C3F84423C3F80423704700BFDB
:1063700000B00040054B1878421C1A7018B9044B45
:1063800001221A6070470120704700BFC3730020CC
:1063900000B0004038B50E4D2C784CB1601EC0B234
:1063A000287018B90B4B01225A6038BD012038BD46
:1063B000094A0A490A48712309F05BFE84F31188EF
:1063C000BFF36F8F0323184602DF2C78E6E700BF88
:1063D000C373002000B000403CA3030088A3030067
:1063E00008920300014BD3F80405704700B0004049
:1063F000024B00F5A87043F82010704700B0004031
:10640000044BD3F8103123B1034A044B10681B68C6
:106410001847704700100040EC5C0020F05C002042
:1064200038B5044601200D46EBF7F4FB084B094A4A
:106430001C600949094B156010200222C1F80403B1
:10644000C3F88021BDE838400120EBF7D5BB00BF81
:10645000F05C0020EC5C00200010004000E100E057
:106460004FF080434FF0FF320021C3F8002EC3F8F5
:10647000042EC3F8081EC3F80C2EC3F8101EC3F870
:10648000142EC3F8182EC3F81C2EC3F8202EC3F800
:10649000242EC3F8282EC3F82C2EC3F8302EC3F8B0
:1064A000342E704710B50120EBF7B4FB064B0748BC
:1064B00000244FF490514FF41052C0F81845C3F81F
:1064C0000018C3F8042810BD00F00140001000407F
:1064D000704700BF054B02280CBF0421032140F286
:1064E0000122C3F81015C3F8502670470010004071
:1064F000014BC3F80C05704700100040014BC3F876
:106500000805704700100040084B00F07F00C3F8FA
:106510005405D3F8182522F00072C3F81825D3F8D3
:10652000182542F00072C3F818257047001000408B
:10653000084A00210123C2F82C15C2F83035C3786F
:10654000C2F824358178038843EA01431B02C2F86C
:106550001C35704700100040C2F38203A3F1020310
:1065600002F00302B3FA83F3013A5B091B06022A25
:1065700098BF43F4801300F00F000A4A184340F418
:106580008070C2F81405D2F81805074B0340C2F812
:106590001835D2F81835194341F44031C2F81815AE
:1065A000704700BF001000400000F8FE014BC3F828
:1065B0000405704700100040014BC3F80405704704
:1065C0000010004002280CBF28202920704700BF7F
:1065D000012070472920704702280CBF05200A209F
:1065E000704700BF014B01221A6070470010004045
:1065F000084A094910B401234FF410640020C2F87E
:1066000008455360D360C1F800020B615DF8044B8C
:10661000704700BF00F0014000100040094B00220D
:10662000C3F80021D3F80011C3F80421D3F80411F2
:10663000C3F80C21D3F80C11C3F81021D3F8103192
:10664000704700BF00100040034BD3F80001003832
:1066500018BF0120704700BF00100040034BD3F863
:106660000401003818BF0120704700BF001000402F
:10667000034BD3F80C01003818BF0120704700BF4E
:106680000010004001207047034BD3F85005B0FACA
:1066900080F04009704700BF00100040044B40F2FA
:1066A0000312C3F83425C3F83805C3F83C15704706
:1066B00000100040034BD3F80004003818BF01203D
:1066C000704700BF0010004000487047EC5B00209E
:1066D00000487047E85A0020F0B41D4B1D4D1E4E77
:1066E0001E4C1F4F0322C3F800222A78C6F8687593
:1066F00002F10C03DBB2D000DB00910003F1804318
:1067000000F1804003F5F83300F5F83001F18041E5
:10671000C6F86C0501F5104104EB82041148C3F87A
:106720001045C3F81405D1F840352D2B8ABFD1F898
:10673000403501232D3BC1F840350132064B4FF463
:10674000106102F00102C3F804152A70F0BC704712
:1067500000100040C473002000F001404091004050
:106760000C110040041000402DE9F041284E294C46
:10677000294FDFF8ACE0DFF8AC800323C6F8003225
:106780002178CEF8688501F10C03DBB2DB00CD0087
:1067900003F1804303F5F83305F1804507EB8107EA
:1067A00005F5F835CEF86C554FEA810CC3F8107535
:1067B00049F63465C3F814654AF2B813022A18BFC3
:1067C0001D460CF1804C42F2B84241F28833022857
:1067D00018BF13460CF5104C104A2B44A2FB0323A0
:1067E000DCF84025B2EB931F85BF9809DCF84035F3
:1067F00001231B1ACCF840350131094B4FF41062CC
:1068000001F00101C3F804252170BDE8F08100BF4B
:1068100000100040C473002040910040D34D62102E
:1068200000F001400C1100400449054B03204FF4D7
:106830001062C1F80002C3F808257047001000403C
:1068400000F00140034B0022C3F81C21D3F81C3197
:10685000704700BF00100040034BD3F81C01003804
:1068600018BF0120704700BF0010004010B44FF067
:10687000000C4FEA8C0303F1804303F58053146846
:10688000C3F800460CF1010C9488C3F82046BCF113
:10689000080F02F10602ECD1034B40EA0120C3F8D5
:1068A00040065DF8044B704700100040034AD2F8E0
:1068B000403623F0FF03C2F8403670470010004016
:1068C000034B0022C3F81421D3F81431704700BFE2
:1068D00000100040034BD3F81401003818BF01200A
:1068E000704700BF00100040014BD3F81004704700
:1068F000001000400449054B054A4FF48020C1F8C0
:106900004803C3F80825704700B0004000F001407C
:10691000C001700E034B044A1B7803F5A87342F8BC
:1069200023007047C473002000900040F0B4A2F52B
:1069300074232F4DA3F51073AB42044606D902F120
:10694000E87202F5D432013902F5A572294B2A48C2
:106950002A4D2B4E0127DF600027C3F80475A0FBEA
:1069600002020427C3F81075900C0227C3F80875BB
:10697000244AC3F84005C5F848154FF48021C5F8EE
:1069800044134021C2F84065C2F84435C2F80415EA
:106990004CB34FF48013C2F804351B4A0121002484
:1069A0000423D160C2F80445C2F81035154BC2F873
:1069B000084511601549C3F850150C32C3F8542529
:1069C00002F5AF32124CC3F8584502F5FC7201F5DE
:1069D0000041C3F85C2538310832C3F86015C3F8AC
:1069E0006425F0BC70474FF40013C2F80435D4E7B7
:1069F000BFBDF07F0080004083DE1B4300B000403D
:106A000048B1004000F00140009000400C110040EF
:106A100040910040014BD3F84805704700B000405A
:106A20000349044A01234B600B61536013617047B3
:106A300000800040009000400449054BC1F8440527
:106A40004FF08862C3F80425704700BF0080004003
:106A500000F00140054B06480649074AC3F84805BF
:106A6000C3F84C15C3F80425704700BF00F001407F
:106A7000001100404080004080000004014BD3F82A
:106A80004405704700800040014B1860704700BF0C
:106A9000E45A0020014B1868704700BFE45A0020F8
:106AA000014BD3F84005704700800040024B4FF087
:106AB0000062C3F80425704700F00140014BD3F891
:106AC0004805704700800040014BD3F848057047E7
:106AD000008000401F4B30B40024C3F8004502245E
:106AE000A142C3F8004505462DD003F580334FF091
:106AF0000071194CC3F80415164B1849C3F8044526
:106B0000D1F818151648174CC9B20439C3F818152E
:106B10000021C3F80855C3F80C05C3F81025C3F8C5
:106B20001445C3F80012C3F80011D3F80021C3F8CC
:106B30000411D3F80421C3F808110122D3F8081175
:106B40001A6030BC7047084B084C4FF00071C3F816
:106B50000415D1E700F000400100000100100040E2
:106B6000E85A0020D859002000F00140010001013E
:106B700030B4174B00240222C3F80045C3F80025A7
:106B8000144AC3F80425144AD2F81825D2B205468F
:106B9000043AC3F818251148C3F808550122C3F870
:106BA0000C150F49C3F81005C3F81415C3F80022DB
:106BB000C3F80041D3F80011C3F80441D3F804111D
:106BC000C3F80841D3F808111A6030BC704700BF01
:106BD00000F000400000010100100040E85A0020D1
:106BE000D859002038B5114C0223C4F80433D4F826
:106BF000043163B92025EFF3118085F31288BFF3C8
:106C00006F8F0AF07AF9D4F80431002BF3D0074BD8
:106C1000074A02204FF40041C3F80803C2F880116C
:106C2000D3F80801B0FA80F0400938BD00F0004008
:106C300000E100E0034BD3F80004003818BF012046
:106C4000704700BF00F00040F0B4194A194BD2F869
:106C50000455194E0024013D0327C3F80075C3F8FD
:106C60000405C3F80815C3F81055C3F81465C3F834
:106C70000041D3F80011C3F80441D3F80411C3F85C
:106C800008414021D3F80831C2F86015D2F800322B
:106C90000A4943F04003C2F80032C2F828414FF4D9
:106CA0000003D2F82821C1F80435F0BC704700BFBA
:106CB0000010004000F00040D459002000F00140D6
:106CC000014BD3F80004704700F0004010B4084AAC
:106CD000084C09490023C2F828314FF40000D2F8CB
:106CE0002821C4F80035C1F808055DF8044B704749
:106CF0000010004000F0004000F0014038B5164B95
:106D0000D3F828312BB3154C0123C4F80433D4F83D
:106D1000003163B92025EFF3118085F31288BFF3AA
:106D20006F8F0AF0EAF8D4F80031002BF3D00B4B48
:106D30000B4A01204FF40041C3F80803C2F8801148
:106D4000D3F804212AB1D3F80801B0FA80F0400941
:106D500038BD002038BD00BF0010004000F00040EA
:106D600000E100E00139012905D80B200AB1EAF75A
:106D700043BFEAF74FBF08B5074A084908482D2323
:106D800009F077F9002383F31188BFF36F8F032392
:106D9000184602DF08BD00BF94A30300E092030081
:106DA0000892030029B10139012905D80B20EAF71F
:106DB00045BF1820EAF742BF08B5084A0849094804
:106DC000412309F056F9002383F31188BFF36F8F35
:106DD0000322104602DF184608BD00BF94A303003B
:106DE000E09203000892030088420FD0012807D0E8
:106DF00002280DD1A1F10100B0FA80F040097047DE
:106E0000A1F10200B0FA80F04009704701207047FC
:106E100000207047012908B511D002290FD0A1B177
:106E20000D4A0E490E487B2309F023F9002383F312
:106E30001188BFF36F8F0323184602DF08BD094B8B
:106E40004FF40062C3F8002108BD064B4FF080727A
:106E5000C3F8002108BD00BF94A30300E092030023
:106E60000892030000E100E008B50FF0D6FD08BD70
:106E7000032810B5044604D8124B1C5D9CB1204673
:106E800010BD114A11491248292309F0F2F80023D4
:106E900083F31188BFF36F8F0323184602DF094B7A
:106EA0001C5D002CEBD1084A0A4909482C2309F043
:106EB000E0F884F31188BFF36F8F0323184602DFD5
:106EC000204610BD64A40300E4A3030034A403001F
:106ED0000892030054A40300013810B51C4604288E
:106EE00063D8DFE800F014221B29030004292CD00A
:106EF000304A31493148B82309F0BBF8002383F305
:106F00001188BFF36F8F0323184602DF10BD0429D9
:106F10002BD0284A284929484C23EDE704291CD0C6
:106F2000244A254925487A23E6E7032925D0214A22
:106F3000214922486323DFE703292ED0042924D0E6
:106F40001C4A1D491D48A023D6E71D4B9C60BDE887
:106F5000104002210320F1F715BC1A4B9C60BDE8DC
:106F6000104002210120F1F70DBC174B9C60BDE8D9
:106F7000104002210020F1F705BC144B01219C6058
:106F8000BDE810400846F1F7FDBB114B02219C60A3
:106F9000BDE810400846F1F7F5BB0E4B9C60BDE81C
:106FA000104001210220F1F7EDBB024A02490348DB
:106FB000BE23A1E7E4A30300E092030008920300CC
:106FC00088070020B8070020D8070020C807002045
:106FD00098070020A807002001460020FFF708BA04
:106FE000124B30B40121044600205960C3F8044517
:106FF000C3F80001C3F80401196005E0D3F80421C7
:1070000032B9D3F804251AB1D3F80021002AF5D0FB
:107010005960D3F80421002AE7D1D3F80455002D94
:10702000E3D0C3F8042530BC704700BF00E0004047
:1070300070B5174C0126D4F8045566600E20EAF7A7
:10704000E9FDD4F8040140B10021C4F80411D5E9E8
:107050000E323046BDE870401847D4F8006146B1A2
:10706000C4F80001D5E90E3205F12001BDE87040F9
:107070001847084A08490948E42308F0FAFF86F34C
:107080001188BFF36F8F0323184602DF70BD00BF66
:1070900000E0004068A40300E092030008920300AF
:1070A00070B58CB00E4615460146102268461C4647
:1070B000F1F7C8FA10220DEB02003146F1F7C2FADF
:1070C0006846FFF78DFF25B1102208A92846F1F781
:1070D000B9FA2CB108AD0FCD20606160A260E36009
:1070E0000CB070BD054B1B7833B14FF0FF324FF041
:1070F000FF33043005F0F4BD704700BFCD730020AE
:10710000034B1B7813B1043005F062BE704700BF1B
:10711000CD73002007B501238DF807000DF107029C
:10712000002103480DF0F0F903B05DF804FB00BF47
:10713000A4780300020600F07F0312D5082B05D1C6
:10714000010700F00F0306D50E48704710F0780FC6
:1071500012D100F00F034C2000EB43100A4B1844EF
:107160007047082B05D1020700F00F0306D507482A
:10717000704710F0780FF6D000207047044800EBFD
:1071800043107047A05E0020545D0020C05F0020C7
:10719000C05E0020014902480FF0B0BB7C5D0020BA
:1071A000082C0020014601480FF0E1BAF80B00203E
:1071B00002480022002305F05BBE00BFF80B002050
:1071C00013B5124800F0FCFE114B98421AD1114839
:1071D00003F040FB0024104803F082FB0F491048E5
:1071E00000944FF0FF334FF4806206F08DF80D49A4
:1071F0000B480FF018FC0C480C490FF054FB2046CC
:1072000002B010BD6FF00400FAE700BF1574020071
:107210000000AD0B96BA0300F8A403009090002084
:10722000082C002088BA03007C5D00203175020024
:1072300010B50E49BFF35B8F002351E8002F012AE0
:1072400003D141E800300028F7D1BFF35B8F0CD1A8
:1072500051F8044C1439204609F08AF8783004D1EA
:107260002046BDE8104009F05FB810BD745D0020F5
:1072700038B5002464F07F00C0B2FFF75BFF013433
:107280000DF0FBF9082CF5D10E4D0024E0B2FFF70C
:1072900051FF036903B9056101340DF0EEF9082CC3
:1072A00005F14005F2D108480DF0E7F9074BD3F896
:1072B0007C2212B9064AC3F87C2206480DF0DDF99B
:1072C000002038BDE4630020A05E0020545D002053
:1072D000E45F0020C05F002010B5054CFFF768FF99
:1072E00020B1416820460FF01BF9F7E710BD00BF41
:1072F000780A002007B500230E48002201A905F0F6
:1073000001FC90B1FFF7E8FF0A480022002301A921
:1073100005F0F8FB38B90198042340600374FFF7C7
:1073200041FFFFF737FF002001E00198406003B004
:107330005DF804FB780A0020022810B511D8094B2B
:107340001C5CFFF7D7FF60B1002202740472FFF7E4
:1073500029FF054B93F824301BB1BDE81040FFF71F
:1073600019BF10BD93BA0300545D0020F8B58778AB
:1073700006463846FFF7DEFE3B06F578044612D592
:10738000002D43D1FFF7B6FF034600283ED001226F
:10739000A5770274032202739C60FFF703FFBDE828
:1073A000F840FFF7F7BE4DB1012D2FD1FFF7A2FF37
:1073B000034658B3657705740573EDE7FFF79AFF49
:1073C00020B3B278124B12F0800F02F0080111D0F6
:1073D00041B1D3F8A836E360012303740223037399
:1073E0008460DAE702F00F02142101FB0233D3F8C4
:1073F0000836F0E711B1D3F8A837ECE702F00F0236
:10740000142101FB0233D3F80837E4E7F8BD00BFCD
:1074100000700240F0B5064689B01422002103A88E
:107420000FF0E9FF3378013B052B21D8DFE803F0AB
:107430007A0314146A1603238DF814300024FFF71E
:1074400059FF0346A0B1047400F10802DDE905010B
:1074500082E8030018461DE00423EDE7B7783846BC
:10746000FFF768FE837A044623B1013B022B43D920
:1074700009B0F0BD3B06F57813D5002DF8D1FFF724
:1074800039FF03460028F3D00122A57702740322B6
:1074900002739C60FFF786FE09B0BDE8F040FFF77D
:1074A00079BE55B1012DE3D1FFF724FF0346002833
:1074B000DED0657705740573EBE7FFF71BFF074622
:1074C0000028D5D00123037402230373846004F1E0
:1074D0000C01B0780DF03BF9134AE168B2F88C3238
:1074E0008B4206D95B1AA2F88C3201F0B7F8384605
:1074F000D0E7A2F88C52FAE7304609B0BDE8F04078
:10750000FFF734BF01A801F087F89DF80530052B7F
:1075100004D19DF8043013F0600FA9D0034B0593FC
:1075200001248CE702248AE7545D0020C05E00201D
:107530002DE9F043A64CDFF89C9285B08046FFF71A
:1075400037FE074610B905B0BDE8F08394F8253042
:107550003A7C3BB9002A00F0868079689D480EF09D
:10756000DFFFECE7042A42D8DFE812F07D000500D7
:107570000001160140013B7BBD68032B37D8DFE8D3
:1075800003F0023D5A5F6E69934B002232607260D5
:10759000D3F880143170D3F884147170D3F8881440
:1075A000D3F88C0441EA00217180D3F89014D3F809
:1075B000940441EA0021B180D3F89814D3F89C34A4
:1075C00041EA0323F3800823EB6030687168834B42
:1075D00003C311462B68687A984796F90030002B50
:1075E00008DBF38833B1A4F88C3201F037F87968FE
:1075F0004846B4E70023A4F88C32F8E76B7F002BF1
:10760000F5D02B7F002BF2D000266E774FF0FF32A3
:1076100073482E774FF0FF330DF042F86B690193FA
:107620006B68CDE9023601A9687A00F01FFD6C484D
:107630000DF038F8DBE72B680121687A9847D6E728
:10764000AB7A6BB9EB7F5BB965484FF0FF324FF017
:10765000FF330DF025F801F007F861480DF022F82E
:107660002B680221E9E73A7A042AC0D8DFE802F061
:1076700059032367730000F02BFC05460028B6D1A0
:1076800000F066FBBFF35B8F5649012351E8002FE2
:10769000002A03D141E800300028F7D1BFF35B8F07
:1076A000A5D141F8085C41F8105CE06963611439C8
:1076B00008F0E3FD9BE7002565F07F00C0B2FFF70F
:1076C00039FD037A13B1407A01F032F90135082D02
:1076D000F2D194F854311BB194F8550101F028F916
:1076E0000025E8B2FFF726FD037A13B1407A01F0D6
:1076F0001FF90135082DF4D194F874321BB194F8B8
:10770000750201F015F9002000F0C6FB012384F892
:1077100025302368002B3FF46AAF002102209847F0
:1077200065E7002584F8255001F068F8FFF780FD33
:107730002368002B3FF45BAF29460420EFE7002BC2
:107740003FF455AF00F0CEFB2368002B3FF44FAF62
:1077500000210520E3E72268002A3FF448AF002B10
:107760003FF445AF00210620904740E708F110059F
:107770004FF0FF334FF0FF3228460CF091FFFFF738
:1077800077FD28460CF08EFF58F8283C002B3FF47C
:107790002EAF00210120C2E794F874327BB101259D
:1077A00084F8895284F88852FFF7A4FD38B10E4A54
:1077B000057405738260FFF7F5FCFFF7EBFC58F8E2
:1077C000283C002B3FF413AF00210A20A7E700BF9D
:1077D000545D0020780A002000700240585D0020AF
:1077E0008C5D0020745D0020C05F00200DF060FB08
:1077F00001F004F800F0A2FAFFF76EFDFFF738FD84
:107800000DF04FFB014800F0DBFBF0E615740200C1
:1078100038B5164D95F824402CBB05F138000EF014
:10782000D6FE204601F0DCF922460121E86127203E
:10783000EAF712FA0DF035FBFFF71AFD044610B90E
:10784000012385F824300A4B1B680BB1FFF7A2FC1B
:107850004FF08043D3F83834DB0702D50020FFF720
:107860006BFD204638BD0024FBE700BF545D0020BF
:10787000F80B0020074B93F824203AB193F82530F9
:10788000002B14BF00206FF0120070476FF0120041
:10789000704700BF545D002038B5104B93F824307A
:1078A0000446C3B105782846FFF744FC10B96FF0D1
:1078B000150038BD45722379837263884360207850
:1078C000618810F0080F02D14B1E0B42EFD10CF073
:1078D00039FF0020EDE76FF01200EAE7545D002069
:1078E00038B5124B93F824200546CAB193F82530D9
:1078F000B3B1FFF71FFC0446A8B1837A012B12D065
:1079000007D9023B012B07D96369A3610020E0601E
:1079100038BD00F0AFFEF7E7284600F051FEF3E770
:107920006FF01200F4E76FF01500F1E7545D0020EE
:1079300038B50E4B93F82420054682B193F82530D4
:107940006BB1FFF7F7FB68B115F008040AD12846C0
:1079500000F058FE284601F023F8204638BD6FF0AD
:107960001200FBE76FF01500F8E700BF545D002040
:1079700038B50C4B93F8242005460C4662B193F8B9
:1079800025304BB1FFF7D6FB48B144B1284600F093
:107990001FFE2070002038BD6FF01200FBE76FF073
:1079A0001500F8E7545D002070B5134E96F82430AA
:1079B0000446C3B1FFF7BEFB0546B8B1230705D4A3
:1079C000204600F01FFE204600F0EAFF2B7A83B924
:1079D00001232B7296F825300BB9002070BD20468C
:1079E00000F0A6FFF9E76FF01200F7E76FF015005F
:1079F000F4E76FF07700F1E7545D00202DE9F043E4
:107A0000DFF8EC801E4698F8243085B0074689469A
:107A10001546002B61D098F82530002B5DD0030669
:107A20005ED5FFF787FB0446002859D0037A002B68
:107A300056D04FF0FF334FF0FF3208F138000CF012
:107A40002FFEA37F4BB108F138000CF02BFE6FF036
:107A50000A04204605B0BDE8F083A37AC5B13BB364
:107A60000123A3774FF0000801A93846CDE901951D
:107A7000CDF80C8000F0FAFA1B4B984229D084F81C
:107A80001E801EBB6FF0040418480CF00BFEE0E7EC
:107A9000E27F02B1E577002BE2D100F0F1FD8742F1
:107AA000DED000F0E1FD11480CF0FCFD0024D0E731
:107AB000B8F80A30AB42F0D96268B5FBF2F302FBCA
:107AC0001353002BE9D10123E377E6E7C6F80080E2
:107AD000D8E706B135600024D6E76FF01204B8E7A6
:107AE0006FF01504B5E700BF0000AD0B8C5D002002
:107AF000545D00202DE9F0411D46204B174693F8B8
:107B000024200E46002A33D093F8253083B3030691
:107B100031D401B97FBBFFF70DFB044658B3037A9C
:107B20004BB34FF0FF3316484FF0FF320CF0B8FD67
:107B3000E368BB42984628BFB84646B93FB905B18D
:107B40002B600F480CF0AEFD0020BDE8F081A1696C
:107B5000424630460FF027FCA3694344A361E36823
:107B6000A3EB0803E360002DEBD0C5F80080E8E745
:107B70006FF01200E9E76FF01500E6E7545D0020B2
:107B80008C5D002070B51E4D95F82420034682B30D
:107B900095F825206AB31B062ED4FFF7CBFA0446CE
:107BA00050B3037A43B34FF0FF334FF0FF3205F188
:107BB00038000CF075FDE368B3B9012663692677D8
:107BC000A361637F83B1FFF795FB30B905F13800FE
:107BD0000CF068FD6FF00B0070BD067484600673D6
:107BE000FFF7E0FAFFF7D6FA06480CF05BFD00203D
:107BF000F2E76FF01200EFE76FF01500ECE700BF5F
:107C0000545D00208C5D002010B5084B93F82430A3
:107C10000C462BB1FFF78EFA28B10460002010BD8E
:107C20006FF01200FBE76FF01500F8E7545D0020DD
:107C3000014B1860704700BF545D002008B5074B2A
:107C400093F8243023B1FFF775FA20B1406808BDDE
:107C50006FF01200FBE76FF01500F8E7545D0020AD
:107C60004FF08053D3F83021082A06D1D3F83431AD
:107C7000052B04D8034AD05C7047002070470120D0
:107C8000704700BF97BA0300064B10F0800FA3F1B6
:107C9000D80208BF134600F00F00182202FB003084
:107CA000704700BFFC660020EFF31180202383F3B0
:107CB0001288BFF36F8F0A4BD3F8001C032261B9FF
:107CC00049F27531C3F8001CC3F8142DC3F8001C29
:107CD00080F31188BFF36F8F7047C3F8142DF7E757
:107CE00000E00640EFF31180202383F31288BFF3F6
:107CF0006F8F0A4BD3F8001C61B949F27532C3F893
:107D0000002CC3F8141DC3F8002C80F31188BFF3B6
:107D10006F8F70470022C3F8142DF6E700E006408D
:107D20004FF08053D3F83031082B02BF024B0022B2
:107D3000C3F81C2C704700BF00700240024A0023A9
:107D40001360024A13707047DC670020C97300207B
:107D500008B54A4B4FF40062C3F80024FFF780FFD8
:107D600008B1FFF7A1FF4FF08053D3F83031082B53
:107D700018D1EFF31180202383F31288BFF36F8FA4
:107D80003F4BD3F8001CC02200296ED149F2753157
:107D9000C3F8001CC3F8142CC3F8001C80F311882E
:107DA000BFF36F8F354B0122C3F80025D3F80024B1
:107DB0001205FBD54FF40062C3F800244FF0805346
:107DC000D3F83031082B17D1EFF31180202383F340
:107DD0001288BFF36F8F2A4BD3F8001C002947D1BC
:107DE00049F27532C3F8002CC3F8141CC3F8002CF8
:107DF00080F31188BFF36F8FFFF732FF30B1FFF7C9
:107E000071FFFFF72DFF08B1FFF74EFF4FF08053D2
:107E1000D3F83031082B194B0AD140F2E372C3F882
:107E200000284022C3F80428BFF36F8FBFF34F8FA1
:107E30008022C3F81C250122C3F83025114B40F2E3
:107E4000FF121A60104B00211960104B1970FFF7D8
:107E500067FF0F4B19700F4B02221A70FFF700FFDC
:107E600050B1BDE80840FFF73DBFC3F8142C95E7BB
:107E70000022C3F8142CBBE708BD00BF007002400D
:107E800000E00640D8670020D4670020C5730020BA
:107E9000C7730020C9730020094B002210B51A7067
:107EA000084A094B094C002808BF1346C4F80033A0
:107EB0002720E9F7A1FE0123C4F8043510BD00BF57
:107EC000C8730020FDFFDF01FDFFFF0100700240CD
:107ED000034B1878012894BF00200120704700BF91
:107EE000C973002010B54FF0FF324FF0FF33154833
:107EF00005F02AF8EFF31181202383F31288BFF3F2
:107F00006F8F114B1B7803F0FF0483B10F4BD3F835
:107F1000002412F400720AD10120C3F82C05D3F812
:107F20002C05D3F80004800502D5C3F82C250024C5
:107F300081F31188BFF36F8F024804F0CBFF204616
:107F400010BD00BF980B0020C873002000700240D5
:107F500010B5EFF31184202383F31288BFF36F8FE2
:107F6000144B1B7803F0FF00CBB1134AD2F82C3529
:107F7000EBB10023C2F82C354FF08053D3F83031E9
:107F8000082B0CD10D4BD3F8001CC02261B949F26B
:107F90007531C3F8001CC3F8142CC3F8001C84F31B
:107FA0001188BFF36F8F10BDC3F8142CF7E7184684
:107FB000F5E700BFC87300200070024000E00640F3
:107FC000F8B51C4B1C7894BB1B4A106001221A7038
:107FD00040F2FF17264664F07F0514F0080FEDB25B
:107FE00014BF3946402128460CF0ACFB2846FFF769
:107FF0004BFE0134092C867506730661EBD1002413
:1080000040F2FF17254614F0080FE6B214BF3946B8
:10801000402130460CF096FB3046FFF735FE013428
:10802000092C857505730561EDD10448F8BD044838
:10803000FCE700BFC9730020DC6700200000AD0B27
:108040000500AD0B084B10F0800F00F00F0114BFBE
:10805000D3F81025D3F8142501238B40134214BF05
:1080600001200020704700BF007002402DE9F84356
:108070000246EFF31187202383F31288BFF36F8F3B
:10808000030703D1184B1B78834229D1174B184E95
:108090001C68356810460CF04DFBE443A4B24FF069
:1080A00001092C4309FA00F814EA08041AD1104611
:1080B000FFF7EAFD80F80C90034607C91C6183E8CE
:1080C00007009C750B4B0C4845EA0805802235607B
:1080D000C3F8042187F31188BFF36F8FBDE8F883DD
:1080E0000648F7E70648F5E7C7730020D867002081
:1080F000D467002000E100E00000AD0B0A00AD0BEA
:108100000B00AD0B10F0080F074B06D0D3F8C004DE
:1081100010F4803F18BF0020704700F00F0000F5FA
:10812000947053F820007047007002402DE9F74F1B
:10813000AB4BAC4ED3F85421DAB10022C3F8542132
:10814000D3F80413890214D58DF80420D3F8202520
:10815000ADF80620D3F8C034002B336814BF4FF0BD
:1081600001224FF48072134333609F4B01A81B68B8
:1081700098479B4BD3F8604134B10022C3F860218B
:10818000D3F86C44C3F86C44D3F828214AB10022D8
:10819000C3F82821954B18780CF0CCFA01238340C2
:1081A0001C43DFF86482924F98F8005098F90090D1
:1081B00015F0080143D1B9F1000F05F00F032EDAD5
:1081C0008C4A52F8230020B342F823101422534360
:1081D00003F1804303F51C33D3F80836864A11783F
:1081E00003F001034B401370FFF79AFD834804F03E
:1081F00071FE2846FFF748FD837D032B37D12846C3
:108200000CF098FA012303FA00F03B6823EA00031C
:108210003B60DFF8D4A101254FF006095DE0784A04
:1082200052F823000028F4D042F8231014225343BC
:1082300003F1804303F51C33D3F80837CEE7B9F1D7
:10824000000F674B09DBD3F85021002AE1D0002250
:10825000C3F85021D3F8A837C0E7D3F82C21002A5F
:10826000D7D00022C3F82C21D3F8A836B6E7037B79
:10827000DBB928460CF05EFA012303FA00F03B68F4
:10828000B9F1000F23EA00033B6001DA882DC0D169
:1082900006238DF8043000238DF80730524B8DF8FB
:1082A00006501B6801A89847B3E7002DB1D14C4B8D
:1082B0000122DA64ADE794FAA4F03268B0FA80F0F3
:1082C00005FA00F31A430F28326024EA03043A68DF
:1082D00040F39C80134200F0A980002CEBD1404B6E
:1082E000D3F800215AB1C3F80041464B1C703F4BF4
:1082F0001C70012301933C4B01A81B689847384B25
:10830000D3F85821002A2ED00022C3F85821D3F8E0
:108310000044C3F80044E30508D53A4B01221A7023
:1083200002230193304B01A81B689847A50508D587
:10833000344B00221A70032301932B4B01A81B68B6
:10834000984760050FD52F4B1A7862B100221A703A
:10835000234B0122C3F808259A6504230193224B7D
:1083600001A81B6898471E4BD3F85C3103B3234B1D
:108370009B681BB998F80030590619D0184B002299
:10838000C3F85C21D3F88034184A23F07F031370BC
:108390003B6823F001133B60336823F4803343F0E0
:1083A00001033360052301930F4B01A81B68984715
:1083B0003A6833681A4200F0EB801048002200232C
:1083C00004F0C2FD002840F0E380054BD3F82C35C3
:1083D000002B7BD0094803B0BDE8F04F04F07ABD14
:1083E00000700240D8670020DC670020C7730020BF
:1083F000D467002008710240C5730020980B00204C
:1084000030710240C8730020C673002013407FF40F
:1084100064AF60F07F018DF804908DF806108DF840
:108420000730DAF8003001A8984756E7A0F11001AC
:108430008DF804908DF806108DF80750F1E749F09B
:1084400080052846FFF720FC4368B0F814A00168B7
:108450009A4528BF9A4601F06043B3F1005F044695
:1084600004D0544852460EF09EFF52492268636879
:1084700052442260A268A3EB0A03D20768B2636089
:1084800053D5BAF1000F52D1002323734FE01146A8
:108490004FF0000A604545D1003B18BF0123002A78
:1084A00042D0504540D9012303FA09F32BEA0303D4
:1084B0003B6006238DF804303F4B8DF806500222B6
:1084C0001B68A2758DF8072001A89847D7F800B05F
:1084D00033681BEA03093FF47DAF19F0012314BF91
:1084E00093FAA3F999FAA9F9B9FA89F9B9F10F0F31
:1084F000A5D9A9F11005EDB22846FFF7C5FB044642
:108500002846FFF7FFFD6368B4F814C0226898425C
:10851000BDD81B1A00EB020E11466360C4F800E0E0
:108520008246B7E70023BAE768B2002BACD04FF021
:108530008053D3F83031082B02BF204B8222C3F87E
:108540001C2C336888F80050012202FA09F923EA4A
:1085500009033360236915F0080F53442361174B57
:1085600019D1002805F00F054FF0140000FB05306D
:10857000A9BF0A3503EB8503C0F80017C0F804A7AC
:10858000AFBF43F82520C0F80016C0F804A65A6013
:1085900003B0BDE8F08F0028B5BFC3F8A016C3F83C
:1085A000A017C3F8A4A6C3F8A4A7B4BF5A629A64DC
:1085B000EEE700BFE4650020DC67002000700240A9
:1085C000024B40F48070C3F81805704700700240F9
:1085D000030713D400F00F0310F0800F084A0BBFFD
:1085E00003F5887303F5847302EB830252F82300CA
:1085F00008BF5068003818BF01207047002070473E
:1086000000700240034BC3F80C0540F48070C3F8BF
:108610000C057047007002400023036043600E4B5E
:10862000D3F880240270D3F884244270D3F88824CD
:10863000D3F88C1442EA01224280D3F89024D3F874
:10864000941442EA01228280D3F89824D3F89C340F
:1086500042EA0323C380704700700240014B0122AD
:10866000DA64704700700240014B01221A657047BE
:1086700000700240014B01225A65704700700240B1
:10868000014B1878704700BFC773002010B5024631
:10869000EFF31184202383F31288BFF36F8F0CF064
:1086A00049F80B49012303FA00F00B6823EA0003A1
:1086B0000B6012F0080101BF02F00F02054B02F53A
:1086C000947243F8221084F31188BFF36F8F10BDAA
:1086D000D867002000700240F7B50146EFF311851E
:1086E000202383F31288BFF36F8FFFF7CDFA06467E
:1086F00008460CF01FF8012211F0800F02FA00F278
:108700002D4818D1036832EA03040AD00846FFF75F
:10871000BDFF0323B37585F31188BFF36F8F03B0DB
:10872000F0BD2649347323EA020303600B6823EA91
:1087300002030B60EDE70B0715D48029204B2FD0E7
:1087400001F00F0404F2DA346400C3F80048D3F8EF
:108750000448D3F80478E4B244F002043C43C3F87C
:108760000448D3F80438154F04683B6864EA030CE6
:108770001CEA020FCFD013433B6000233373032363
:10878000B3758DF807300F4B8DF8061024EA0204FC
:10879000062204601B688DF8042001A89847BAE7F8
:1087A00040F2B474C3F80048D3F80448D3F804780E
:1087B000E4B244F00404D1E7D4670020D867002075
:1087C00000700240DC67002038B50446094D4FF0C8
:1087D000FF324FF0FF33284604F0B6FB2046FFF788
:1087E0007BFF284604F076FB034B8022C3F804216C
:1087F00038BD00BF980B002000E100E0F8B54FF055
:10880000FF324FF0FF332B4804F09EFB2A4B8022AF
:10881000C3F884212720E9F711FA98B1274E284B95
:1088200034681B68240C24041C43012764BB254DB9
:1088300040F2FF1333602720C5F80445E9F7EAF951
:10884000C5F80043204A13788BB11E4B0021C3F8B2
:1088500008110121C3F80026C3F804165960D3F8A3
:1088600008110029FBD00021C3F808111170154B25
:108870000022C3F80025FFF753FA0E4804F02AFB44
:10888000124B01221A70F8BD94FAA4F5B5FA85F5D9
:108890000F2D2846C6BFA5F11000C0B240F08000E1
:1088A000030701D4FFF718FF07FA05F524EA0504CA
:1088B000BCE700BF980B002000E100E0D867002073
:1088C000D467002000700240C5730020C9730020E7
:1088D00010B504464FF0FF324FF0FF33114804F05B
:1088E00033FB2046FFF7F8FE04F00F02012393400C
:1088F0000D4A14F0800F14BFD2F81015D2F81415D9
:108900006FEA030315BF0B400B40C2F81035C2F8E5
:108910001435044804F0DEFA044B8022C3F8042125
:1089200010BD00BF980B00200070024000E100E085
:1089300070B50446FFF786FB68B904F00F02012505
:1089400014F0800F144B05FA02F205D0D3F810157D
:108950000A43C3F8102570BDD3F814150A43C3F8B1
:108960001425631E062BF6D8EFF31186202383F31C
:108970001288BFF36F8F2046FFF788FE20460BF06A
:10898000D9FE064A1368854023EA0503136086F37F
:108990001188BFF36F8FDEE700700240D4670020BC
:1089A000030610B5044605D4FFF712FE10B12046A9
:1089B000FFF76CFE014BC3F8184510BD0070024074
:1089C000084B70B5C31A0D4607499B10044659431E
:1089D000064840220BF0DAFE2B4601462046BDE851
:1089E00070401847F4670020B76DDBB6507703007E
:1089F00073B50C4C0C4A4023041B00930D460B46E8
:108A00000A49A4106143064609480BF0EBFE011E1B
:108A100005DA30462B4602B0BDE87040184702B078
:108A200070BD00BFF46700204F480300B76DDBB690
:108A30005077030010B5EFF31184202383F31288DD
:108A4000BFF36F8F074A136823F00201DB07116041
:108A500002D401200CF089F984F31188BFF36F8FE1
:108A600010BD00BF44680020002270B501210446FB
:108A70001046E9F7F1F80F4801F012FA0E4B984250
:108A800015D101F01DFA26690C49304607F0E2FBCA
:108A900000280BDB012535642469084904F11C001A
:108AA00007F0D8FB002801DBE564002070BD6FF003
:108AB0000400FBE7C58B02000000AD0BFCA4030023
:108AC0007FB500220123CDE9022304ABCDE90433B5
:108AD000094ACDF800D06B46CDF804D00BF0B0FEBB
:108AE000002805DB4FF480420023684604F02CFA8E
:108AF00007B05DF804FB00BF6F48030030B4104BB3
:108B00000C2202FB003301460020D3E90E52986389
:108B1000EFF31180202484F31288BFF36F8F1C6C55
:108B200004F0C00444F002041C6480F31188BFF315
:108B30006F8F1DB12B46034830BC184730BC7047BF
:108B4000F46700205077030010B4EFF31182202364
:108B500083F31288BFF36F8F1848016841F0020455
:108B60000460C80708D482F31188BFF36F8F012017
:108B70005DF8044B01F0BCB94FF08041D1F80C0412
:108B8000D1F80C14C907EED5EFF3118083F31288E6
:108B9000BFF36F8F0A490B6C03F0C00343F002036D
:108BA0000B6480F31188BFF36F8F82F31188BFF3DA
:108BB0006F8F00205DF8044BFFF7A0BF44680020D2
:108BC000F467002010B1012804D07047034B1B6CE0
:108BD0005B0701D1FFF792BF704700BFF467002029
:108BE000024AC3B21C2003FB00207047F467002038
:108BF000094BBFF35B8F53E8002F42F0010143E8BC
:108C000000100028F7D1BFF35B8F930702D4012037
:108C100001F06EB9704700BF4468002010B5EFF353
:108C20001184202383F31288BFF36F8F074A1368E0
:108C300023F001019B07116002D401200CF095F88C
:108C400084F31188BFF36F8F10BD00BF446800200C
:108C50002DE9F0413849BFF35B8F0746012251E807
:108C6000003F41E800200028F9D1BFF35B8F33B902
:108C7000324933484B60CB608A6007F0FEFA7B1EB6
:108C8000012B2BD8012F07D14FF08043D3F81C3490
:108C900003F00303012B21D00DF0BFFE0546F8B908
:108CA000284B1B78E3B14FF080430222C3F808231E
:108CB0000646DFF894804FF08044D4F81824D4F8A6
:108CC0001834D20315D503F00303012B01D0012F73
:108CD0000FD155B386F31188BFF36F8FBDE8F081D4
:108CE000EFF31186202383F31288BFF36F8F0125E2
:108CF000DFE7ADB1304608F000F9D4F81835002BA5
:108D0000DBD1D4F80421002AD7D0C4F80431D4F838
:108D100004310123C4F81835C8F88031A360CCE7CA
:108D2000002121200DF02FFFE7E74FF080430222C2
:108D3000C3F80423D2E700BFF0670020E0670020FB
:108D400010680020CD73002000E100E0EFF31182F5
:108D5000202383F31288BFF36F8F0A4BD3F80011DF
:108D600061B10021D3F80805C3F80011D3F8003130
:108D7000C0B282F31188BFF36F8F70476FF00A00A3
:108D8000F7E700BF00D00040F0B5034610469C78DE
:108D900093F803C0EFF31182202585F31288BFF307
:108DA0006F8F1F7893F801E0E41B04EA0C04A042E3
:108DB00088BFA0B23E180CEA06063D461E7082F33C
:108DC0001188BFF36F8F0A188A4216D177450CD1EC
:108DD000EFF31182202181F31288BFF36F8F19788E
:108DE000597082F31188BFF36F8F1B79241AA34245
:108DF00022BF064B01221A60F0BD5E19013576795B
:108E000001F8016B05EA0C05DEE700BF00D0004069
:108E1000DB432DE9F04713F001050E46144604D05C
:108E20002248FFF7B1FFBDE8F0879AB3EFF311884E
:108E3000202383F31288BFF36F8F0D20E8F7FEFE27
:108E400007460D20E8F7E6FE88F31188BFF36F8F21
:108E5000DFF85CA0DFF85C80CAF80051DAF8003176
:108E60004FF400590123CAF800302546C8F8809114
:108E7000DAF8003183B1FFF769FF031EC8F880916B
:108E8000F6DB013DADB27355002DF1D117B10D20C8
:108E9000E8F7B2FE2046C6E7EFF31180202383F304
:108EA0001288BFF36F8F08F028F8E1E77868002098
:108EB00000D0004000E100E02DE9F041124F0D46E6
:108EC000144607F1450814B92046BDE8F0814FF07B
:108ED000FF334FF0FF32384604F036F82246294679
:108EE0004046FFF751FF0646384603F0F3FF3EB910
:108EF0004FF0FF324FF0FF33044804F025F8E6E767
:108F0000A41BA4B23544DEE7486800206068002056
:108F100038B5194C0122114620460DF041FC0122C2
:108F2000002104F118000DF03BFC40F20743A4F8C7
:108F300048304FF0706323630C2384F834300025ED
:108F40000E4B84F84550A4F84650D3F8042542F05F
:108F50000102C3F804250121C3F80051D3F8002110
:108F6000C3F804132A4619600D20E8F775FE0D209A
:108F7000E8F742FE284638BD4868002000D000408F
:108F800010B5FFF7E3FE002820DB174B93F83220E3
:108F900093F8314093F83310141B31EA0404C0B243
:108FA0000DD193F8472093F8464093F84810141BCE
:108FB00031EA04040BD10D4B01225A600EE09C18DB
:108FC0000132114084F8350083F8321010BD9C182E
:108FD0000132114084F84A0083F847100448BDE884
:108FE000104003F077BF00BF4868002000D0004069
:108FF00060680020024B0B6001231360704700BFC4
:109000009C6800200048704718A5030010B5012295
:1090100011460748074C0DF0C3FBFBF7D3F80BF0E4
:1090200030FF20600BF029FF6060002010BD00BF02
:10903000A46800209C6800204FF08042D2F81015F0
:10904000D2F8103501F01E0123F01F030B4343F04B
:109050000103C2F81035024B00221A70704700BF9E
:10906000CA7300204FF08053D3F83031082B20D141
:109070004FF08042D2F81015CB071AD5D2F8103530
:1090800001F01E0123F01F030B43C2F81035D2F884
:1090900008315BB1D2F8103523F01F030B4343F0C6
:1090A0000103C2F810356FF08B007047024B0122AC
:1090B0001A700020704700BFCA730020F8B504463C
:1090C0000BF0DBFE237B05460BB1FBF791F8134F4A
:1090D0000026FFF7C7FFE8B9606801F08DFBA368C1
:1090E0005B1BA36063682B4463603B780BB1FFF7A5
:1090F000A3FF237B01363BB9A368002BE9D1A0680D
:10910000003818BF0120F8BD3046E4F751FD0028B3
:10911000F2D0F4E76FF08B00F5E700BFCA730020D0
:10912000F0B587B00E4615460BF0A7FE2946074658
:1091300030460BF011FCC8B3B6FBF7F307FB136323
:10914000A3BBB5FBF7F407FB14547CBBBD4222D391
:109150004FF0FF324FF0FF33164803F0F5FEFBF7F8
:1091600043F802AB01461022C0B1214618460EF06A
:1091700042F901228DF814200F4ACDE900200F4852
:10918000CDE90365FBF728F86846E4F795FC04464B
:10919000084803F09FFE204607B0F0BD18460EF0C9
:1091A0002AF9CDE90365FFF789FFF0E76FF01504B1
:1091B000F1E700BFA4680020BD900200645E0100DA
:1091C00070B5037B04460BB1FBF712F8194E01256D
:1091D000A368032B06D8184AD2F80034DB07FBD566
:1091E000002070BDFFF73EFF08BB23686068196868
:1091F00001F022FB33780BB1FFF71EFF63680433E5
:109200006360236804332360A368043BA360237B6B
:109210000135002BDCD02846E4F7CAFC0028D7D063
:10922000054AD2F80034D907FBD50120D9E76FF001
:109230008B00D6E7CA73002000E0014070B50D46F0
:1092400086B01946284616461C460BF085FB60B3CF
:1092500045EA04039B0728D1FCB14FF0FF334FF0E0
:10926000FF32134803F070FEFAF7BEFF0346CDE964
:10927000026502A804949BB101238DF814300D4BB4
:10928000CDE9003041F64C50FAF7A6FF6846E4F706
:1092900013FC0446064803F01DFE204606B070BDD0
:1092A0008DF81430FFF78CFFF3E76FF01504F4E747
:1092B000A4680020C1910200F0B54068057B01F070
:1092C0001F0444EA4514056987B0002D64D0B2F547
:1092D000001F00F1100506D1214628460BF0C5FD00
:1092E000002007B0F0BD01AE0027B2F5800F019756
:1092F000776039D1B3F1007F14BF052304238DF8C3
:1093000004300023CDE904630393836823FA01F159
:1093100011F001011AD1B2F1A07F17D104F01F039F
:10932000620903F5E0732AD0012A3BD11F4A52F8A3
:109330002330DB070AD40DF10306324621462846C6
:1093400001F0B4F81A4B98421CD0029603AA2146A9
:10935000284600F06DFF174B984220D1012221468C
:10936000284601F007F9BBE7B3F1C06F05D0B3F1B0
:10937000007F14BF01230223C1E70323BFE74FF09F
:10938000A042D4E73146284601F0EEF8094B984256
:10939000DBD06FF00B00A4E76FF08500A1E76FF062
:1093A00015009EE751F82330FFDE00BF0003005098
:1093B0000400AD0B0000AD0B38B545682B69B3B1A7
:1093C0001035284601F0C0F8044680B90146284609
:1093D00001F086F8084B98420BD1084922462846EE
:1093E00001F05EF8224605210620E8F735FC002052
:1093F00038BD6FF00400FBE70000AD0B01940200E4
:10940000420970B5034602D0012A17D070BD0D4E37
:10941000326951680029F9D003F01F0301250C6857
:109420009D400029F2D08A682A4002D04B6830461D
:1094300098472CB1236821461C46F2E7024EE7E725
:109440002346F8E778770300647703002DE9F043BB
:10945000466840F20635D006337B87B002EA050540
:1094600054BFC2F34010032001F01F07B5F5837FFE
:10947000144647EA43178DF8030045D00FD8062D50
:1094800018D007D8B5B1022D40D06FF0150007B045
:10949000BDE8F083B5F5807FF7D101250AE040F201
:1094A0000222954234D0B5F5407F33D0B5F5007F28
:1094B000EBD102250123220303FA01F12CD57368B5
:1094C000C3F80815326982BB07F01F037F0929D052
:1094D000012F77D13E4A02EB830284F48033D2F825
:1094E0000017C3F30043C4F3404444EA430421F4A7
:1094F000E16144EA800421F0070144EA05230B43BB
:10950000C2F800370020C2E70725D3E70425D1E7DA
:109510000525CFE70325CDE7630344BF7368C3F890
:109520000C15CFE74FF0A042D5E710360DF102023F
:109530003946304600F0BAFF14F4403F80460CD163
:10954000394630460BF08FFC224B9845DAD19DF816
:109550000210304601F002F8D4E701AB4FF00009E9
:1095600003AA39463046CDE90439CDE90199CDF851
:109570000C9000F05DFE174B984286D114F4003336
:1095800015D09DF803308DF80E3084F48034C4F388
:1095900000444B4603AA394630468DF80C508DF8EE
:1095A0000D4000F0FFFE0B4B9842CDD06DE7CDE9AA
:1095B000043303AA0DF1030339463046039300F048
:1095C00037FEF0E703F5E07352F82330FFDE00BF0B
:1095D000000300500000AD0B0B680068C01A024B7E
:1095E00080105843704700BFCDCCCCCCD0E90001EF
:1095F000014B0C220DF043BCD99502002DE9F0413E
:109600000569044628460C2740F8044BFFF7EEFF97
:1096100005F1100022490DF0A2F926690025B36872
:109620009D4208D2726807FB05F302EB0308D0588D
:109630000CF0C3FEB8B9666800250C277368AB420E
:1096400008D9326807FB05F302EB0308D0580CF089
:10965000B4FE88B965680C2600246B68A34214D850
:109660000020BDE8F0814FF4803140460BF01AFA3B
:109670000028E0D10135D2E74FF4003140460BF02D
:1096800011FA0028E6D10135D8E72868002106FB49
:1096900004000BF01CFA0028E2D10134DDE700BF22
:1096A000954C0300014B01221A60704700C0004036
:1096B0000C2903690BD1DB6A064907484B4393FB2E
:1096C000F0F100FB113311605360002070476FF020
:1096D0008500704790D0030040420F00044B0069A2
:1096E0000022C3F80021D3F8003103F0F3BB00BF20
:1096F00000C000407FB505692B6B63B3402901D0E2
:109700000C292BD105F118064FF0FF324FF0FF3333
:10971000304603F0E5FA134B0193286B0323002432
:1097200069460394029306F0A8FD4FF0FF324FF014
:10973000FF33284603F008FC286B06F0F5FD0A4BC2
:10974000D3F80825EA6201225A60304603F040FB54
:10975000204604B070BD6FF00A00FAE76FF0850094
:10976000F7E700BFA596020000C0004010B50469ED
:109770000020FFF735FA20634FF0FF32002120462A
:109780000DF00EF804F118000CF021FF0022012169
:109790000C20E8F761FA0C20E8F72EFA024B0122C0
:1097A000C3F80423002010BD00C0004070B50123A1
:1097B00083400E4ABFF35B8FDC4352E8001F01EA8F
:1097C000040542E80056002EF7D1BFF35B8F4FF43B
:1097D000803282400648C0F80823BFF35F8FBFF392
:1097E0006F8F0B4214BF0120002070BD3469002030
:1097F0000010014070B41149D1E9005440F69503BE
:1098000022F07F46521BB2FBF3F043435B1944F155
:109810000004C1E90034A6F50013B3F5400F09D2E6
:10982000074B1B681A0A1B069C19064B42F10005E0
:10983000C3E9004570BC04F03BBB00BF002D002015
:1098400038690020082D002011B3BFF35B8F01237E
:10985000104A834052E800CF4CEA030C42E800C1B2
:109860000029F7D1BFF35B8F0B4A4FF4803383405D
:10987000C2F80433094BBFF35B8F1B68BFF35B8FE8
:10988000C340DB0742BF064B4FF40032C3F8002150
:10989000704700BF3469002000100140306900208B
:1098A00000E100E00D4B1868010A0006BFF35F8F6E
:1098B0000B4BD3F80435181841F10001B3F5801FA4
:1098C0000AD2084BD3E90023904271EB030303D281
:1098D00010F1807041F10001704700BF386900202D
:1098E00000100140082D00202DE9F04F85B01646EC
:1098F0001F469DF840A00446FFF758FF0190FFF770
:10990000D1FFB04271EB070354D23E4B301A67EBE4
:109910000101984271F100014FD23B4B03EB04135C
:10992000D3E902239F4208BF96425ED037494FF4E5
:10993000803804F1500508FA04F8AD00C1F84883F6
:109940002046ADB20BF002FA26F07F4B05F18045C0
:1099500004F5A87305F58835DC464FF0030902933A
:10996000029A2CF07F4341F82230C1F84483D1F8A9
:109970000435274A6FF00200C01A604420F07F408F
:10998000904232D9286868B1D1F804350393A3EB2B
:109990000B0020F07F40B0F5000F26D920460BF0D9
:1099A000D5F9039BBAF1000F07D109EB030C09F1BC
:1099B0000109D5E7BAF1000F09D06FF0150520466F
:1099C0000199FFF741FF284605B0BDE8F08F01235C
:1099D000104ABFF35B8FA34052E8000F184342E8E0
:1099E00000010029F8D1BFF35B8F07490E982301CE
:1099F00001EB0412C8500F9B5360C2E902670025B7
:109A0000DDE700BF01008000F02C002000100140C5
:109A1000FDFF7F00306900202DE9F7432F4CD4F87B
:109A2000043399070BD5D4F8043143B12C4A0023F1
:109A3000C4F80431D4F80431136801331360D4F846
:109A40000433DA0329D5BFF35B8F264B53E8002F8D
:109A500022F0010143E800100028F7D1BFF35B8F2B
:109A6000D30702D4D4F84031BBB10025C4F840512B
:109A7000D4F84031FFF716FFEFF31182202383F370
:109A80001288BFF36F8F184BD3E90267B042B94118
:109A900006D282F31188BFF36F8F03B0BDE8F08365
:109AA0004FF0FF384FF0FF39C3E90289D3E90010C6
:109AB0001D604FF48033C4F84833C4F84051D4F8E3
:109AC000403182F31188BFF36F8F0029E5D00090F9
:109AD00032463B4628468847DFE700BF001001407A
:109AE0003869002030690020F02C002030B5431C7C
:109AF000194D85B004462CD040F6E9639842A8BFC2
:109B00001C46012CB8BF012440F695035C43FFF7C7
:109B1000C9FE124BD3E90013401AB0F5000F28BF5D
:109B2000002400F6940240F695002244B2FBF0F2C5
:109B30004243AA4228BF2A4652184FF00000084963
:109B40000091CDE9010043F10003FFF7CDFE05B020
:109B500030BD2C46DBE700BF9DF57F00002D0020C7
:109B6000F597020010B5FFF79DFE064AD2E90034D2
:109B7000C01A40F695024FF0000361EB0401E2F7D2
:109B8000BFFA10BD002D002010B5084C0123636002
:109B90001120E8F73FF8064BC4F80833C4F84833FF
:109BA000044B4FF40032C3F8802110BD0010014077
:109BB00003000F0000E100E04FF08053D3F83021A4
:109BC000082A06D1D3F83431052B02D8024AD05CDA
:109BD00070470020704700BF41BB030008B54FF03D
:109BE0008053D3F83021082A4ED14FF08042002113
:109BF000C2F80C11C2F81011C2F8381502F5404233
:109C0000D3F80414C2F82015D3F80814C2F82415A8
:109C1000D3F80C14C2F82815D3F81014C2F82C1578
:109C2000D3F81414C2F83015D3F81814C2F8341548
:109C3000D3F81C14C2F84015D3F82014C2F8441508
:109C4000D3F82414C2F84815D3F82814C2F84C15D8
:109C5000D3F82C14C2F85015D3F83014C2F85415A8
:109C6000D3F83414C2F86015D3F83814C2F8641568
:109C7000D3F83C14C2F86815D3F84014C2F86C1538
:109C8000D3F84434C2F87035FFF796FF18B12B4B68
:109C90002B4AC3F88C26FFF78FFF18B1294BFB2204
:109CA000C3F81825FFF788FF70B14FF080414FF0DF
:109CB0008053D1F8E42ED3F8583222F00F0203F08B
:109CC0000F031343C1F8E43EFFF776FF20B11E4BAC
:109CD0004FF40072C3F840264FF08053D3F8303170
:109CE000082B09D14FF08043D3F80024D20744BF9A
:109CF0006FF00102C3F80024144AD2F8883043F40C
:109D00007003C2F88830BFF34F8FBFF36F8F4FF0EF
:109D10008053D3F83021082A0ED1D3F83431052BE3
:109D200002D80B4AD35C3BB14FF01023D3F8082282
:109D30004FF08043C3F8582508BD00BF00500040D5
:109D40004881030000F000400090024000ED00E078
:109D50003BBB030030B50468CCB1BFF35B8FB4FAF2
:109D600084F3C3F11F03DBB201229A4024EA02020A
:109D700050E8005FA54204D140E8002CBCF1000F80
:109D8000F6D1BFF35B8FE6D102480B7030BD0248BD
:109D9000FCE700BF0000AD0B0200AD0B10B503687F
:109DA000CB40DB0714D401238B400268BFF35B8FE9
:109DB00043EA020150E8004F944204D140E8001CFD
:109DC000BCF1000FF6D1BFF35B8FEED1014810BD9F
:109DD0000148FCE70000AD0B0400AD0BF7B50546EC
:109DE000F8B101281BD104224FF4807301464FF0D3
:109DF000804003440244C0F808130026012111608A
:109E00001E608D421B688DF8071008BF0DF1070614
:109E100042F210744FF0804745B1012D28D003B0B5
:109E2000F0BD0C224FF482730221E0E7D7F818341A
:109E300003F480333EB9002BF1D001200AF093FFE8
:109E4000013CF3D1EBE7D7F8182402F003023260AB
:109E5000002BE4D09DF80700012803D10AF083FF0E
:109E6000013CD9D1012DDAD10C4B00225A71D6E731
:109E7000D7F80C3403F480333EB9002BF4D0012022
:109E80000AF071FF013CF3D1EEE7D7F80C2402F0A1
:109E900001023270002BDDD1E6E700BF3C690020F3
:109EA000044B1A7922B9012218609A80024870473F
:109EB000024870473C6900200000AD0B0C00AD0B60
:109EC00008B5094B1B682BB10020E7F7B7FE08B9AE
:109ED000E7F792FE4FF080430022C3F81825034BAA
:109EE00001221A7008BD00BF3C690020CB7300201E
:109EF00010B510B1012843D010BD4FF08043D3F806
:109F00001814D3F81824C80321D502F00303012B39
:109F100004D013B10020FFF761FF00234FF080420F
:109F20000220C2F8183508224FF4827303F18043EF
:109F30000021196002F180421C6801241460154A56
:109F400012680AB34FF08043C3F80403D4E7D3F890
:109F50001424D107E1D5D3F81C249207DAD40D4A92
:109F600012681AB10222C3F80423C5E7D3F804210A
:109F7000002AFBD00022C3F80421D3F80431BBE748
:109F800000224FF48073D1E71A68002AFCD01960D0
:109F90001B68B1E73C69002010B54FF08043D3F84F
:109FA00000216AB10022C3F80021D3F80021012268
:109FB000C3F80823114B587910B95A711B68984798
:109FC0004FF08043D3F8042172B10022C3F804217A
:109FD000D3F80421D3F81824D3F81824920704D115
:109FE0000122C3F818259A6010BD0222C3F8082385
:109FF000024BBDE810401B68012018473C69002057
:10A00000036803F01F025B09026004D0012B0348C0
:10A0100018BF002070474FF0A04070470003005069
:10A02000034A430900F01F00D35C1844C0B27047D4
:10A0300047BB030070B50546FFF7F2FF0C4C083034
:10A040000E4634F81030DA0508D5C3F3432304EB89
:10A05000C302284654F8333052689847A3682BB19E
:10A06000E26831462846BDE87040184770BD00BF21
:10A07000C008002008B5FFF7D3FF034B083033F8C2
:10A080001000400B08BD00BFC008002008B5FFF756
:10A09000C7FF034B083033F81000C0F3400008BD81
:10A0A000C008002008B5FFF7BBFF034B083033F8AA
:10A0B0001000C0F3401008BDC0080020034611F096
:10A0C000010010B5CCB20DD1A207C4F3400012D5E7
:10A0D000094AD2F820055860C2F82005003818BF98
:10A0E000012008E04FF0A041D1F820251A60C1F806
:10A0F0002025002AE8D010BD0003005010B5FFF75E
:10A100008FFF124A083032F81030D9051CD5C3F33E
:10A11000432123F4F85322F8103002F10E040020FA
:10A1200034F8023F13F4807F03D0C3F343239942F2
:10A130000AD001303028F3D1002342F831300448EE
:10A14000BDE81040FFF72ABE10BD00BFC0080020C8
:10A1500038090020F0B505460020044601260746D0
:10A160008C420BD1114BD3F87C2132B10022C3F8C1
:10A170007C21D3F87C3140F00040F0BDE3B29B007D
:10A1800003F580729B0806FA03F31D420BD002F11F
:10A19000804202F5C042D2F800C0BCF1000F02D0EC
:10A1A0001760126818430134DAE700BF006000400E
:10A1B000F7B506460846FFF733FF194F00F10805CB
:10A1C0000C4637F81530DB0727D530460AF027FE56
:10A1D0002046FFF767FF40B12046FFF74BFF31688D
:10A1E00000F5A270002341F820302046FFF786FFDB
:10A1F000002301A827F815300194FFF701FF019B08
:10A2000000EB8300074BD0F80027134043F0020314
:10A21000C0F80037044803B0F0BD0448FBE700BFB6
:10A22000C0080020F0F8FCFF0000AD0B0400AD0BEF
:10A230002DE9FF41164680460846FFF7F1FE0D4620
:10A240003168044609B32846FFF720FF18B12846B5
:10A25000FFF728FF10BB0023CDE900338DF80E3047
:10A260008DF80F300DF10F020B4628460DF10E014F
:10A270000AF07DFD474A04F1080132F8113023F05D
:10A28000020343F0010322F81130736863B32846D8
:10A290001F785968FFF7FAFE10B1D1B13E4826E0A9
:10A2A0003C4A04F1080032F8103023F02003DB04AC
:10A2B000DB0C22F8103061B1032FEFD871684968C8
:10A2C00091F800C0D8F80010A7B90CF5A27C41F8AD
:10A2D0002C70304A04F1080132F8113023F01C03CD
:10A2E00043EA870322F81130B3684BBB2B4804B014
:10A2F000BDE8F08101EB8C0143EA4C33D1F810E565
:10A300002EF0030EC1F810E5D8F8001001EB8C0E0A
:10A3100043F02003DEF8101522F8103021F44F31FD
:10A3200021F44071CEF810152902DEF8108501F4F1
:10A330007C5141EA074141EA0801CEF81015C8E70F
:10A34000D3E900672846FFF7D9FE002ECED0114D85
:10A35000D5E90023964203D19F4201D1002209E0B2
:10A360000F480DF10F01FFF7F5FC0C4B9842BED1E1
:10A370009DF80F2045F8326005EBC20308345F609A
:10A3800035F8143043EA422343F4807325F814303F
:10A39000ACE700BFC00800200400AD0B0000AD0B0F
:10A3A000380900202DE9F0430C4685B08046204650
:10A3B00011461E46FFF734FE054629B32046FFF737
:10A3C00065FE18B92046FFF76DFE18BB314F05F149
:10A3D000080937F8193013F01C0F02D04B78012B05
:10A3E00018D001238DF80F300023CDE900134A1C4B
:10A3F0008B1C20460DF10F010AF0B9FC37F819301B
:10A4000043F0030327F81930002E41D02046FFF710
:10A410003DFE18B9204805B0BDE8F08396F800C0AD
:10A42000D8F800301B4F0CF5A272002143F822101F
:10A4300005F1080237F8121021F02001C904C90CF7
:10A4400027F8121075781DB3D8F80000B67800EB25
:10A450008C002D04D0F8103523F4991323F4F8530D
:10A46000C0F81035230203F47C5305F4403536055B
:10A47000D0F810E52B4306F4801641EA4C31334303
:10A4800041F0200143EA0E0327F81210C0F81035FE
:10A490000248C0E7C00800200400AD0B0000AD0B6F
:10A4A000014BC3E902127047C008002010B50846EE
:10A4B0001446FFF7F7FD50B10846FFF7B1FD054B15
:10A4C000083033F8103004485B0B237010BD03488C
:10A4D000FCE700BFC00800200000AD0B0400AD0B7E
:10A4E00070B5164D95F8804006462CBB214660227B
:10A4F00005F110000CF07FFF30682E6F21468E4270
:10A500000ED10023C0F87C31D0F87C3140F3073005
:10A51000E7F772FB01230A4885F88030AB6770BD0E
:10A52000CBB29B0003F580727C2B08BF845001F1F5
:10A53000010108BF8358E2E70248F0E7C0080020A5
:10A540000000AD0B0C00AD0B034B93F880000038FE
:10A5500018BF0120704700BFC00800200148FFF766
:10A560001DBC00BF340900200148FFF7F3BB00BF4A
:10A570003409002073B503681646D3F80423002A73
:10A58000A8BF4FF000420546A8BFC3F80423084601
:10A590000C46FFF787FD00B30846FFF777FD01463D
:10A5A000D8B92046FFF766FD04B2A40004F5807216
:10A5B000034628688150296882582144D1F8102523
:10A5C00042F00102C1F810252EB12968012202FAD9
:10A5D00003F3C1F8043302B070BD2046FFF720FD3D
:10A5E0000F4B083033F81030C3F38203042B12D022
:10A5F000052B12D001A80194FFF702FD019AD0F8B3
:10A600001035D34003F00103991C204602B0BDE889
:10A6100070400AF0F5BB0321F7E70221F5E700BF20
:10A62000C00800202DE9F04F694BDFF8B081D3F866
:10A630000403D8F87010C0B289B040F00040FFF7B2
:10A6400089FD051E2FDAC24600235AF87C1F06A892
:10A65000CDE90633FFF732FD5E4B01930DF118098A
:10A660004FF0000B019A12F8013B0192DA0803F057
:10A6700007031AF8022022FA03F3DA071CD409F1BF
:10A680000409BBF1000F14D0D8F870104FF000404F
:10A69000FFF760FDD8F87C1006A8FFF70FFD002833
:10A6A000DAD125F000450124002D79D109B0BDE8AB
:10A6B000F08F4FF0010BD5E7474B5B440293D9F87D
:10A6C00000100029DBD0029B91FAA1F11C78B1FAAD
:10A6D00081F141EA44142046FFF7A2FC08300594BA
:10A6E00038F81070C808BB0819F80020039301F06F
:10A6F0000701012303FA01F122EA010209F800200F
:10A7000005A8FFF77DFC059A039B02F5E072C7F3ED
:10A71000820650F822205B073746C2F3014224D557
:10A7200020463946D6B2FFF785FC05A80594FFF709
:10A7300067FC059B03F5E07350F82330C3F3014336
:10A740009E4207D1002120460AF05AFB314620469E
:10A750000AF056FB05A80594FFF752FC059B012261
:10A7600002FA03F3C0F82035A9E7022A0CD103212D
:10A7700020460AF045FB06F00503012BEAD13946D5
:10A780002046FFF757FCE5E70221204603920AF036
:10A7900037FB032EF3D0039A032ADBD1022EEDE719
:10A7A00095FAA5F3B3FA83F304FA03F29B0003F1DD
:10A7B000804303F5C04325EA0205D3F81005D3F81A
:10A7C0001015C0F30520C1F30141FFF733FC6BE71F
:10A7D0000060004057BB030057BB0300C0080020C7
:10A7E000044AD2F80034DB07FBD50160BFF35F8F6A
:10A7F000704700BF00E001404FF080531A69B0FB82
:10A80000F2F302FB130373B9084B0222C3F80425C9
:10A81000C3F80805D3F80024D207FBD5002204486A
:10A82000C3F8042570470348704700BF00E00140AB
:10A830000000AD0B0A00AD0B10B5054C0123C4F8A8
:10A840000435FFF7CDFF0023C4F8043510BD00BF69
:10A8500000E0014010B5184C237853BB0278C2F3D6
:10A860004003920712D54FF08053D3F83021082AC5
:10A870000BD1D3F83431052B07D8104AD35C23B160
:10A880004FF080430122C3F8382601234FF0804265
:10A89000C2F88035037803F00103C2F87835002050
:10A8A000E7F7CCF908B9E7F7A7F9012304482370C3
:10A8B00010BD0448FCE700BFCC73002059BB030067
:10A8C0000000AD0B0C00AD0B4FF080434FF46072F5
:10A8D000C3F80823014B00221A6070474469002026
:10A8E00008B5FFF7F1FF03680BB1014A136008BD1B
:10A8F0004469002010B54FF08043D3F80443620749
:10A9000007D54FF484700AF0C0FA10B11E4B1B68D3
:10A910009847A30608D54FF48A700AF0B6FA18B122
:10A920001A4B00201B689847600608D54FF48C70BE
:10A930000AF0ABFA18B1154B01201B6898472106A5
:10A9400008D54FF48E700AF0A0FA18B1104B002011
:10A950001B689847E20508D54FF490700AF095FA05
:10A9600018B10B4B01201B689847A3050AD54FF47B
:10A9700092700AF08AFA28B1054BBDE810401B68B6
:10A980000220184710BD00BF4C6900204869002014
:10A9900044690020C02AF0B540D0B2F5807F3FD096
:10A9A000802A40F0BB800A2303600346002452093A
:10A9B00043F8044F01EB82028A4233D103680C2B27
:10A9C00035D00E2B63D00A2B26D1564D564900F1B7
:10A9D000A006426955F8044B8768C2F307237C4000
:10A9E000CB5C6340140E10300C5D83EA0443D4B298
:10A9F0000C5D83EA0463C2F307440C5D83EA04231D
:10AA000050F8044C836063400468C36063405A405C
:10AA1000036142618642DCD10020F0BD0C23C3E714
:10AA20000E23C1E751F8044B43F8044FC4E73D4CF3
:10AA30003D4900F1C005C26954F8046B8768C2F350
:10AA400007237E40CB5C7340160E18308E5D83EA80
:10AA50000643D6B28E5D83EA0663C2F307468E5D77
:10AA600083EA062350F80C6C8360734050F8086C3E
:10AA7000C360734050F8046C03617340066843611F
:10AA800073405A408361C2618542D4D1C4E7254DE9
:10AA9000254900F1E006446A55F8042B8768C4F3A1
:10AAA00007237A40CB5C87695340220E20308A5CB2
:10AAB00083EA0243E2B28A5C83EA0263C4F3074298
:10AAC0008A5C83EA022350F8142C8360534050F8C8
:10AAD000102CC360534050F80C2C03615340DAB281
:10AAE00043618A5C7A401F0ECF5D82EA0762C3F33E
:10AAF0000727C3F30743CF5DCB5C82EA072282EAD4
:10AB0000034350F8042C836153400268C3615340EF
:10AB10005C40036244628642BDD17DE76FF01F0056
:10AB20007BE700BF90A503005FBC03002DE9F04F59
:10AB3000C9B0044602A816460D460AF0C7F900231C
:10AB400032466360294602A8FFF724FF0646002824
:10AB500062D1029F039B3548DFF8D4C0276004A967
:10AB600003EB870301EB830251F82330A3605368A2
:10AB7000E36093682361D368636104F1180E103AAF
:10AB80007B1E994671469046B9F1000F2CDD01F10C
:10AB90001004A8F1040B01945BF8044F250E1CF877
:10ABA000055050F825A0E5B21CF8055050F8255086
:10ABB00085EA3A2AC4F30725C4F307441CF8055074
:10ABC0001CF8044050F8255050F824408AEA3565B6
:10ABD00085EA344541F8045B019CA142DCD109F1CE
:10ABE000FF39A8F11008CFE76FF00F014B43002F9A
:10ABF000CCBF1C46002402EB0400C3F10003D8BF05
:10AC000000230EEB030112594EF8032043684B60FA
:10AC100083688B60C368CB6002A84FF48C7100F02E
:10AC2000F3FE304649B0BDE8F08F00BFB8A5030081
:10AC30005FBC03002DE9F04F904644680E684D68F4
:10AC400000F1080202EB840352F824208C68C968E2
:10AC50008FB07240019206925A6855409A680795E3
:10AC60005440DA6808945140026809914FEA620E34
:10AC700003F13000CC4B0EF1FF3E002250E906A656
:10AC8000029650F8106C039650F80C6C049650E93C
:10AC9000087B50F8086C0596BEF1000F00F120000B
:10ACA00050F8249C00F3C68022B1019ACDE90841F6
:10ACB000CDE90625DDE90640DDE90865E1B22A0EA9
:10ACC00053F8211053F8222081EA3221C0F30722E1
:10ACD00053F8222081EA3261C6F3074253F822205A
:10ACE00081EA3241220E794053F822700A91C2B2B1
:10ACF00053F8222082EA3722C6F3072753F8277039
:10AD000082EA3762C5F3074753F8277082EA374271
:10AD1000070EC0F3074053F827C053F82000F7B2DE
:10AD2000360E53F8277053F8266087EA3C27C5F3A0
:10AD3000072CEDB253F82CC053F8255087EA3C6736
:10AD4000C4F3074CC4F3072485EA362553F824409E
:10AD500053F82CC0029B039E85EA346484EA304099
:10AD60005840040E914B0D901D5DCCB282EA0B024F
:10AD70001C5D0B92744084EA0564C2F3072587EAE0
:10AD80003C475D5D87EA0A0784EA0524C7F3074567
:10AD90000C975D5D84EA054E0D0ECDF818E05E5D02
:10ADA000D5B25D5D049CC8F800E0654085EA0665A3
:10ADB000C7F30726059C9E5D85EA0625C0F3074676
:10ADC0009E5D85EA0645160EC2F3074213F806C0DB
:10ADD000C8F80450FEB23F0E9E5DDF5D07956640E9
:10ADE00086EA0C66C0F3072CC0B213F80CC0185CDE
:10ADF00086EA0C26C1F3074CC1F3072180EA09005B
:10AE0000595C13F80CC09B5C80EA076080EA012162
:10AE100081EA034386EA0C4606A8C8F80860C8F829
:10AE20000C3020210896099300F0EEFD00200FB0B1
:10AE3000BDE8F08F0A0E029E53F822C09DF8042050
:10AE400053F822207A4082EA3C2CC5F30722EFB265
:10AE500053F8222053F827708CEA326CC4F307426F
:10AE60008BEA070753F822208CEA324C019A120E23
:10AE70000EF1FF3E53F8222087EA3227C4F307225F
:10AE800053F8222087EA3267C1F3074253F82220A1
:10AE900087EA32472A0EC5F3074553F822B0E2B2DB
:10AEA000240E53F8222053F824408AEA0202C1F308
:10AEB000072AC9B253F82AA053F821104E4086EA57
:10AEC0003421019CC4F3072682EA3B2253F8264032
:10AED00081EA346153F825405FFA8CF581EA344108
:10AEE0000C0E53F82560039D53F8244082EA3A6A19
:10AEF000019A7540C2F3074285EA3426C7F3072456
:10AF000053F8222053F824408AEA324286EA346613
:10AF1000C2F30744FDB253F8244053F8255086EAA3
:10AF2000344401944FEA1C64049E53F824406E405C
:10AF300086EA3425C2F3072453F8244085EA3465B1
:10AF4000C1F3074453F8244085EA34453C0EC7F367
:10AF5000074753F824A0059ED4B2120E53F824409C
:10AF600053F82220664086EA3A24C1F3072AC9B280
:10AF700053F82AA053F8211084EA3A64CCF3074A24
:10AF8000CCF3072C89EA010181EA322153F82C2005
:10AF900053F82AA081EA326153F8272084EA3A4420
:10AFA00081EA3241012269E6B8A903005FBC0300CF
:10AFB0002DE9F04F904644680E684D6800F1080294
:10AFC00002EB840352F824208C68C96856405A6802
:10AFD00055409A685440DA688FB05140026806962E
:10AFE00030334FEA620E0193CE4B079508940991D6
:10AFF0000EF1FF3E0022019850E9087B50E906A0BF
:10B000000290019850F8100C0390019850F80C0C25
:10B010000490019850F8080C05900198BEF1000FBB
:10B0200000F12000019050F8249C00F3C5801AB173
:10B03000CDE90665CDE908410798069E020EDDE9D7
:10B04000084553F82210F2B253F8222082EA312246
:10B05000C5F3072153F8211082EA3162C4F3074196
:10B0600053F8211082EA31425740220E0A9753F8D2
:10B070002210C2B253F8222082EA3122C6F30721FD
:10B0800053F8211082EA3162C5F3074153F82110C9
:10B0900082EA3142290EEDB253F821C053F825500F
:10B0A000E1B2C4F3072453F8211053F8244081EA95
:10B0B0003C21C0F3072CC0F3074053F82CC053F8D1
:10B0C000200081EA3C61C6F3074C360E53F82CC0D1
:10B0D00053F82660029B85EA362585EA346482EAC5
:10B0E0000B0284EA30405840140E8F4B039E1D5DC6
:10B0F0000B92FCB281EA3C411C5D0D90744084EAE5
:10B100000564C0F3072581EA0A015D5D0C9184EABC
:10B110000524C1F307455D5D84EA054E0D0ECDF8AB
:10B1200018E05E5DD5B25D5D049CC8F800E0654046
:10B1300085EA0665C7F30726059C9E5D85EA062518
:10B14000C0F307469E5D85EA0645060EC0B213F8B9
:10B1500006C0185CC8F80450CEB2C1F307219E5D4A
:10B16000595C0795664086EA0C66C2F3072CC2F369
:10B17000074213F80CC086EA0C26C7F3074C3F0EB3
:10B1800080EA0900DF5D13F80CC09B5C80EA076071
:10B1900080EA012181EA034386EA0C4606A8C8F842
:10B1A0000860C8F80C3020210896099300F02CFCA8
:10B1B00000200FB0BDE8F08F2A0E029853F822C08D
:10B1C000F2B20EF1FF3E53F822207A4082EA3C2C84
:10B1D000C1F30722EFB253F8222053F827708CEA0C
:10B1E000326CC4F307428BEA070753F822208CEA3B
:10B1F000324C220E53F8222087EA3227C6F3072268
:10B2000053F8222087EA3267C1F3074253F822201D
:10B2100087EA32470A0EC9B253F822B053F8211018
:10B22000E2B2C4F3072453F8222053F824408AEAF8
:10B230000202C5F3072A82EA3B2253F82AA082EAD7
:10B240003A6AC6F30742360E484053F8266053F870
:10B250002220C5F3074580EA362181EA346153F89C
:10B26000254003985FFA8CF581EA34413C0E53F88F
:10B27000256053F82440704080EA3426C1F3072447
:10B280008AEA324253F82440049886EA3466C2F3CC
:10B290000744FDB253F8244053F8255086EA34465B
:10B2A000140E684053F8244080EA3425CCF3072478
:10B2B000059853F8244085EA3465C1F3074453F8F0
:10B2C000244085EA34450C0EC9B253F824A0D4B208
:10B2D000C2F3072253F82440604080EA3A24C7F3BF
:10B2E000072AC7F3074753F82AA084EA3A64CCF345
:10B2F000074A4FEA1C6C53F82AA053F82CC053F8A5
:10B30000211053F8222089EA010181EA3C2181EAD7
:10B31000326153F8272084EA3A4481EA324101221B
:10B3200069E600BFB8A503005FBB0300F0B50C4B96
:10B330000C4E0446586800B9F0BDC579C5F38405C4
:10B3400056F825502D78A54208D1457905F00F070C
:10B35000B1EB871F02D1B2EB151FEDD00833E9E73F
:10B36000B8AD03004409002038B5044638B390F85E
:10B370004430012B11D1C56B4DB12B7A012B02D179
:10B3800068680AF0C4F80C21284609F047FE2046F8
:10B390004821BDE8384000F037BB006C10B12421D3
:10B3A00009F03CFEE06B0028F1D02368044ADB7909
:10B3B000C3F3840352F823309B699847E7E738BD0D
:10B3C0004409002038B505460C46A9B148220021A1
:10B3D0000CF011F8E379094AC3F3840352F82330DF
:10B3E0005B6913B92C60002038BD9847E8630028DA
:10B3F000F8D1A0F5C340F7E70148F5E7440900207C
:10B40000009FFFFF2DE9F0431E46DBB2012B87B002
:10B4100004468846154672D8D0F80090B9F1000F5E
:10B420006DD090F84430012B39D1C76B1822002120
:10B4300068460BF0E0FF6B0761D13B7A002B5ED1D1
:10B4400099F80620102A08D80D2A08D8023A052AA9
:10B4500005D92C4807B0BDE8F083263AF7E74FF44A
:10B460001053ADF800304FF4407302933B46414611
:10B4700053F8042B0392EA1DD20868460AF018F923
:10B4800010F1860FE5D028B18D301F4818BF6FF03E
:10B490006F00DFE701233B7265602672DAE799F8F7
:10B4A000073003F00303012B06D899F8053003F0A9
:10B4B0000F03B2EB831F22D165602672012EE06B71
:10B4C00099F80730114909D099F8052002F0F004E5
:10B4D000302C03D002F0E002402A0AD1C3F38403E7
:10B4E00051F82330DB682A46414607B0BDE8F043F7
:10B4F0001847C3F3840351F823301B69F3E704486A
:10B50000A8E700BF809FFFFF809EFFFF4409002047
:10B51000009FFFFF2DE9F04F154685B00268DDF86A
:10B5200038A00446884699461AB9634805B0BDE874
:10B53000F08F90F84420012A01D16048F6E70022FC
:10B54000CAF800200268002A00F0B280167916F0CE
:10B550001F0600F0AD80527902F0F002102A15D1DA
:10B56000B54240F0A780CAF8005002685449D27929
:10B57000C2F3840251F8222090F908105568C06B7C
:10B580004246AC4605B0BDE8F04F6047994208D14D
:10B59000436A002BC9D1B5FBF6F306FB1353002B0E
:10B5A000C3D1202AC9D194F90830626A03928BB9B9
:10B5B000039BE268F31A8AB1AB4249D30398143073
:10B5C0002A46414620440BF0EEFE636A2B44636238
:10B5D0000020ABE7012B03D1039BF31AAB42EDD85C
:10B5E000039B002B37D1002DF2D0B5FBF6F706FBFD
:10B5F000175737B994F908301BB9E368002B18BF07
:10B600003746ED1B3A4608EB050104F114000BF038
:10B61000CAFE636A3B446362002DD9D02368284A7E
:10B62000DB79C3F3840352F82330CDE900892A463D
:10B630009E6894F90810E06B04F12803B0470028D5
:10B640007FF474AFDAF800302B44CAF80030BFE75B
:10B65000039B002BC9D0039BA6EB030B03F1140043
:10B660005A46414620440BF09EFE2346144953F8A7
:10B67000142BD279C2F3840251F82220CDE900398B
:10B68000936894F90810E06B1F46324604F12803D2
:10B69000B84700287FF44AAFDAF80030039F3344FC
:10B6A0002F44CAF80030B1446062D844BD1B9AE709
:10B6B00004483BE7044839E7009FFFFF809FFFFFF6
:10B6C00044090020809CFFFF809DFFFF70B50C2384
:10B6D0000024CD5822462EBA42EA460212BAC2507F
:10B6E000043B1A1DC5F3C014F3D1084B1A680B783C
:10B6F00082EAD31253085B4252421343DB17C27BE8
:10B7000003F087035340C373002070BD50690020CD
:10B7100038B50546D0B10468C4B1B9B10123FFF70B
:10B7200071FE044698B92B6883B19B79042B0BD822
:10B73000012B0BD92421012000F072F948B12864B3
:10B74000102100F061F902E0242BF3D0024C2046D6
:10B7500038BD024CFBE700BF009FFFFF809EFFFF4C
:10B760002DE9F04F0F4685B016468046002879D067
:10B770000368002B76D0002974D0046C002C71D0A3
:10B780001D79206A05F01F05F8B12A1AB2421CD2B1
:10B79000103020440BF007FE04F110020023191DA5
:10B7A000A9422CD923441A1B954231D803AB0093EC
:10B7B0002A46234621464046FFF7ACFEE0B9236AFD
:10B7C0002062EA1A334417445E1B05F1FF394FF03B
:10B7D000010A0DF10C0BB144B9FBF5F9CA4538D398
:10B7E0004EB1206A10303246394620440BF0DBFD62
:10B7F000236A33442362002005B0BDE8F08F52F87D
:10B80000100C1368434042F8103C04320B46C6E764
:10B810001A7C19784A4003F8012BC4E7FA58E0581B
:10B820004240E2500B46191D8D4204EB0302F5D253
:10B83000AB4210D3CDF800B023462A4621464046FD
:10B84000FFF768FE0028D7D1761B2F440AF1010AC2
:10B85000C4E70023E7E7F85C1178414002F8011BD8
:10B860000133E5E70048C7E7009FFFFF2DE9F04FF0
:10B870008B4691B08046002800F0C2800368002B00
:10B8800000F0BE80056C002D00F0BA80002900F0A9
:10B89000B7800DF11009102148460DF1200A1C79DE
:10B8A00000F0B2F81021504600F0AEF810210CA8BC
:10B8B00000F0AAF8D8F8006004F01F0416B1367939
:10B8C00006F01F0603AF0CAB009732461946404600
:10B8D000FFF720FE50B9102E08D10CA94846FFF7FB
:10B8E000F5FE18B949465046FFF7F0FE10210CA8A6
:10B8F00000F08AF8D5F820C0A44505F110060FD352
:10B9000049460CA800231A1DA2425FD9A3421BD2AC
:10B91000F25C19F803104A400CA9CA540133F5E748
:10B920000CA9084600239C453BD9F25C00F8012B8A
:10B9300001339C42F7D8D44600231A1DA24235D9C0
:10B940000CAA1A44A34239D30CA90023281F1A1D9C
:10B95000A24245D9EA18A3424AD300972B46224671
:10B9600029464046FFF7D6FD074620B9224629461C
:10B9700058460BF018FD1021484600F045F81021FC
:10B98000504600F041F80023102130462B6200F0B1
:10B990003BF81021284600F037F8384611B0BDE8D2
:10B9A000F08F0CBF01220022D201BFE708685CF8CB
:10B9B000043B434041F8043B1346BEE711781AF8B4
:10B9C0000300414002F8011B0133BBE7AB1851F8FB
:10B9D00004CBDB6883EA0C0340F8043B134692E790
:10B9E000835851F804CB83EA0C0383501346AEE727
:10B9F0000CA81178C05C414002F8011B0133AAE792
:10BA0000004FCAE7009FFFFF10B50A46044619B170
:10BA1000024B00211B68984710BD00BF4809002059
:10BA2000014B1B68184700BF50090020014B1B68E1
:10BA3000184700BF4C09002010B500F0FE44B4F1D7
:10BA4000A06F029A14D0B4F1806F0CBF0B4C0C4C59
:10BA5000A0420DD10124B1F5105F1C7008D10AB1CC
:10BA600002231370054B984205D0054B984202D033
:10BA70006FF0850010BD0020FCE700BF00444004CB
:10BA80000002C0037FB5036816460E4A23F47E13F6
:10BA900093420D4613D169460430FFF7E7FE044692
:10BAA00020B93246694628460BF07DFC68461021D5
:10BAB000FFF7AAFF204609F026FC04B070BD6FF026
:10BAC0008800FAE70002C00310B5036804464BB1D2
:10BAD000094A23F47E13934206D10430FFF744FC55
:10BAE00000232360002010BD4C2200210BF083FCBA
:10BAF0006FF08800F7E700BF0002C0032DE9F843AC
:10BB0000D0F8009005460E461746B9F1000F30D127
:10BB100023F47E140360184B9C420FD100F10408FB
:10BB2000404609F077FA318872884B46204609F082
:10BB300094FA014658B96FF0850416E04C22494644
:10BB40000BF059FC6FF085042046BDE8F8834046B1
:10BB5000FFF738FC20B9728839464046FFF7D8FD18
:10BB600009F0D1FB04460028EED02846FFF7ACFFD1
:10BB7000EAE76FF08804E7E70002C00310B5036846
:10BB80005BB1074C23F47E13A34206D10430FFF7C8
:10BB9000E7FDBDE8104009F0B6BB6FF0880010BDAE
:10BBA0000002C0030E4B0340B3F1607F06D1B1F534
:10BBB000885F14BF6FF0860000207047B3F1707F7C
:10BBC0000BD101F4E043B3F5005F06D111F4E06F4F
:10BBD0000CBF6FF08600002070476FF08600704742
:10BBE0000000C07F8A42F8B506460C4600F0DB80B4
:10BBF0006F4922F4FF7323F001038B420ED06D4B8B
:10BC000022F0FF01994209D06B4822F47F7323F0A0
:10BC10000303834202D0694B994228D1684B24F038
:10BC2000FF0199420FD114F0FF000BD0654B40F09B
:10BC30000070984240F0B98082EA0400FF288CBF6F
:10BC400000200120F8BD5B4B9942ECD0A3F588534E
:10BC50009942E8D024F4FF7323F00103B3F1062FD7
:10BC6000E1D056488142DED053498B42DBD004F00C
:10BC7000FE43B3F1A06F14D102F0FE43B3F1A06F05
:10BC800040F0938082EA040333F47E1340F08D8009
:10BC900014F40040D6D0C4F30540C2F305429042EC
:10BCA000CDE7B3F1407F6AD102F0FE43B3F1407FAC
:10BCB0007BD182EA040535F47E1576D131462046E3
:10BCC000FFF770FF002870D13F4B12F47C1703EA96
:10BCD00002031BD0B3F1607FC2F305473FD13B495C
:10BCE000D3B243F000738B423DD003F17E43043B5B
:10BCF0000F2B01D83649CD5C14F47C1FC4F30543E7
:10BD000033D1BD4214BF002001209BE7B3F1607F17
:10BD10000DD12E49D3B243F000738B421DD003F1F5
:10BD20007E43043B0F2BDAD82A49CF5CD7E7B3F127
:10BD3000707FE1D106F4E043B3F5005F03D1C6F3B1
:10BD4000022301279F4006F4E043B3F5005FD3D1FF
:10BD5000C6F3022101258D40CEE71027BFE7B3F1DE
:10BD6000707FC9D1EFE71025C6E712F47C1F01D11F
:10BD7000AB4218D022047FF565AFBB425FE7B3F159
:10BD8000106F12D124F01F6020F4702068B902F007
:10BD9000FE43B3F1106F7FF455AF0F48104040F0F1
:10BDA0001060A042AEE701204CE700204AE700BF48
:10BDB0000002000600130006000400060009000649
:10BDC00000030006FF0000020000C07F0300000225
:10BDD000A7BD0300A7BD03000000FFF637B50D4D5A
:10BDE0006B78022B0C4612D12B78072B0FD1002336
:10BDF00001930A4601AB0146281D09F021F920B93B
:10BE0000019BA34218BF6FF0930003B030BD6FF0E9
:10BE10008800FAE754690020F0B50446084604F0AB
:10BE2000FE41B1F1106F87B02BD124F01F6121F4D6
:10BE3000702131BB45682D0A00F1200121D106880F
:10BE400006F44F45B5F5824F1BD10F4D0F4F2540DE
:10BE500045F01065BD4214D1F6B2122E11D14588BD
:10BE6000B5F5807F0DD10E9D04950D9D03950C9D1C
:10BE70000092CDE901352346426E09F073FF07B009
:10BE8000F0BD6FF08500FAE70000FFF60000020940
:10BE90002DE9F843884617461C4600F0E9F90546A7
:10BEA00088BBD8F80060B6F8009009F4E043B3F519
:10BEB000804FB36808BF27F0010737EA03031AD1A0
:10BEC0000CB3254B24F0FF029A421FD114F0FF035C
:10BED00004D0224A43F00073934232D0F1682246E4
:10BEE0004846FFF77FFE074668B931692246484653
:10BEF000FFF778FE70BB6FF084050023C8F80030B0
:10BF0000304609F0A2FE2846BDE8F883144B9A4259
:10BF1000DCD0A3F588539A42D8D024F4FF7323F0E1
:10BF20000103B3F1062FD1D00E498A42CED00E4A7A
:10BF30009342CBD004F0FE43B3F1407F04D12304FD
:10BF4000CCD56FF08605D8E7B3F1A06FF7D0034BDF
:10BF50009C42C2E73D46D6E700030006FF00000210
:10BF600000130006000900060004000638B500F0C2
:10BF7000FE43B3F1407F04460D4602D06FF08600C9
:10BF800038BDFFF70FFE0028FAD114F47C1F12D041
:10BF9000C4F30543032B137022D9284A2240B2F17F
:10BFA000607F3DD1264AE4B244F0007494422BD124
:10BFB000102BE5D9E2E7214B2340B3F1607F15D187
:10BFC0001F49E3B243F000738B4202D11023137078
:10BFD000D6E703F17E43043B0F2B04D900231370F3
:10BFE0006FF08500CCE71749CB5CD3E7B3F1707FE6
:10BFF000F4D101F4E043B3F5005FEFD1C1F30221C6
:10C0000001238B40DBB2C5E704F17E44043C0F2CD6
:10C01000B4D80D4A125D9342B0D8202BB0D9DFE7D7
:10C02000B2F1707FAAD105F4E042B2F5005FA5D16C
:10C03000C5F302250122AA40EDE700BF0000C07F42
:10C0400003000002A7BD0300A7BD030007B500233E
:10C0500000911A46024909F0E6FC03B05DF804FBC2
:10C060003CAE030010B5114C2378580744BF23F0B1
:10C07000040323702378990705D500F097F82378F7
:10C0800023F00203237063781BB1094A0023636025
:10C0900053600023064863700821FFF7B5FC23783E
:10C0A000DA0744BF23F00103237010BD5469002058
:10C0B0005869002038B5184C62782378022A01D1DB
:10C0C000072B09D09B070AD52378DD0713D56278A3
:10C0D0002378A2B158071AD50025284638BD00F0AC
:10C0E0005DF8237843F00203237005460028EBD067
:10C0F000FFF7B8FFF1E743F001032370E7E7D90743
:10C10000E8D5064962604A6002226270E2E743F0C5
:10C1100004032370E0E700BF546900205869002041
:10C1200000F140420F2A38B504460D460CD81A4B90
:10C13000682101FB02331A7E022A02D15A69824227
:10C1400018D06FF08B001FE0012109F058FDE0B11D
:10C15000114A00201346117E022902D15169A142E1
:10C1600005D00130102802F16802F4D1E9E7682215
:10C1700002FB00331A7E022A0AD1DA69511C07D069
:10C180000132DA6100202B6038BD6FF08700FBE7D9
:10C190006FF09600F8E700BF60690020024B0122B3
:10C1A00083F8802600207047606900202DE9F04167
:10C1B0000A4C002526464FF001080327C4F81C80CE
:10C1C00027762046013509F085F9102D04F1680421
:10C1D000F4D1002386F88036BDE8F0816069002044
:10C1E000F8B5214D95F8803606460F46002B34D021
:10C1F00000242B462246197EF9B13CB9022905D10B
:10C20000D96919B91979002918BF1C460132102AB9
:10C2100003F16803EFD114B96FF08C000BE0237EBB
:10C22000022B04D1E3695A1C1CBF0133E361204691
:10C2300009F050F910B100240DE01C46237E7BB9B3
:10C240000123237636B1094B651BED105D4305F1E3
:10C250008045356000203C60F8BD6FF08800EAE75B
:10C260006FF09600E7E700BF60690020C54EECC4A0
:10C2700038B5094B00250D6093F880360C4643B164
:10C28000FFF74EFF10F18C0F02D125606FF0870091
:10C2900038BD6FF08800FBE7606900200430042897
:10C2A0009ABF034B33F910006FF08300704700BF53
:10C2B00008B40300014B09F030BE00BFE4AE030038
:10C2C00070B5144688B006460D46204621460C4AF5
:10C2D00009F083FE224621466846FFF7EBFF6A46D7
:10C2E00031463046FFF7E6FF224669466846FFF7CB
:10C2F000E1FF6A4629462846FFF7DCFF08B070BD1B
:10C30000E4AE030030B5044689B009F0CBFD0C4A19
:10C310002146684609F05EFD01210546684609F0A0
:10C320003DFD6A462146104609F054FD2DB1003806
:10C3300018BF0120404209B030BD4FF0FF30FAE78E
:10C34000A0AE030030B589B0044609F043FD214694
:10C350000546054A684609F027FD2A4669462046F3
:10C3600009F04FFD09B030BDE4AE030070B50446DE
:10C3700090B00D461146164609F094FD234A214619
:10C3800008A809F027FD01283DD11146204609F0F3
:10C3900003FE06F12001284609F084FD1B4A2946C8
:10C3A00008A809F017FD01282DD11146284609F0EB
:10C3B000F3FD2A4629466846FFF77CFF22462146C0
:10C3C00008A8FFF777FF08A908462246FFF772FF83
:10C3D00008A908462246FFF7B5FF08A908462246E5
:10C3E000FFF7B0FF08A908462246FFF7ABFF08A9F0
:10C3F0000846064B064A09F07BFD08A9684609F085
:10C4000011FD10B070BD4FF0FF30FAE7E4AE03004D
:10C4100080AE0300F0B5384E99B004460D4608A82A
:10C4200011461746FFF746FF334608AA21466846DD
:10C4300009F05EFD08AA214610A8FFF783FF10AAA5
:10C44000694608A8FFF736FF08AA33461146684632
:10C4500009F04EFD334608AA6946684609F048FDD2
:10C460002A46294610A8FFF725FF10AA3346114691
:10C47000104609F03DFD10AA214608A8FFF71AFF53
:10C4800008AA33461146104609F032FD10AA11469B
:10C490001046FFF70FFF10AA33461146104609F069
:10C4A00027FD6A4669462046FFF704FF08AA214691
:10C4B0002046FFF747FF08AA21462046FFF742FF24
:10C4C0003A4629463846FFF7F5FE33463A4639469E
:10C4D000384609F00DFD224608A92846FFF732FF2D
:10C4E0006A4629462846FFF7E5FE10AA294628464F
:10C4F000FFF728FF19B0F0BDE4AE03002DE9F04FBF
:10C50000A3B00C462C9E31490546924602A83246FD
:10C51000994609F05FFCD6F800B031460BF00102F5
:10C5200002A80DF1480809F06CFC0021404609F012
:10C5300035FC4A4641460AA8FFF704FF012251464E
:10C54000284609F05EFC01224946204609F059FCC4
:10C550001F4A01211AA809F035FD6FEA0B0202F00B
:10C5600001020AA9204609F04CFCFF277B0922AAF8
:10C5700002EB830307F01F0253F8806CD64086EA73
:10C580000B06F24302F001024946404609F039FC2D
:10C5900006F001020AA9404609F033FC1AAA214616
:10C5A0002846FFF737FFCDF8008053461AAA2146E8
:10C5B000284609F054FD013FD8D11AAA2146284641
:10C5C000FFF77EFE23B0BDE8F08F00BFA0AE0300F2
:10C5D000E4AE03002DE9F74306460D46174698469C
:10C5E0004FF00509B9F1010905D14FF0FF3420469C
:10C5F00003B0BDE8F0832021304609F091FD00280A
:10C60000F3D131462846FFF77DFE04460028E9D1E4
:10C61000034B044A009541463846FFF76FFFE6E7B3
:10C6200040AE030060AE030030B599B00D4610ABCC
:10C63000694608AAFFF7CEFF202104466846FFF7A7
:10C64000E3F96CB9084A08A9284609F0F6FC064A3D
:10C6500010A905F1200009F0F0FC204619B030BD0A
:10C660004FF0FF34F9E700BFE4AE030070B5AAB0A5
:10C6700002AD064628461446FFF744FEC8B92246D6
:10C6800012A90AA8FFF772FE0446A8B90AAA22A9AD
:10C690001AA8009512ABFFF731FF094A1AA93046D4
:10C6A00009F0CBFC28462021FFF7AEF920462AB03E
:10C6B00070BD6FF00204F5E76FF00104F2E700BF10
:10C6C000E4AE030070B59AB002AE05463046FFF7FF
:10C6D00019FE0446C0B90E4B0E4A009612A90AA8CC
:10C6E000FFF70CFF20213046FFF78EF90A4A0AA90E
:10C6F000284609F0A2FC084A12A905F1200009F019
:10C700009CFC20461AB070BD6FF00204F9E700BF30
:10C7100040AE030060AE0300E4AE030010B5046950
:10C72000406894F9013024291ED100216170018AEA
:10C73000A1B14FF4B474634393FBF1F11160018A2A
:10C7400093FBF1F401FB14332BB109494B435360C4
:10C75000018A93FBF1F35360002010BD94F902307D
:10C76000136094F90330F6E76FF08500F5E700BF3A
:10C7700040420F0010B483689C693CB1054BA4464D
:10C7800013405DF8044B02F0B07260475DF8044B53
:10C79000704700BF4000000670B504694668E0615C
:10C7A0003379154A012505FA03F3C4E902233068F9
:10C7B0008368DB69211D13B96FF0040070BD2A4640
:10C7C00098470028F8DB337B0C4A05FA03F3C4E9E9
:10C7D0000523B0688368DB6904F11001002BEBD0FE
:10C7E0002A4698470028E7DB04F1280004490AF0AC
:10C7F0005AF80020E2E700BFBF620300D9620300DD
:10C80000F362030070B5044688B10378C3B10D4DDF
:10C810000D4EB54201D3002409E02968A14208D198
:10C82000284609F0CAFD002814BF2C4600242046E3
:10C8300070BD2046DFF77EFC0028F1D01435E8E714
:10C840001C46F4E73C7703005879030038B5EFF352
:10C850001185202383F31288BFF36F8F064B9C68EA
:10C8600009F0BEFD85F31188BFF36F8F2046BDE848
:10C870003840E5F751B900BFFC70002038B5094BCE
:10C8800053F82040013053F82050A54200D838BD5D
:10C89000636823B1204609F0A6FD0834F5E7236854
:10C8A0009847FAE7A8AF030070B52B4B2B4C2C4DE3
:10C8B000012286B003201A70FFF7E0FF01F05AFC56
:10C8C00009F0ADFD0420FFF7D9FF2646AE4204F182
:10C8D000300410D300F0D8FF204C224EAC4226D3B7
:10C8E00000F0E6FF03F0E4F91F4A137B23F0010395
:10C8F000137306B070BD54F80C3C059354F8103C0B
:10C90000049354F8143C039354F8183C029354F8DD
:10C910001C3C019354F8203C009354E90A2354E949
:10C920000C0100F0CDFD54F8303C5E65CDE7D4E954
:10C930000A23B3F1FF3F08BFB2F1FF3F05D052EA2F
:10C940000301206803D101F091F83034C6E7314685
:10C95000183001F037FAF8E7CD730020D87A0300D9
:10C96000D87A03001B6B0300D82D002008B50348BC
:10C97000034A0021121A09F04EFD08BDE80D0020FF
:10C98000D073002070B5144E144D1549C82386B0DD
:10C9900003FB006601220023CDE904230F22CDE929
:10C9A00002320193182303FB00554FF4A072044692
:10C9B00002FB00110B4B0095304600F081FD737BAC
:10C9C0002C7423F004037373074BEE60013403EB04
:10C9D000C4236B6006B070BD102D0020FC700020D9
:10C9E000909C00208F65030090940020BFB500202C
:10C9F000FFF744FF294B83F30888294C294F6369CB
:10CA000043F4007363610025E02384F82230E57766
:10CA100025766576A57684F82050636A43F4E02392
:10CA2000636284F82350E5F737F8E5F7C9F94FF06A
:10CA3000FF33A362E362E5F75DFAE5F7E5F91A482B
:10CA40001A4C00F0A7FD09F0B7FC0120FFF716FF14
:10CA50000220FFF713FF00F05FFF154B15499C61A3
:10CA6000154B05930123CDE903534FF480623B46F8
:10CA7000CDE901550095204600F022FD627B064677
:10CA800022F00402204662730AF00AF82846FFF7F3
:10CA900079FF3A4631462046E5F768F9909C002038
:10CAA00000ED00E0A9C80200882F0020D82D00204A
:10CAB000FC700020D09D0020F3BD030038B5064C6B
:10CAC000064DAC4201D3002038BDD4E90112204606
:10CAD00009F0A6FC1434F4E7B00A0020B00A0020E4
:10CAE00038B5064C064D0020AC4200D338BD204678
:10CAF00009F0FCFC0028F9DB1C34F5E7400A0020B3
:10CB0000B00A002073B50C46EFF31181202585F3A0
:10CB10001288BFF36F8FC5685DB125602B68C36055
:10CB2000836901338361002081F31188BFF36F8F24
:10CB300011E052EA030603D125606FF00B00F3E722
:10CB4000CDE900230246083000F0FCFD18B9034B84
:10CB50009B685B69236002B070BD00BFFC70002061
:10CB60002DE9F34104460E4600F10808EFF3118762
:10CB7000202181F31288BFF36F8F006AE168884239
:10CB800037D22568AC4217D0B5B1284609F00AFD66
:10CB900005F118000AF04BF8A268686931460AF0FE
:10CBA00002FC0023EB67284609F07AFF404639462D
:10CBB00000F044FE002029E0A268E06931460AF056
:10CBC000F2FBE369A26813446269E361934204BF24
:10CBD0002369E361236A01332362102104F12400F5
:10CBE0000AF0F0F80028E1D187F31188BFF36F8FC6
:10CBF0000CE052EA03010CD00749896840464E61B7
:10CC0000CDE900233946224600F09CFD02B0BDE884
:10CC1000F0816FF02200E7E7FC700020F7B50446D2
:10CC200004F108070846EFF31186202181F31288EA
:10CC3000BFF36F8F216A002939D0A268A1690AF079
:10CC4000B2FBA369A268256813446269A361934299
:10CC500004BF2369A361236AAC4203F1FF3323625B
:10CC600033D02846002D31D009F09CFC05F1180086
:10CC700009F0DDFFA2686969E0690AF094FBE369E5
:10CC8000A26813446269E361934204BF2369E361CC
:10CC9000236A0133236200242846EC6709F000FF71
:10CCA0003846314600F0CAFD204603B0F0BD52EAD6
:10CCB000030110D0094989684861CDE90023314654
:10CCC0002246384600F03EFDEFE7002086F311884B
:10CCD000BFF36F8FE9E76FF02200F7E7FC700020E9
:10CCE0002DE9F341044617461E46EFF31188202331
:10CCF00083F31288BFF36F8FC368334A7BB18068B8
:10CD00009168884219D057EA060318D188F3118830
:10CD1000BFF36F8F6FF00F0002B0BDE8F081916834
:10CD200091F90E1021610133E3609368A36088F3E9
:10CD30001188BFF36F8F0020EEE72169F2E791F9C8
:10CD40000E1090F90E309942A8BF19466FF07E027E
:10CD50009142B8BF11468B422DDD09F030FC0546EB
:10CD6000CDE9007619482246414600F0EBFC002848
:10CD7000E1D0EFF31186202383F31288BFF36F8F86
:10CD8000A068D0B1236821699C420AD04BB193F9C5
:10CD90000E309942A8BF19466FF07E039942B8BF82
:10CDA000194609F00CFC40B10848314600F046FD38
:10CDB0006FF00A00B0E70025D2E7002DF4D186F32A
:10CDC0001188BFF36F8FF3E7FC700020CE73002053
:10CDD000F8B583680546002B3FD0234A92689342FA
:10CDE0003ED1C368012B03D9013BC3600020F8BDCD
:10CDF000EFF31187202383F31288BFF36F8F01694C
:10CE0000806809F0DCFB2C68A54207D10023C5E946
:10CE1000023387F31188BFF36F8FE7E7002CF5D05B
:10CE2000D4E9003213605A60637B002623F00203CA
:10CE30006373C4E90066A66004F1180009F0F7FE08
:10CE4000AC6094F90E302B612046E66709F028FEAD
:10CE50000648394600F0F2FCC8E76FF01500C6E757
:10CE60004FF0FF30C3E700BFFC700020CE730020FE
:10CE700037B51146EFF31185202282F31288BFF3F4
:10CE80006F8F04689CB12368426823F003039442C7
:10CE9000036008BF43600121204609F01EFC0446E0
:10CEA00085F31188BFF36F8F204603B030BD51EA80
:10CEB0000302F5D000F10802CDE90013104629461F
:10CEC00000F040FC0028EFD1014B9B685C69EBE768
:10CED000FC70002070B5EFF31186202383F31288D5
:10CEE000BFF36F8F0468A0421AD0CCB1D4E90032EE
:10CEF00013605A60637B002523F00203C4E90055E8
:10CF00006373A56004F1180009F091FEE5672046FF
:10CF100009F0C6FD31460B48BDE8704000F08EBCFC
:10CF2000D0E902329A4218BF0133836002211030E7
:10CF300009F048FF0028EDD186F31188BFF36F8F09
:10CF400070BD00BFCE73002013B5EFF31181202414
:10CF500084F31288BFF36F8F846844B1013C84600E
:10CF600081F31188BFF36F8F002002B010BD52EA29
:10CF7000030406D181F31188BFF36F8F6FF00F00A8
:10CF8000F3E7CDE900230246014800F0DBFBECE7C4
:10CF9000CE7300202DE9F8430546EFF311882023D6
:10CFA00083F31288BFF36F8F002637466FF00A09AC
:10CFB0002C68A54216D0ACB1D4E9003213605A6097
:10CFC000637BA76023F002036373C4E9007704F175
:10CFD000180009F02CFEC4F87C90204609F060FD92
:10CFE0000126E5E70023AB60022105F1100009F0FE
:10CFF000E9FE30B92EB988F31188BFF36F8FBDE811
:10D00000F88341460248BDE8F84300F017BC00BF72
:10D01000CE7300201FB5094A92E8030002AB83E8F3
:10D0200003004FF400620093054906484FF0FF33B8
:10D0300000F06AF9002005B05DF804FBB47C030041
:10D04000D0A10020A02E00202DE9FF414F4E044624
:10D050002027EFF3118887F31288BFF36F8FD4F87E
:10D06000C850F5B9022104F1E00009F0A9FB00283D
:10D0700068D004F1D80500220121284609F09CFD62
:10D080000028F8D1002302934FF0FF324FF0FF3316
:10D09000CDE90023414604F1D0023D4800F0B0FD47
:10D0A000D7E7D4F8CC202B68C4F8C830954208BF25
:10D0B000C4F8CC30D4F8E03043F00203C4F8E030D8
:10D0C000EB6823F0040343F00103EB606B6888F323
:10D0D0001188BFF36F8F28469847EFF3118887F3C5
:10D0E0001288BFF36F8FEB68D80623F0010236D4A5
:10D0F000EA60EB689A0716D5306823F00203EB600C
:10D1000088B10368002170B14268954235D1036847
:10D1100069BB72683360824200D17360002340F8BB
:10D12000083BFFF7D7FED4F8E03023F00203C4F841
:10D13000E03088F31188BFF36F8FDB0589D400F0EE
:10D14000F3FB86E7D4F8E030D9069BD5C4F8E000BD
:10D1500088F31188BFF36F8F04B0BDE8F08123F02E
:10D160001103EB6005F11000FFF7B4FEC1E70B609F
:10D170007368834208BF7160D0E723B11A68014623
:10D1800018461346BFE71A46F9E700BF247100208E
:10D19000CE73002070B5C368C3F340069B070546F5
:10D1A0000C460DD50122002104F1080009F0F8FA1F
:10D1B00000232360054B65605A681AB9C3E900442F
:10D1C000304670BD14605C60FAE700BF2471002037
:10D1D000F8B5C3689A0704460F46C3F340062CD43B
:10D1E0005B071AD40B680BB983680B60E368DD0733
:10D1F00044BFA3683B603D684CBF02260126002D5A
:10D200003AD01F4B9B68AB420AD0D5F8E030D80724
:10D21000C3F3800214D46FF0120600233B6025E0B4
:10D2200009F0FBFBD5F8E0300028F0D1D907C3F3B3
:10D23000C002F0D552B15B0708D46FF00F06ECE7DF
:10D24000002AFAD1C3F3C003002BF6D100232360D8
:10D25000D5F8CC3063B9C5E93244284609F0CBFA99
:10D26000E36843F00403E3603B68A3603046F8BD25
:10D270001C60C5F8CC40F0E76FF01506CDE700BFA5
:10D28000FC700020F8B5C36803F00503002B0646C8
:10D290000C4614BF012700271CD0856801220021FD
:10D2A00004F1100009F07CFA1349204609F0FBFA5A
:10D2B000E36843F01003E360F3685B0712D533685B
:10D2C00023606BB9D5F8CC3033B9C5E93244284670
:10D2D00009F091FA3846F8BD1C60C5F8CC40F6E775
:10D2E0003460F4E7D5F8C8302360D5F8CC30C5F801
:10D2F000C840002BEBD1F0E7D76703000146014897
:10D3000009F0FCBAA02E0020F0B589B00446002038
:10D31000C4E932000E9D04F1D000C4E9340004F1E8
:10D32000D800C4E936004DB32879002840F2011036
:10D3300008BF0120C4F8E00000204FF0FF364FF096
:10D34000FF37CDE90330CDE90100CDE906670C4B8D
:10D350000094204600F0F2F855B1296811B120463A
:10D3600009F061FB6B791BB1237B43F0010323734D
:10D37000204609B0BDE8F04000F078BB0120D9E7B5
:10D3800049D0020037B501900846EFF311842021FF
:10D3900081F31288BFF36F8FC16811F01E0F16D191
:10D3A00053EA020508D101A9FFF712FF84F311889F
:10D3B000BFF36F8F03B030BD41F00801C160019928
:10D3C00081621030034900F0FDFC0120EEE70020EF
:10D3D000ECE700BF6B68030001460148FFF7D2BFCE
:10D3E000A02E0020F7B50C46019016461D46EFF31F
:10D3F0001187202383F31288BFF36F8F084609F04B
:10D40000EBF955EA060309D101A92046FFF7E0FE32
:10D4100087F31188BFF36F8F03B0F0BDE36807494E
:10D4200043F00803E360019BA36204F1100032465D
:10D430002B4600F0C7FC0120EAE700BF6B68030041
:10D4400001460148FFF7CEBFA02E00202DE9F04194
:10D450000546EFF31187202383F31288BFF36F8F04
:10D460000468A04223D014B3204609F0C9FA04F19D
:10D47000180009F0DCFB0026B046C4F87C8020468A
:10D4800009F00EFB2C68A54206F1010608D03CB15C
:10D49000204609F0B5FA04F1180009F0C8FBECE7E2
:10D4A0000648394600F0CAF93046BDE8F08187F3F6
:10D4B0001188BFF36F8F0026F6E700BFCE73002000
:10D4C0002DE9F04385B0984600F158030732C0E9D2
:10D4D0001633109B037322F00705042300264373C1
:10D4E00001EB05090F9B83730F46C0E906664946A9
:10D4F0008660C6730446E4F777F907300E9B20F088
:10D500000700E066C4E9197502930D9B0193A9EB2E
:10D5100000090C9B00934A46434639462046E4F7EF
:10D52000E1FB054B66659B6803B11B6F23674846AB
:10D5300005B0BDE8F08300BFFC700020F0B587B0F7
:10D5400000250595109D04950F9D03950E9D029550
:10D55000DDE912760D9D01950C9D00950446FFF7BF
:10D56000AFFFB6F1FF3F08BFB7F1FF3F05D056EA66
:10D57000070305D1204600F079FA204607B0F0BD38
:10D5800003493A46334604F1180000F01BFCF4E767
:10D590001B6B030040F2011383810023C0E91933A0
:10D5A0000367014B98607047FC700020094A93683C
:10D5B0006FF00A01D967084998674B6843F08053B8
:10D5C0004B60002383F31188BFF36F8F9368D86F8C
:10D5D000704700BFFC70002000ED00E070B590F9CE
:10D5E0000D20437B002A36DBD90634D11B4C63F077
:10D5F0007F032246437352F81C3F216A934207D1AE
:10D60000C0E900210860206211E09942F8D01B684F
:10D61000002BF5D090F90E5093F90E60B542F4D07E
:10D62000AE42F2DD5968C0E9003108605860E56932
:10D63000954200D005B9E568A3685A7BD20604D1AB
:10D64000DA897F2A01D9AA6932B1AB4202D02846D1
:10D6500000F016FBA56170BDA361FCE7FC70002023
:10D6600038B590F90D20437B002A014604DA03F017
:10D670007F03437309F0DAF90D4D2A46AB6852F87F
:10D680001C4F944200D004B9EC688B4207D05A7BFF
:10D69000D20604D1DA897F2A01D9A2692AB1A3422C
:10D6A00002D0204600F0ECFA2346AB6138BD00BF43
:10D6B000FC70002070B590F90D20437B002A0146D4
:10D6C00004DA03F07F03437309F0B0F94B7B1C4C81
:10D6D00063F07F0322464B7352F81C3F206A93424B
:10D6E00007D1C1E900200160216211E09842F8D021
:10D6F0001B68002BF5D091F90E5093F90E60B542DE
:10D70000F4D0AE42F2DD5868C1E9003001605960E2
:10D71000E569A368954200D005B9E5688B4207D05A
:10D720005A7BD20604D1DA897F2A01D9AA692AB1A3
:10D73000AB4202D0284600F0A3FA2B46A36170BD8D
:10D74000FC700020F8B5124B0C461146114A98683F
:10D750001060DDE90676EFF31182202282F3128851
:10D76000BFF36F8F9D68284609F072F9B6F1FF3F4D
:10D7700008BFB7F1FF3F06D007493A46334605F1E7
:10D78000180000F01FFB2046BDE8F840FFF70EBF71
:10D79000FC7000202C7100201B6B0300F8B50446C0
:10D7A000EFF31187202383F31288BFF36F8F437B3E
:10D7B00003F01F02002A0CBF0126002649B239D10E
:10D7C00003F07F03437309F031F91B4D437B8173F1
:10D7D00063F07F032A46437352F81C3F934227D1DC
:10D7E000286AC4E9002004602C620FE08342F8D06C
:10D7F0001B68002BF5D093F90EC06145F6D08C451F
:10D80000F4DD5968C4E900310C605C60EC69944255
:10D8100000D004B9EC68AB689C4202D0204600F00E
:10D820002FFAAC6187F31188BFF36F8F3046F8BDD4
:10D83000286ADEE78173F5E7FC70002049B9EFF351
:10D84000058030B9054B9A699B689A4201D0FFF771
:10D85000ADBE81F31188BFF36F8F7047FC7000205D
:10D86000034648B9EFF3058232B9064A91699268D6
:10D87000914201D0FFF79ABE83F31188BFF36F8FF7
:10D88000704700BFFC700020EFF31181202383F369
:10D890001288BFF36F8F054B9A68D37B013BD3731C
:10D8A00081F31188BFF36F8F704700BFFC700020B9
:10D8B00070B5EFF31186202383F31288BFF36F8FC7
:10D8C000144DAB68DA7B0132DA732A4652F81C4FEA
:10D8D000944200D004B9EC685A7BD20604D1DA89AC
:10D8E0007F2A01D9A2692AB1A34202D0204600F0C2
:10D8F000C7F92346AB6186F31188BFF36F8FEFF34F
:10D900001180202383F31288BFF36F8FBDE870402E
:10D91000FFF7A6BFFC700020024B03F11C02C3E915
:10D9200007227047FC70002070B5EFF311862023AA
:10D9300083F31288BFF36F8F1B4CA168206A0B68BA
:10D94000814214BF1A46002249680B605960A368DF
:10D95000216A2AB9154AC3E900210B6023620CE051
:10D9600093F90E0092F90E50A84218D0854216DDA8
:10D970005168C3E900210B605360E5690B4B9D4280
:10D9800000D005B9E568A3689D4202D0284600F0A2
:10D9900077F9A5613046BDE87040FFF707BE8A42BF
:10D9A000D8D01268D5E700BFFC70002018710020A5
:10D9B00050EA01032DE9F04105460E4604D1FFF778
:10D9C000B3FF0020BDE8F081831C71F1FF3324DB3D
:10D9D00009F04EF94419EFF31188202383F31288DC
:10D9E000BFF36F8F0F4F104BB8681860FFF738FE0A
:10D9F000B8680E492A463346183000F0E3F9BA6891
:10DA0000537B43F0040353734046FFF7CFFD09F007
:10DA10002FF9201A20EAE070D4E76FF00104241AED
:10DA2000D9E700BFFC7000202C7100201B6B0300A5
:10DA30000C490D4A38B500244FF400458C46214668
:10DA4000C0FB05C100236046DEF75AFBC117FFF794
:10DA5000AFFF054A47F6FF73C0FB0234DB0B43EA16
:10DA6000444038BD3F420F0040420F0038B50446E5
:10DA7000EFF31185202383F31288BFF36F8F437B6D
:10DA80005B070FD5183009F0D2F8637B23F004034D
:10DA900020466373FFF7A2FD29460548BDE83840DC
:10DAA000FFF7CCBE85F31188BFF36F8F38BD00BF81
:10DAB000CE730020014B9868704700BFFC700020B7
:10DAC0002DE9F8430446077BEFF31185202383F308
:10DAD0001288BFF36F8F437B190705D585F3118833
:10DAE000BFF36F8FBDE8F883D90943F008025DD119
:10DAF0004273A36813B1204608F0A0FF04F1180098
:10DB000009F095F8A66D04F15808B04511D04FF012
:10DB1000000976B1304608F091FF06F1180009F0CF
:10DB200086F8C6F87C903046FFF758FDA66DB045E4
:10DB3000EFD1DFF8C880D8F808309C423ED1EFF32F
:10DB40000589B9F1000918BF4FF00109D8F81C6028
:10DB5000284A964200D00EB9D8F80C60B34202D0E1
:10DB6000304600F08DF82046C8F81860E4F7DAF87F
:10DB7000B9F1000F02D02048FFF70CFDD8F80830AB
:10DB80009C4231D1EFF3058373BB227BD20718D4BB
:10DB90002846FFF70BFDFB07A4D5002383F311886C
:10DBA000BFF36F8F0423184602DF9BE703F07F0368
:10DBB00043F00803437308F039FF9AE74FF0000978
:10DBC000C4E785F31188BFF36F8F83F31188BFF328
:10DBD0006F8F0423184602DFEFF31180202383F3B5
:10DBE0001288BFF36F8FD4E785F31188BFF36F8F6F
:10DBF000D1E700BF18710020882F0020FC700020A2
:10DC0000D3B5DDE90667089CCDE90067FFF79AFD0B
:10DC10001CB1034B9B685B69236002B0D0BD00BFA1
:10DC2000FC700020044BC01A044BC0105843044B36
:10DC300001221A54704700BF50300020ABAAAAAA94
:10DC4000CE730020C3897F2B12D80A4B1B6863B1A7
:10DC5000094B90F90E201B689A4209DB437BDB06D7
:10DC600006D1064BC31A18BF012303F00100704709
:10DC70000023FAE73471002030710020102D0020BD
:10DC800070B50E4B0E4C1E7C06EB460304EBC30432
:10DC90000546204608F0CBFF0A4B002228469A553D
:10DCA000FFF7D0FF48B1084B08491A68013A2046EF
:10DCB000D317BDE8704000F085B870BDFC7000203F
:10DCC00050300020CE7300203471002025DC02008B
:10DCD00038B5EFF31185202383F31288BFF36F8FDC
:10DCE000104B114A9C681068A04206D1FFF7C8FF8C
:10DCF00085F31188BFF36F8F38BD00211B7C116045
:10DD00000A4AD35C002BF3D02046FFF79BFF002884
:10DD1000EED0637BDB0602D12046FFF7CBFC20462A
:10DD2000E4E700BFFC7000202C710020CE730020BF
:10DD30000748084A084908B5121A08F06EFB074858
:10DD4000074A0849BDE80840121A08F066BB00BF40
:10DD500000000020E40D0020C0BE030000000020F1
:10DD600000000020C0BE0300024B1868984208BFA4
:10DD70000020704754090020034B1B680BB9FBF7C8
:10DD8000F1BE0020704700BF3871002030B570B17F
:10DD90000B4B5B6898420AD0036843B1D3E9042176
:10DDA000D0E90445121941EB0501C3E90421D0E98A
:10DDB000003213605A600023C0E9003330BD00BF59
:10DDC00054090020B3F1FF3F08BFB2F1FF3FF8B59F
:10DDD00004461D4616465AD08160EFF31187202372
:10DDE00083F31288BFF36F8F013275F1FF3321DAAD
:10DDF0002C49D1E900206FF001039B1A4FF0FF324C
:10DE000062EB00009E1B60EB0500012E70F1000329
:10DE100001DA01260020C4E90460FFF7A5FF224EC5
:10DE200084467068BCF1000F0DD1C4E90060046045
:10DE300074601CE0FFF7A0FF013645F100053618BD
:10DE400045EBE070E7E7DCE90425D4E904319342CF
:10DE500071EB050E1CDAD21ADCF8043065EB010513
:10DE6000CCE90425C4E900C31C60CCF80440FFF7EA
:10DE70007BFF844207D10D4B1C6824B908F0BEFE1D
:10DE80002146FBF733FE87F31188BFF36F8FF8BD90
:10DE90009B1A61EB05018445C4E90431C5D0DCF867
:10DEA00000C0BFE76830002054090020387100200E
:10DEB0002DE9F047EFF31185202383F31288BFF398
:10DEC0006F8F254F254E3860FFF74EFF4FF000084B
:10DED0004FF000093B68D6E9001E4FEAE37C50B1E1
:10DEE000D0E90442A3427CEB020A18DAE41A62EB9E
:10DEF0000C02C0E904425B184EEB0C020024C6E998
:10DF000000323C6008F07AFE2146FBF7EFFD85F316
:10DF10001188BFF36F8FBDE8F047FFF7D9BE6118D6
:10DF20004EEBE473C0E90489C6E90013FFF72EFF46
:10DF300085F31188BFF36F8F83689847EFF31185DE
:10DF4000202383F31288BFF36F8F3B681B1B3B605A
:10DF5000FFF70AFFBEE700BF3871002068300020DD
:10DF600010B5EFF31184202383F31288BFF36F8F72
:10DF7000FFF702FF054A0346D2E90001181841EBFA
:10DF8000E37184F31188BFF36F8F10BD68300020F8
:10DF9000F8B50446EFF31187202383F31288BFF30B
:10DFA0006F8F026822B187F31188BFF36F8FF8BDBE
:10DFB000D0E90A36581C46F10001022871F100012F
:10DFC00027D3012B76F10001BCBF012316465D1E4D
:10DFD00046F1FF3608F050FE013041F100014019D2
:10DFE00046EB0101012871F1000139DB08F044FE24
:10DFF000013041F100016FF00102401946EB0103CD
:10E00000121A4FF0FF3161EB030318492046FFF766
:10E01000D9FE236B01332363236A6BB187F3118825
:10E02000BFF36F8F236A20469847EFF311872023B1
:10E0300083F31288BFF36F8F54F8185FA542B2D0F4
:10E04000002DB0D0284608F03AFD0023EB6787F397
:10E050001188BFF36F8F2846BDE8F84008F020BD57
:10E060006FF001024FF0FF33CFE700BF91DF0200F6
:10E070002DE9F04105461C4690461F46EFF31186F8
:10E08000202383F31288BFF36F8FB4F1FF3F08BFE3
:10E09000B2F1FF3F05D186F31188BFF36F8FBDE862
:10E0A000F081531C74F1FF3309DB012A74F1000382
:10E0B000BCBF0122002412F1FF3844F1FF3728468B
:10E0C00008F0B5FDDDE90623C5E90A2300232B632B
:10E0D000034942463B462846FFF774FEDBE700BF94
:10E0E00091DF020038B50346EFF31185202282F359
:10E0F0001288BFF36F8FC160012181600068834285
:10E1000006D185F31188BFF36F8F0024204638BDF8
:10E11000D0E9003213605A600023C0E9003308F0F0
:10E120000EFE294604460248FFF788FBEEE700BFD3
:10E13000CF73002073B506460D4608F06EFC78B923
:10E140000B4B9B681C6F7CB12A1D09D2002000215B
:10E15000CDE9000146F00401204608F06AF908B94B
:10E16000002401E00460041D204602B070BD00BF21
:10E17000FC700020014801F06FBF00BF01BE03002A
:10E180000CB430B589B005460C461C22002101A80C
:10E1900009F031F902238DF806300E4B02930595F4
:10E1A00023462CB1B4F1004F28BF4FF00043013B90
:10E1B0001D440DAA0C99069501A8009200F036F9AD
:10E1C00014B1059B00221A7009B0BDE8304002B0BE
:10E1D000704700BF877503000EB470B589B00DADF0
:10E1E00004461C22002101A855F8046B09F003F92C
:10E1F00002238DF806300B4B029304F10043013BE0
:10E200002A46314601A806930594009500F00EF9C0
:10E210000028A4BF0023235409B0BDE8704003B018
:10E22000704700BF87750300242AF0B5044601D863
:10E23000012A40D109F0B0F92D4B16221A5001B134
:10E240000C600020F0BD2F463D4615F8010B20283C
:10E25000F9D0A0F10906042E0346F4D92B282CD0BE
:10E260002D282CD101267B78BD1C302B2DD1287870
:10E2700040F02000782824D132F0100021D16B78B2
:10E280002C46102202350020392B82BF03F1FF33C8
:10E2900043F02003263B303B9A421AD9A0FB0204EC
:10E2A0000CB9C01801D346F002062F462C4617F8C9
:10E2B000013B3D46E8E70746C6E70026D3E70026D0
:10E2C000D3E7002A08BF0822DDE7002A08BF0A2298
:10E2D000D9E701B10C60F20748BF4042B307B1D59E
:10E2E00009F05AF9024B22221A504FF0FF30A9E7E9
:10E2F0000C0000002DE9F04101260746B24201DC86
:10E30000BDE8F0813B461F4613F8014B002CF7D0C7
:10E31000252CF8D11C78252C07F10207F2D0002318
:10E32000DFF804819C461D461F2D18D8A4F1200E4D
:10E33000BEF1100F09D9A4F1300EBEF1090F1ED89D
:10E340000A2404FB03E3202504E028FA0EFE1EF055
:10E35000010F06D017F8014B002CE5D128E07F2DE6
:10E360001CD8A4F1300EBEF1090FE9D9242C10D12C
:10E37000BCF1000F46D0B34246D00023EAE724F0B8
:10E38000040EBEF12A0FF8D06C2C09D145F080059F
:10E39000E0E724F0040EBEF12A0FEED06C2C22D060
:10E3A0006C2C1BD8682C23D06A2C28D04C2C26D05F
:10E3B000BCF1000FA4D0B445A0D144F02007A7F1D0
:10E3C000650CBCF1020F0B6801D9612F1ED1073318
:10E3D00023F0070308330B6001368EE7742CB9D0A5
:10E3E0007A2CB7D0E4E72C0648BF45F40075CDE79A
:10E3F000EC0548BF45F4007545F48075AAE745F47F
:10E400002075A7E79C46B8E76324D6E7692C02D0BD
:10E4100007D8632C03D02F0601D5AC05D7D404331D
:10E42000D9E7732CF6E700BF892801002DE9F04FEA
:10E4300093B043680193837880469807CDE906122C
:10E4400017D50B920B4600251F78A7B1252F16D0A4
:10E4500001330593019B414638469847002805F152
:10E46000010580F2528498F8023043F0040388F8E2
:10E4700002304FF0FF35284613B0BDE8F08F5F78CB
:10E480009A1C252F0592E5D000242646A246A346D5
:10E49000BBF11F0F32D8A7F12003102B0AD8DFE8F9
:10E4A00003F02409092A0909091B09090922092776
:10E4B00009091900A7F13003092B2DD92A2F39D1C9
:10E4C00054B90B9B1BF0400F53F8042B0B9329D02E
:10E4D000164601E04BF0010B059B13F8017B0593F9
:10E4E000002FD5D15BE04BF0020B4BF0040BF3E7B0
:10E4F0004BF0080BF0E74BF0100BEDE7BBF17F0F93
:10E500003FD8A7F13003092BD8D81BF0400F03D018
:10E510000A2202FB0636DFE70A2202FB0A3A4BF028
:10E52000200BD9E7B2F1000AF9DACAF1000A4BF080
:10E53000280BD1E72E2F05D11BF0400F9BD14BF0BC
:10E54000400BC9E7242F1CD1002C00F04381079B0E
:10E550000B931BF0400F0AD1524606980BA9FFF708
:10E56000C9FE0B9B1A1DD3F800A00B92B4E73246EC
:10E5700006980BA9FFF7BEFE0B9B1A1D1E680B9297
:10E58000AAE76C2F00F0138100F20A81682F00F0D7
:10E5900016816A2F00F01B814C2F00F0188134B1D6
:10E5A000079B06980B9322460BA9FFF7A3FE002EAC
:10E5B00047F02003B8BF2BF0400B0293A3F1650393
:10E5C000BCBF1FFA8BFB0026022B40F20881029B86
:10E5D000612B40F08382FF4307F0200304930B9BE1
:10E5E000073323F0070303F108021BF0400F93EDFC
:10E5F000000B0B9218BF3146049A08BF4FF0FF3151
:10E600000CA808F000FF431CDBB24BF4C05403938A
:10E61000DDF8309070230646A3460127029309F1E6
:10E620000903122B0CD909F16303C62B40F21181A7
:10E6300009F2E73340F2CE72934294BF03270427D6
:10E640009DF8342002F00C0312F0010240F01C810E
:10E650001BF0020F40F015811BF0040400F0FB805A
:10E66000002B40F0148120231BF4405F21D1039A3A
:10E670004832002E6A4408BF0126133A039921B19B
:10E6800012F8011D302900F039811BF0100F039A98
:10E6900018BF324619F1040FC0F23581B14580F23E
:10E6A00032814A454BF4005B40F32F8109F10106AA
:10E6B000961B1BF40052089200F0298129EAE974A4
:10E6C000013403B10134002E00F02881721C14447F
:10E6D000A245CCBFAAEB040400241BF0090F04D10F
:10E6E0002C44A54240F01F81002443B11846414606
:10E6F000019B9847002805F10105FFF6B4AE1BF415
:10E70000006F13D0019B4146302098470028FFF648
:10E71000AAAE049BC3F178004146019B00F0F800CB
:10E720009847002805F10205FFF69DAE1BF0080F83
:10E7300005D12C44AC4240F0028125460024089BC0
:10E74000002B00F02C8129EAE97AA9EB0A02764233
:10E75000039B0292934284BF0CABD3180AF1FF3A99
:10E760008CBF58793020564505F1010700F3F18040
:10E77000019B41469847029A002802F10102FFF6E8
:10E7800072AEBAF1FF3F09D1019B029241462E20A1
:10E7900098470028FFF667AE029AAF1C3D46D7E7C0
:10E7A000742F3FF499AE7A2F3FF496AEF7E61BF044
:10E7B000800F18BF4BF4007B4BF0800B8CE61BF4F2
:10E7C000807F18BF4BF4007B4BF4807B84E64BF4D6
:10E7D000207B81E62646B3465446B2467CE6FF439C
:10E7E00007F0200304930B9B073323F0070303F187
:10E7F000080293ED000B029B0B921BF0400F08BF29
:10E800000626652B11D1711C0022C9B24BF4805B26
:10E810001346112928BF11210CA800F015FBC3B223
:10E82000DDF8309003930227F9E6029B662B05D1B1
:10E830004BF4005B334601221121EAE7F1B20129D2
:10E840004FF000024FF0650038BF012113460290DF
:10E85000DFE70227F4E6002B3FF406AFBAF1030F1F
:10E860003BDC9DF834309B4E13F0080F9A4B08BFE9
:10E870001E46B1464F4619F8010BB0BBAE1B3744DC
:10E8800088E033BB2B23EFE62BBB2D23ECE62022C5
:10E89000BAF1040F13DD1BF0080FAAF104040FD125
:10E8A0002C44019B0292414620209847002805F104
:10E8B0000105FFF6D8ADA542029AF2D19AB1002423
:10E8C000019B414610469847002805F10105C8DA2A
:10E8D000C9E52B22DCE72D22DAE71BF0080FAAF1AD
:10E8E0000304BED1DCE71446BBE7049BC01A4146D3
:10E8F000019BC0B298470028BCDAB4E503990139FE
:10E90000C9B20391BAE6561ED3E60026D1E61BF43F
:10E91000006F0CBF032405243C44D2E61BF0100F0B
:10E9200018BF0134D4E609934146019B2020984743
:10E930000028099B05F10105BFF6D3AE93E5019BC5
:10E94000414630209847002805F10105BFF6F2AE98
:10E9500089E5D1450AD19DF83530352B1DD805D133
:10E960009DF8343013F0100F08BF3120019B414651
:10E9700098470028FFF677AD1BF0100F0AD0BAF1C8
:10E98000FF3F07D1AF1C41462E20019B984700282E
:10E99000FFF669AD3D463C443EE23120E6E79DF896
:10E9A000350031281EBF9DF8343023F010038DF858
:10E9B00034304146019B98470028FFF654AD002EA5
:10E9C0006BDD019B41462E2098470028FFF64BAD9A
:10E9D0004FF0010A039B9A45BBBF0CAB5344302058
:10E9E0005879019B414698470028D346FFF63BAD36
:10E9F0000AF1010A5645EDDA02355D44029B049A9C
:10EA0000981A4146019BC0B298470028FFF62BADEB
:10EA1000B9F1000F04DB4ED19DF83430DB064AD546
:10EA2000C9F100092D20019B414698470028FFF6B7
:10EA30001AAD042F41D14FF47A7799FBF7F606F11E
:10EA40003000019B4146C0B29847002805F10305FC
:10EA5000FFF609AD07FB1699642799FBF7F606F157
:10EA60003000019B4146C0B29847002805F10105DE
:10EA7000FFF6F9AC07FB16990A2799FBF7F606F1A2
:10EA80003000019B4146C0B29847002805F10105BE
:10EA9000FFF6E9AC07FB169915E01BF0100F01D14A
:10EAA0000135ABE7019B41462E209847002805F130
:10EAB0000205A3DAD7E42B20B5E7032F05F1020501
:10EAC000CAD0012FD8D109F130006F1C4146C0B225
:10EAD0005BE700BF33BE03002FBE0300A7F1630353
:10EAE000122B00F2FB80DFE813F013005300F90053
:10EAF000F900F900F9005300F900F900F900F900F4
:10EB0000F9001301F400F900F9002800F900B5003C
:10EB10000B9B1A1D1B680B928DF8303001240CAF33
:10EB20001BF0080F2AD007EB04093E464E4527D1BB
:10EB3000EF1B3744AAEB04042CE70B9B1A1D0B9226
:10EB40001F68AB4B002F08BF1F461BF0400F14BFC0
:10EB500031464FF0FF31384608F0FAFA0446DFE755
:10EB6000019B4146202098470028FFF67CAC013EDF
:10EB7000B442F5D35544AD1BB246D4E75646F7E749
:10EB800016F8010B019B414698470028CEDA6AE44B
:10EB90001BF0800F0B9B35D01BF4007F2DD007336B
:10EBA00023F00703D3E9000103F108020B922BF0D5
:10EBB000100900291FFA89F936DA404261EB410158
:10EBC00049F480690DF1300B0A235A4608F0CCFA5B
:10EBD00019F0400FA0EB0B0B65D029F001025E4548
:10EBE00092B240F3B280002F00F0A98019F0100318
:10EBF0003446914626D002345CE01A1D18680B9208
:10EC0000C117D4E71A1D1BF4807F19680B9201D13C
:10EC10000846F5E71BF4007F15BF48B208B241F380
:10EC2000C01141F3C031C2E750EA0103CAD11BF061
:10EC3000400FC7D0002EC5D12BF0110B1FFA8BF956
:10EC40003446B34640F2064319EA03031CBF0134BD
:10EC500000232FE02BF0100B1FFA8BFB0A231BF075
:10EC600080040B9A57D01BF400711DBF073222F0AD
:10EC7000070202F10801101D19BF0B91D2E9000132
:10EC80000B90106850EA010252D12BF016091BF0CC
:10EC9000400F1FFA89F94FD0002E4DD12BF0170BE2
:10ECA0001FFA8BF9B34619F0100352D0002F4ED142
:10ECB0000BF1010419F0080F5ED119F0010F06D015
:10ECC000A2456DDDAAEB040404EB0B065446224674
:10ECD0004DE04BF0100B10237827C0E7029B782BF8
:10ECE00004D1C7F1780343F01003B8E7019B414614
:10ECF000252098470028FFF6B6AB019B41463846D1
:10ED000098470028FFF6AFAB0235059BFFF79CBB89
:10ED100008230027A3E7111D0B911BF480711068D5
:10ED2000B0D01BF400711ABFC0B2214680B2A9E76F
:10ED30002BF0060B1FFA8BF90DF1300B45E729F08C
:10ED400011091FFA89F934467CE79146ABE75C4626
:10ED500051E75C4676E7CDE902234146019B20203E
:10ED600098470028FFF67FAB029A039B0132924539
:10ED7000F1DC2C1BA5181446EBB1019B4146302059
:10ED800098470028FFF66FAB67B901352F462E4430
:10ED9000F31B5B4521DC5D460CAE5DBB5F44C9E601
:10EDA0005E4694E7023541463846019B9847002865
:10EDB000ECDAFFF758BB40F2064319EA030FE5D03F
:10EDC00019F0020F14BF2B20202019F4806F05F1D9
:10EDD0000105414618BF2D20E7E7019B4146302041
:10EDE0009847002807F10107D2DAFFF73CBB00BFC4
:10EDF00037BE0300013D019B705D414698470028E6
:10EE0000CBDAFFF730BB019B414620209847002812
:10EE100005F10105FFF627AB631B002BF3DC74E75C
:10EE20001FB502AB0093074A4FF0CC3308F081FACC
:10EE3000DDE90201C00840EA4170C90805B05DF88B
:10EE400004FB00BFCDCCCCCC2DE9F04F55EC104BE2
:10EE50009DB0CDE90B122A460D93290DC5F313037E
:10EE6000D20FC5F30A5507908DED050A0A9275B9C0
:10EE700022461A431BD1302343710A9B056043F09D
:10EE800002030371012738461DB0BDE8F08F40F240
:10EE9000FF7295424DD1059A13430A9B079A14BFFE
:10EEA00043F0080343F0040313710027EBE7059ACE
:10EEB000B24D02F001020992059A4FEA830848EA2E
:10EEC0009278970001229A461646C5F1000B5846E3
:10EED000089200F015FAB5F1FF3FACBF8146A0F1F2
:10EEE0000109ABEB090B09EB05035846069300F04B
:10EEF0000DFA18A9A0F17D05584600F027FA14ABC9
:10EF0000089A0193A9EB050512AB029200930598AC
:10EF10002B4618AA514608F04FF9B9F1010F0446E3
:10EF20000D4600F2D880099B002B40F0CB800127D2
:10EF30006FE0059A02F001020992059A43F4801AE3
:10EF40004FEA8A081343A5F2354548EA92784FEA1A
:10EF500082074BD140F2FE7319420CBF01260026F6
:10EF6000002D3246B1DB284600F0C4F90346032DDC
:10EF7000C8BF013B1846069300F0C8F9069B7C30D9
:10EF80005D1B054418A9184600F054FA14AB019310
:10EF900012AB0093059802962B4618AA514608F02A
:10EFA0000BF9069B152B04460D4600F2888016AB24
:10EFB000734A009338464FF0CC33414608F0B9F914
:10EFC000169B179A9B0843EA827303EB8303BB42A9
:10EFD000DDE9129A0CD13846414600F09FF9069BB4
:10EFE00083428CBF00270127002612E00126B7E7E5
:10EFF000099B002B53D1013F48F1FF31B81B61F150
:10F00000000100F08BF9069B099F83428CBF00260C
:10F0100001260C9B002B40F09280DDF82CB04FF0C5
:10F020000008CDF82080CDF814804FF00A0ADDE901
:10F030001201FFF7F5FE149B1093CDE90E0118465F
:10F040001599FFF7EDFE0E9B0F9A119198420B4612
:10F050009341814680F08D8020462946FFF7E0FEEF
:10F06000109A0AFB09F3934214BF002606F001062A
:10F070000E9B12930F9BCDE91339119B1593089B9F
:10F08000B8F1000F14BF002707F0010701330AFB96
:10F0900010485FFA88F8089304460D46C7E7B81C85
:10F0A00048F1000100F03AF9069B83428CBF002032
:10F0B0000120B9EB00006AF10002CDE9120200273D
:10F0C0003E46A6E7129B139A013B42F1FF32CDE97F
:10F0D0001232012788E7B9F13E0FF0D84FF0FF3325
:10F0E000A9F1200003FA09F203FA00F0C9F12001A6
:10F0F00023FA01F102430A4303FA09F327EA03075B
:10F1000028EA020857EA08070CBF012700276BE727
:10F1100000FB02FCA1FB0012013362448C4275EB40
:10F12000020CF5D2069A13440D9A1344012B0B9A44
:10F13000B8BF01239A42A8BF1A4693466FE70A2137
:10F14000002201230846E9E70AFB03F0A2FB0A2399
:10F1500001310344944275EB0300F5D2594511DDAA
:10F16000BBF1000F02D154EA05030BD00123059334
:10F1700072E70A2200230121ECE700BFCCFBFFFF6E
:10F18000CDCCCCCC7EB34FF00A0A149B15990F93CB
:10F190001846FFF745FE0F9B0E910AFB00F29A42BC
:10F1A000814620D1DDE91201FFF73AFE10900F9160
:10F1B00020462946FFF734FE0F9B109A1292CDE9A4
:10F1C00013390E9B1593089BB8F1000F14BF00274D
:10F1D00007F0010701330AFB10485FFA88F808932B
:10F1E00004460D46D1E7069B089A13449946002F22
:10F1F00058D0B8F1050F55D114F0010348D1059A44
:10F2000032B9DDE914239D4208BF94425DD0059BCD
:10F2100018194FF00A0445F1000100220126254685
:10F22000A04271EB020753D2E3B1B3451ADA0C9B4B
:10F2300063B10D9A06EB09031A4422EAE2730B9AB2
:10F240009A42A8BF1A46964293460BDD05304FF00E
:10F250000A024FF0000341F10001DCF751FF09F110
:10F260000109013E5E45A8BF5E4637B20FFA89F933
:10F27000079B09FA86F607F10508013E98444FF00E
:10F280000009B9452BDB079B0A9A1E601A71FAE543
:10F29000059B2BB9DDE914239D4208BF944209D098
:10F2A0000123B5E7059B53B9DDE914239D4208BF4F
:10F2B000944204D1099B002BF2D1002EF0D0B8F17A
:10F2C000040F94BF00230123A2E74FF00408F1E7E5
:10F2D00005FB02F7A4FB054201363A44A0E70A22E7
:10F2E0000023DCF70DFF303208F8012D09F1010988
:10F2F000C7E700BF014B5843800C70474134010001
:10F30000014B5843000D7047FB2E0B00024B584336
:10F31000C00C0130704700BF4F9312000A4A70B50D
:10F3200003464FF0CC3600204FF0333506FB03F494
:10F3300002FB0144A3FB023121449D4275EB010411
:10F3400001D30130F2E770BDCDCCCCCC2DE9F04F2C
:10F350001A23354EB0FBF3FA03FB1A0389B00446B7
:10F360000D4606EB0A1653B9D6E90023C1E900237E
:10F37000D6E90201C5E9020109B0BDE8F08F2B4AC8
:10F3800002EBC303D3E9008904AB0093D6E902235F
:10F390004046494607F0CDFF06AB0093D6E900236F
:10F3A00083460F464046494607F0C3FFDDE9066243
:10F3B00016EB0B0652EB07084FF0000328BF0123A2
:10F3C000814633B1049B059A013342F10002CDE935
:10F3D000043220460391FFF799FF07461A2000FBED
:10F3E0000AF0FFF793FF3F1A32464346039900970E
:10F3F000484607F0B9FF4FEA141C0D4A640004F0B8
:10F400001E0352F82C40DC4004F00304241841F1A0
:10F410000001C5E90041DDE904230097304641467B
:10F4200007F0A2FFA6E700BFD87D0300087D030018
:10F43000C0AF03002DE9F04F1A27DFF8ECA000F170
:10F440001905B5FBF7F56F433A1A4FEA051B89B06A
:10F4500004460E460AEB05150AD1D5E90023C1E999
:10F460000023D5E90201C6E9020109B0BDE8F08F29
:10F470002B4B03EBC203D3E9008904AB0093D5E91E
:10F4800002234046494607F054FF5AF80B206B68A8
:10F49000013ACDE9020106A963F10003009140465B
:10F4A000494607F046FFDDE906528A4602996D1883
:10F4B000039952EB01084FF0000328BF0123814656
:10F4C00033B1049B059A013342F10002CDE90432C5
:10F4D0003846FFF71BFF07462046FFF717FF3F1A86
:10F4E0002A46434600974846514607F03DFF4FEAFB
:10F4F000141C0C4A640004F01E0352F82C40DC403B
:10F5000004F003040134241841F10001C6E900416C
:10F51000DDE9042300972846414607F025FFA2E7CE
:10F52000087D030014B00300A87E0300704701208B
:10F530007047DEF741BE82B070B588B00CA981E893
:10F540000C009DF8403006466C4604ADE3B10FC98F
:10F5500084E80F0094E80F0085E80F003068DEF7BC
:10F560002BFE00B383689C6824B308AA12E9030049
:10F570000EAB83E8030095E80C003046214608B046
:10F58000BDE8704002B008470CAB0FCB84E80F0019
:10F5900094E80F0085E80F003068DEF70DFE10B12B
:10F5A0008368DC68E0E76FF0150008B0BDE87040E4
:10F5B00002B070476FF08500F7E782B0F0B591B008
:10F5C00016A981E80C0007C805AE86E80700DEF73B
:10F5D000F3FD074670B316AB0FCB08AC84E80F0001
:10F5E00094E80F000CAD85E80F000598DEF7E4FD08
:10F5F00083685C684CB110AB13E903008DE803002D
:10F60000304695E80C00A04778B9BB681B78022B00
:10F6100012D8DDE918018DE803009DF868300293E7
:10F6200016AB0CCB3046FFF786FF11B0BDE8F040BB
:10F6300002B070470120F8E76FF08500F5E710B5DC
:10F64000837A04681A44C37A1944437A14B901FBD3
:10F65000032010BD13FB01F3134442689BB2934295
:10F6600004D254F8230008B10138F2E76FF0150016
:10F67000EFE7084307D1824201D10020704743F8E9
:10F6800020000130F7E76FF01500704708B5002043
:10F69000DEF708FF0120DEF705FF0220DEF702FF9C
:10F6A0000320DEF7FFFE0420DEF7FCFE002008BD8D
:10F6B0000021DEF73BBF01790131C9B2DEF736BF69
:10F6C00070B5A1F10804064605460FCC0FC594E8B5
:10F6D0000F0085E80F00304670BD82B008B502A962
:10F6E000006881E80C00FFF724FF43681878F7F7FB
:10F6F00011FD00284FF0000001DBE0F745FCBDE8FC
:10F70000084002B0704783681B6803B118476FF068
:10F710008500704783685B6803B118476FF0850008
:10F72000704783689B6803B118476FF08500704786
:10F7300082B08DE80C00002002B0704770B5002444
:10F740000646254646FA04F3DB0703D5E0B2DEF7AA
:10F75000D3FF05440134082CF4D1284670BD70B5A0
:10F7600000240646254646FA04F3DB0703D5E0B23B
:10F77000DEF7E8FF05440134082CF4D1284670BDBB
:10F78000C0F30743072B04D00C2B05D06FF01500F6
:10F79000704780B2DFF742B880B2DFF793B8C0F3AA
:10F7A0000743072B04D00C2B05D06FF015007047D2
:10F7B00080B2DFF74BB880B2DFF79EB8C0F30743E3
:10F7C000072B03D00C2B04D00020704780B2DFF74A
:10F7D00059B880B2DFF7ACB870B510F47F0F86B2BD
:10F7E000C0F3074488B0A6F1E0054FEA10601AD1D3
:10F7F000072D1CD90724C5B20020CDE9062308AB8C
:10F800008DF811008DF8121013E903008DE8030044
:10F81000ADF8084003968DF8105002AB0FCBDFF720
:10F82000BFFE08B070BD072DE5D8072CE3D1C0B2EC
:10F8300007240025E1E782B08DE80C004068DDE98F
:10F840000223002102B0FFF7C7BF82B08DE80C0091
:10F850004068DDE90223012102B0FFF7BDBF82B09D
:10F8600010B5044602A9006881E80C00FFF761FEAC
:10F87000436820791978BDE8104002B000F002B961
:10F8800082B010B5044602A9006881E80C00FFF7B9
:10F8900050FE436820791978BDE8104002B000F0AE
:10F8A000EDB882B08DE80C00002002B0704782B045
:10F8B0008DE80C00002002B0704782B02DE9F043C3
:10F8C00087B00EA9054600689DF8486081E80C00E5
:10F8D000FFF72FFE0F9B0E9944680269363B0B44DD
:10F8E0000A3326B1002142F82310012024E052F807
:10F8F0002370002F25DD94E8070006AB03E907001D
:10F90000237F0BB16B68049300264FF0010903AD10
:10F91000B046A369CDE900930EA895E80E00DFF785
:10F920002DFCCDE900880EA895E80E000136DFF722
:10F9300025FCB742EDD1002007B0BDE8F04302B08E
:10F940007047D2D004F10C0393E8070006AB03E93B
:10F950000700237F0BB97F42D6E7AB680493FAE731
:10F9600084B00DF1100C0CE90300694681E80C002D
:10F970009DF808209DF8003093420BD143B1012B34
:10F9800008D10398019BC31A5842584104B07047EC
:10F990000120FBE70020F9E7072804D00C2804D059
:10F9A0006FF085007047DFF735BCDFF749BC08B55D
:10F9B000DEF780FFDEF7B4FFDFF72CFCBDE8084080
:10F9C000DFF73EBC08B5DFF791FC002008BD38B575
:10F9D000DFF702FE0446002835D003884268A17A8A
:10F9E00042EA034089B3E03A072A02D8DBB2072B88
:10F9F0000DD0FFF7E3FE50B12088636843EA004072
:10FA0000FFF7CDFE00281EDB2088FFF7C5FF20880A
:10FA1000636843EA0040FFF7B3FE002813DB607A17
:10FA2000FFF78CFE0546207ADEF7C6FE2388072BFB
:10FA300006D0002D01DC002802DD0720FFF7ACFF17
:10FA40002088FFF7A9FF002038BDFFF7A8FE002897
:10FA5000F9DB607AFFF783FE0546DEF7C7FEE5E7D0
:10FA6000002070470346012000FA03F28A431CBFBE
:10FA7000B3FA83F040097047002070470A4601211D
:10FA8000DFF78CBC0A460021DFF788BCF0B50D46D5
:10FA900089B091B2284614461E46DFF7C1FCDDE965
:10FAA0000E23CDE90623029608AB074613E90300AF
:10FAB0002A468DE8030023463846CDE90454FFF773
:10FAC0007CFD09B0F0BD37B50446DEF789FD03467D
:10FAD00050B1D3E90445027A0078CDE90045596870
:10FAE000DFF7BAFC03B030BD2046DEF79FFD0146CC
:10FAF00050B1D1E90423007ECDE90023043151F84F
:10FB0000042CDFF7CDFCEDE76FF08500EAE7DFF7C7
:10FB100083BD00B589B002F0EAFB6946DFF7B2FDAC
:10FB200009B05DF804FB00B589B002F0E0FB69465E
:10FB3000DFF7A8FD09B05DF804FB00B589B002F05D
:10FB4000D6FB6946DFF79EFD09B05DF804FB00B502
:10FB500089B06946E5F7F0F99DF80130012B08D12D
:10FB6000DFF760FE002814BF0020062009B05DF812
:10FB700004FB0020FAE7DFF7BBBE704738B50C4640
:10FB8000BDF81000E5681C46C318012B114605DCC2
:10FB90002246284407F007FC204638BD6FF00604D3
:10FBA000FAE7F0B585B01F4604460D461646DEF767
:10FBB000D5FE0C2302930130BDF82830019000934C
:10FBC00032463B462946204603F035FD05B0F0BDE0
:10FBD0001FB502240294CC680194BDF8184000942B
:10FBE00003F029FD04B010BD1FB504240294CC68B5
:10FBF0000194BDF81840009403F01DFD04B010BD41
:10FC0000F0B585B01F4604460D461646DEF7A2FE47
:10FC1000082302930130BDF828300190009332464A
:10FC20003B462946204603F006FD05B0F0BD08B569
:10FC3000E0F7B2F8BDE80840DEF702BD4B8803F4F8
:10FC40007F43B3F5007F14BF6FF085006FF01500A0
:10FC5000704738B549881D4601F47F43B3F5807F6E
:10FC6000144612D1C9B2012904D0022909D06FF07B
:10FC7000150038BDDEF76EFE0923286023600020E2
:10FC8000F7E7DEF76BFE0D23F7E76FF08500F0E78F
:10FC900008B5DEF75FFEBDE808400921E0F7DAB8F5
:10FCA00008B5DEF75BFEBDE808400D21E0F7D2B8ED
:10FCB00008B5E1F7D7FC00F0B3FF002008BD00EB6A
:10FCC000C100408840087047F8B50346FFF7F7FFCA
:10FCD000B0FA80F0C0F11F0003EB800CCA00DCF822
:10FCE0001060171D0C4606328DB256B9012101FA7B
:10FCF00000F0D9680143D960CCF81040DD539D5223
:10FD0000F8BDF1000431585AD85303EBC0009E529D
:10FD1000C5805D52F4E710B500EBC104E388994259
:10FD200002F104010AD1012303FA02F2C36823EAB3
:10FD30000203C360002340F8213010BDA28840F8C0
:10FD4000213000EBC20100EBC300CB808280F4E7DE
:10FD500008B50346FFF7B3FFB0FA80F2C2F11F0205
:10FD60001846BDE80840FFF7D6BF2DE9F843B1FAC1
:10FD700081F5C5F11F0900EB89080346D8F810206A
:10FD80000E46C2B10327D8F8104018462146FFF7A7
:10FD900096FFB04206D34A461846FFF7BCFF2046FE
:10FDA000BDE8F88303EBC404013FE088C8F8100005
:10FDB00001D08242E7D1C5F120024FF0FF349440D8
:10FDC000DA681440EBD094FAA4F2B2FA82F2111D70
:10FDD00053F821402146DFE738B50346FFF76FFFB0
:10FDE0000D46044611461846FFF769FF03EBC505AB
:10FDF0000444600068801846FFF761FF014423F85F
:10FE0000314038BD38B50346FFF759FF0C46A51AF7
:10FE1000511A03EBC40405444800608003EBC200A0
:10FE20006C00448023F8321018461146FFF747FF54
:10FE3000014423F8315038BD38B50546FFF73FFF80
:10FE40000C46014405EBC1035B88DA070AD4284657
:10FE5000FFF77EFF21462846FFF731FF221828468C
:10FE6000FFF7BAFF35F83410611A05EBC1035B8860
:10FE7000DB070CD42846FFF76BFF35F83410224619
:10FE8000611A2846FFF7A8FF35F83430E41A2146F6
:10FE90002846BDE83840FFF717BF61B10068043954
:10FEA000091A21F007030344C9085A8822F0010205
:10FEB0005A80FFF7C1BF704770B5056809B90020C7
:10FEC00070BDAB68B3EBD10FF9D90B31CC0821462B
:10FED0002846FFF74AFF06460028F0D0014628468C
:10FEE000FFF7EDFEA04207D932192846FFF78AFF37
:10FEF00011462846FFF7E8FE05EBC6021046538878
:10FF000043F0010353800430DAE72DE9F84301F1AF
:10FF1000FF3919EA010906680F4614460CD04B4216
:10FF20000B40042B1A464F4628BF0422994664B959
:10FF300000252846BDE8F883042904D8BDE8F84325
:10FF40001146FFF7B9BF0422F1E7B368B3EBD40F52
:10FF5000EED904F10B013944891AC9083046FFF77C
:10FF600004FF80460028E3D009F1040505EBC00535
:10FF70007B1E35441D44B5FBF7F57D43A5EB090514
:10FF80002C442B1F07349B1B24F00704A41BB0EB4D
:10FF9000D30F4FEAD3074FEAE40408D201463A46AA
:10FFA0003046FFF72FFF41463046FFF78DFE3946BA
:10FFB0003046FFF784FE3844844207D2304622465A
:10FFC000FFF720FF21463046FFF77EFE06EBC7060F
:10FFD000738843F001037380ABE7043A2DE9F041E5
:10FFE000CC1D114424F0070421F007010E1BF70873
:10FFF000B7FA87F2C2F12405AD004FF000080735CB
:020000023000CC
:10000000C2F12002ED0804604146A760C4F80C80EC
:10001000920004F1100007F0EEF96B0043F00103C9
:10002000638004EBC5027B1B5900A4F8008051805B
:10003000A21924F83550A2F80280A35304EBC70399
:1000400029465A8842F001025A802046BDE8F04114
:10005000FFF73ABE002070470FB407B504A951F866
:10006000040B0191DFF75EFF03B05DF804EB04B011
:1000700070470FB407B504A951F8040B0191DFF7DD
:1000800051FF03B05DF804EB04B07047F0B5642392
:100090000546042600200A2769B9F0BD9A42B2FB42
:1000A000F3F40CD2012B0AD048B903FB1422D2B2CC
:1000B0000A24B3FBF4F3013EF0D12E70EDE73034A7
:1000C00005F8014BB2FBF3F4013903FB14220130B4
:1000D000B3FBF7F3C9B2C0B2D2B2DBB2DCE7A0F136
:1000E0003003DBB2092B02D80B7000207047A0F15F
:1000F0006103052B02D85738C3B2F5E7A0F14103DD
:10010000052B01D83738F7E76FF015007047F7B5C2
:10011000054601F0010000EB51069E424FEA5107EF
:1001200003D90026304603B0F0BD58B128780DF150
:100130000701FFF7D4FF0028F3DB9DF8073002F832
:10014000013B013501351744BA42EBD015F8010CDB
:100150000DF10701FFF7C3FF0028E2DB9DF8074020
:100160002401E4B2147015F8020BFFF7B8FF002861
:10017000D7DB9DF807301C4402F8014BE4E7036825
:1001800000220BB9184670478B4210D10B6842B958
:1001900042680360914200D1436000230B6001205C
:1001A000704713604368994208BF4260F5E71A46FA
:1001B0001B68E6E7038B13F0070305D10368002BE8
:1001C0000CBF002003207047022B05D1408BB0FAF2
:1001D00080F0400980007047012B05D10368002B97
:1001E0000CBF0020052070470020704710B50C465A
:1001F00000B111B96FF0150010BD081D00F0D3F863
:100200000028F9D1A368032BF6D9F3E72DE9F041D3
:100210000D4607461946281D90461E4600F0D7F8A1
:10022000044638B13346424629463846A446BDE81E
:10023000F0416047BDE8F08110B4EFF31182202453
:1002400084F31288BFF36F8F41615DF8044B012185
:10025000DFF7B0BE38B50C46054658B151B10B6852
:1002600043B14B6833B11C22002107F0C4F82C6164
:10027000002038BD6FF01500FBE770B505460E464F
:10028000FFF7B4FF041E14DBEFF31182202383F386
:100290001288BFF36F8F6B8B2C8B4FF6FF718B42E5
:1002A00004F0070407D182F31188BFF36F8F6FF05A
:1002B0000A04204670BD022C0CD101336B8382F3FB
:1002C0001188BFF36F8F0023224631462846FFF77F
:1002D0009DFFEEE7062C14D8DFE804F00413131397
:1002E000041A0400002333606B683BB9C5E900665B
:1002F000ACB902212846DFF75DFEDAE71E606E60CA
:10030000F6E782F31188BFF36F8F6FF00404D0E734
:1003100082F31188BFF36F8F6FF08504C9E782F312
:100320001188BFF36F8FC4E710B5EFF3118220235C
:1003300083F31288BFF36F8F048B04F00704022C41
:100340000AD0012C0CBF6FF004006FF0850082F31F
:100350001188BFF36F8F08E0438B013B9BB243834F
:1003600023B92146DFF726FE204610BD2046EEE7E2
:1003700038B5A8B1A1B1EFF31185202282F312881C
:10038000BFF36F8F048BFFF7FAFE30B104F0070064
:1003900085F31188BFF36F8F38BD6FF07700F7E7F3
:1003A0006FF01500F8E7034640B1426802F003021F
:1003B000022A06D0032A04D0012A05D06FF01500C6
:1003C00070471A68002AF9D000209860704710B56D
:1003D0004268816002F00302022A03464FF00004E3
:1003E00007D0032A02D05C60002001E018685C603E
:1003F00010BD18685C600028F6D0FDF773FEF3E7C7
:10040000704770B406688489806A0D0C16FA81F111
:1004100005FB041184682468A44670BC60472DE97C
:10042000F0431C46C36A1D686D4289B00646884683
:10043000174605F020051CB9204609B0BDE8F08339
:10044000AC42A14628BFA9464B466A4641463046C3
:10045000FFF7D7FF0028F0D16B46484502D1241A98
:100460008044E8E713F8012BBA4201D10130F4E7E8
:100470000120E2E70B6803F580330B60C0891A0C9A
:10048000B0EB134F04BFA3EB02430B60704738B5CA
:10049000828903680D0C090C04462D04806A02FB56
:1004A000013100F0EDFC50B9E26AA3895279294686
:1004B0002046FFF7B4FF002818BF6FF0050038BDD5
:1004C00010B5014604460722FF20DFF70FFDE0715B
:1004D00010BD0368012B81BFC91801F1FF315B42D8
:1004E0001940084670472DE9F0410C4605460821A1
:1004F000C06AFFF7EEFF072207462146FF20668805
:10050000B4F80480DFF7F2FCE379834208D1A889CC
:100510004644C01BB04294BF00200120BDE8F081DA
:100520000020FBE738B505460C46FFF7DCFFA0B11D
:10053000A08898B922884FF6FF739A420DD1E86AD5
:100540000821FFF7C6FF6288AB899B1AB3FBF0F264
:1005500002FB1030B0FA80F0400938BD0020FCE703
:10056000F7B504460D46C06A0821FFF7B2FF2968B7
:10057000074608232046FFF744FF0646002836D1E9
:100580002B683B442B60A28999B2D21B91422ED199
:100590001A0C03BFE28902F1FF3203EB0241A3F51B
:1005A0008031296008236A462046FFF72AFFE8B910
:1005B000E36A5A796B4613F8011B8A420CD1013069
:1005C0000828F8D1636805E02B68BDF802201B0CF1
:1005D0001B0413442B600AE069462046FFF7A2FF84
:1005E0000028F1D129462046DFF7F2FD06463046C5
:1005F00003B0F0BD2DE9F043074689B090461E4692
:100600001BB9002009B0BDE8F0833C688389080C61
:1006100014FA81F100FB0314FB6A1D686D4235403A
:100620000CD0B86A83682146D3F804902B46C8479B
:100630000028E7D1761BE4D02C44A844324641463A
:10064000684606F0B0FEFD6A2A686979921B0DEBD8
:10065000060006F0D0FEB86A2B688268214655680D
:100660006A46A847CEE710B50A4608234168044603
:10067000FFF7C0FF08210246E06AFFF72AFF636820
:100680001B1A6360104610BD13B54FF6FF730022AE
:100690000446ADF800308DF806308368ADF80420CC
:1006A0006846ADF80230FFF70BFF69462046FFF7BA
:1006B000DAFF02B010BD2DE9F04F044695B0C06AD4
:1006C0000821FFF706FF63681B0C1B04054603A9FE
:1006D00020460393FFF7CEFEDDF80CB0A6895E44FA
:1006E000761B06AA0823314620460496FFF789FEAA
:1006F000021EC0F2A980E36A06AA5979002312F803
:10070000010B814240F08F800133082BF7D1A368A1
:1007100062682B449A427ED259462046FFF7B7FEC4
:10072000024691E0BDF81A30360C36041E44049699
:1007300008AA04A92046DDF810A0FFF711FF024621
:10074000002840F0818008A92046FFF7CCFE18B9A8
:10075000019B5345ECD1DAE7636805930AAA05A922
:100760002046059EFFF7FCFE024600286CD1BDF82E
:100770002820BDF820309A4227D06268059B9A4213
:10078000ECD1B245E4D1BDF82430002BE0D0BDF867
:1007900022704FEA1A431B041F4408A8A368ADF84F
:1007A0002230FFF78DFEE36ABDF824901E68764282
:1007B00006F02006B9F1000F0ED108A92046FFF778
:1007C00052FF02460028C3D03EE00AA92046FFF7A8
:1007D0008AFE0028D1D0D4E74E45B04628BFC8468F
:1007E0000CAA434639462046FFF70BFE024658BB8B
:1007F0004346A1680CAA2046FFF7FCFE414602468C
:10080000E06AFFF766FEA3680344A360E2B9A9EBC0
:1008100008094744CEE72046FFF736FF0246002886
:100820003FF47AAF10E0731B06A920460193FFF74F
:1008300079FE00287FF476AF04A92046DFF7C8FCD4
:10084000024600283FF474AF104615B0BDE8F08FA3
:100850002DE9F04F1D4691B0037C029104460092B1
:10086000002B00F0BD80C26A08211046FFF731FE60
:10087000294601901046FFF72CFEA389019AA3EBAD
:100880008203AB420746C0F0AE801DB1009B002B37
:1008900000F0A9806368059306AA05A92046DDF843
:1008A00014A0FFF75DFE064600283DD1BDF81830C4
:1008B000029A934206D06268059B9A42ECD1002DC1
:1008C00038D131E006A92046FFF70DFE0028F2D00E
:1008D000BDF81A80BDF81C3055B39D422AD1E36A99
:1008E000DDF800B01B684FEA1A4A5B424FEA0A4A39
:1008F00003F02003D0440393AA46039B534528BF2B
:10090000534608AA414620469946FFF77AFD00283B
:100910004DD14A4608A9584606F0F8FB50B9BAEB43
:10092000090AC844CB44E8D1304611B0BDE8F08F85
:10093000002BF9D0002F3DD1B84604F1140A4FF036
:10094000FF324FF0FF335046FCF7CAF9E3899E426D
:1009500043D0A168626808EB01039A422FD3029B3F
:10096000ADF82030FF238DF82630009AADF8221024
:100970002B462046ADF82450FFF73CFE294607469B
:10098000E06AFFF7A6FDA3680344A36057B908A86F
:10099000FFF796FD08A92046FFF765FE002814BF63
:1009A00007462F465046FCF713FA3E46BCE7C1DC2B
:1009B0000646B9E7019B1F441FFA87F8BDE72046AA
:1009C000DFF738FC07460028ECD12046FFF773FE1E
:1009D00007460028E6D10136B8E76FF01B07E1E7CC
:1009E0006FF00C06A0E76FF015069DE700231A468E
:1009F000FFF72EBF2DE9FF471E46037CBDF8309060
:100A000004460F469046002B4ED0C06A0821FFF7DF
:100A100060FDA389A3EB4003B34248D3D4F804A0FC
:100A2000CDF804A000254D455146DDF804A00BD9B2
:100A30006368534520D1BDF80830BB421CD06FF02D
:100A4000010004B0BDE8F08702AA01A92046FFF723
:100A500087FD0028F5D1BDF80830BB4206D102A9B8
:100A60002046FFF740FD08B10135ADB26268019B39
:100A70009A42D8D15146DEE7BDF80C30002BDED0CB
:100A8000A945DCD8BDF80A00090CB3424FEA014180
:100A900028BF3346014442462046FFF7B2FC0028F7
:100AA000CFD1BDF80C00CCE76FF00C00C9E76FF0B8
:100AB0001500C6E713B500240094FFF79BFF02B0B2
:100AC00010BD704770B54C680368A34201D2012085
:100AD00070BD8A682244934201D30020F8E7D1E92F
:100AE00003254E69B54203D36FF00B038B61F4E726
:100AF0001B1B42F835304368086902EBC0025360A3
:100B00000B6901330B61E2E737B50C46C0B201A9AE
:100B10001546DFF721FD00280CDB019850B1214676
:100B20002A46DFF73FFD04460198FFF7CAFF20463B
:100B300003B030BD6FF01504F9E710F0700F08D165
:100B400000F07F0310F0800F18BF10330120984091
:100B50007047002070472DE9F84306460F4690463F
:100B600099460B254B46424639463046F6F746FF36
:100B700010F10B0F044603D1FCF7D6FE013DF1D175
:100B80002046BDE8F883006840B150F8043C5B683B
:100B90008B42A0F1040001D04068F5E7704700687F
:100BA00050B150F8043C5B685B689B788B42A0F1C5
:100BB000040001D04068F3E7704730B5006888B1A1
:100BC00050F8043C5B681A6A1D7F04380023043A1D
:100BD000DCB2A54201D84068F1E7013312F8334096
:100BE0008C42F5D130BD2DE9FF41D1F80C8005468E
:100BF00040461F460C461646DBF7AEFABDF82830D5
:100C0000009380B2CDE901803B463246214628461A
:100C100002F011FD04B0BDE8F0817047002070477C
:100C20000020E0F7DBBB00221146E0F79DBB00216E
:100C3000E0F72ABC034610B508460AB1002111604E
:100C400053B1D0B1411E11F8010F80B113F8014B1F
:100C5000A04201D13D28F6D100200EE001331360FF
:100C60000AE03D2808D0B0FA80F0400905E0187885
:100C70002F28F6D1002AF1D1012010BD10B509B1FD
:100C800000230B6058B103461A781C4601332AB181
:100C90003D2A03D02F2AF7D101B10B60201A10BDD5
:100CA0002DE9F341DDF82080019007460C461546FA
:100CB0001E46B8F1000F07D0D8F8001081B9D8F857
:100CC00004E0BEF1000F14D101A93846E0F71EFC84
:100CD00058B1C768019833462A462146B84704E010
:100CE00001AAFFF7A7FF0028E9D1002002B0BDE864
:100CF000F081D8F80830019808932A4633462146F7
:100D0000F44602B0BDE8F04160470830704710B5C6
:100D1000134614460A4681880068FFF7CBFEA042BE
:100D2000A8BF204610BD2DE9F04F97B004460192B0
:100D30009A46894600297CD0DAB1BAFA8AF6760951
:100D4000258F0135ADB2A84604F1080B6F1EBFB266
:100D5000B7F5004F26D04A2303AA39465846FFF775
:100D6000A9FE002807DA10F1020F08BFB8463D4679
:100D7000ECE70126E4E700F158030DEB0300002344
:100D800000F84C3C03A94846DBF7D4F90028EED123
:100D900026B339465846FFF729FE002805DA17B072
:100DA000BDE8F08FBEB30020F9E705F57F513F3174
:100DB00089B25846FFF71AFE0028F0DB238FBB42AA
:100DC000F1D12246013B22F8383F4FF40041022383
:100DD0005846FFF73DFD00EAE070E0E7B846B8F599
:100DE000404F29D0238F434504F1080515D308F55A
:100DF0008041019A534689B22846FFF729FD002811
:100E0000CDDB002ECFD04846DBF7A6F94A46034695
:100E100041462846DDE70126E1E72246022322F883
:100E2000388F4FF400412846FFF712FD0028DEDA24
:100E3000B5E76FF01500B2E76FF00B00AFE773B5E1
:100E4000C36B03630446C3B100F108063046DFF705
:100E50001DFA054670B902230DF106024FF4004158
:100E60003046FFF727FE0028ACBFBDF806304FF430
:100E700000432387284602B070BD6FF01205F9E7E2
:100E80002DE9F0418768FB6804460D4616469847F1
:100E9000BB682BB1324629462046BDE8F0411847D1
:100EA0006FF05700BDE8F081012801D1EFF3058311
:100EB000FBF7CCBC01460068FFF7F6BF08B5E0F7CA
:100EC0008FFCBDE80840E0F7AFBC00210120FFF730
:100ED000EBBF61B662B680F31188BFF36F8F7047C6
:100EE00072B6002383F31188BFF36F8FBFF34F8F68
:100EF00030BF62B6BFF36F8F704772B6002383F3C3
:100F00001188BFF36F8FBFF34F8F20BF80F311881D
:100F1000BFF36F8F62B67047202809D9B0F1004F38
:100F200008D80138B0FA80F0C0F11F0040007047C7
:100F3000082070473E2070477047002303824369B2
:100F4000C3607047416A8968E1F732B9EFF31182F3
:100F5000202383F31288BFF36F8F00230B60436855
:100F600033B9C0E9001182F31188BFF36F8F704766
:100F700019604160F7E710B50346EFF311812022B5
:100F800082F31288BFF36F8F006828B15C68026833
:100F90001A60A04208BF5A6081F31188BFF36F8FB7
:100FA00010BD027A013202727047034618465B6830
:100FB000002BFBD17047426810B52AB10B461C4686
:100FC0005B68002BFBD16260416010BD10B5044628
:100FD00020B90B7A01330B72084610BD0346184640
:100FE0005B68002BFBD1FFF7E6FF2046F5E710B565
:100FF00008B14B6843604C68002308464B60E1F73A
:1010000055F9204610BD83680B44036070470368A0
:101010000B6043684B6083688B607047838802680D
:1010200019448180D018704730B484880568A318AB
:101030008380281930BC06F0B6B910B583880268E1
:101040005C1C8480D154D01810BD034600689A8877
:10105000401A11441860998070478288521A0346DA
:1010600082800068084418607047034600689A88C8
:10107000521A01449A801960704710B503681C88A1
:101080000221FFF7EAFF204610BD02688068101AAF
:1010900070478388C2888168D21A03685B1AD01AA5
:1010A00070478170704700207047036942685B6831
:1010B00052681374C3F3072353740020704730B48D
:1010C00044680069057B35B1407B20B9206A30BC9B
:1010D0000079FFF740BD6FF00A0030BC704730B5B3
:1010E00085B014460A888B78ADF8002005460D229D
:1010F00000210DF103008DF8023006F07CF96A46FC
:1011000069462846F2F7C8FF28B9BDF800209DF8C7
:1011100002302280A37005B030BD13B50C4601AA81
:101120000331FFF7DCFF48B9032201A9204605F08F
:10113000EDFFB0FA80F0400902B010BD0020FBE7DF
:1011400070B5CE1C05460C4630460321F2F7A2FFCF
:1011500060B9637903F03F0343F0400363712246B3
:1011600031462846BDE87040FFF7B9BF70BD70B585
:101170000D4600210446FFF781FD0D2818D1237B81
:10118000302B13D0312B13D1012305F8063B04F18A
:101190000C062A462046012302210234FEF7B7FF3F
:1011A000B44205F1FF35F4D1002070BD0023ECE717
:1011B0006FF01500F9E7E0F755BA0020704710B559
:1011C0000C46017822788A428AB00FD06946E1F74E
:1011D0003BFB05A92046E1F737FB10220DF1150175
:1011E0000DF1010005F092FF0AB010BD012A06D0F2
:1011F000022A07D072B940886388C01AF4E74068B1
:101200006368FAE71022611C01300AB0BDE81040A3
:1012100005F07CBF6FF01500E6E7042A0AD0102A1B
:101220000DD0022A4FF0000315D103700B884380C4
:1012300001207047012303700B684360F8E7022325
:1012400000F8013B01F1100351F8042B40F8042B86
:101250009942F9D1ECE718467047012310B50621F1
:10126000044600F8013BF2F715FF18B9A37963F0C3
:101270003F03A37110BD0B6803608B8883808B795B
:101280008371037823F00203037070470078C0F382
:101290004000704738B50446807AE0F75FFF616927
:1012A000054649B1637ADB0704D4436A1B682046CC
:1012B0009B6898470023636121462846BDE8384073
:1012C00005F060BA2DE9F04101F10C080C46054625
:1012D00000F10C01404617461E46FFF798FE4046B7
:1012E000FFF7D3FE012310FA87F068826B722F821A
:1012F00039464046FFF7B1FEE3687360628A002317
:10130000E3607281638234602846BDE8F08138B5BD
:10131000D1E90032DA600B684A895A820C460546E8
:101320000868E0F7C3FF20461022002106F063F8AA
:101330002846BDE83840FFF7ADBF438A23B9C068EF
:10134000B0FA80F040097047002070477047D0F82D
:10135000A03083B15A7BD1070DD5D2060DD51B7BAA
:10136000102B14BF032304234372807A98428CBF4E
:101370000020012070470223F6E70323F4E70F283B
:1013800007D80D280BD8052808BF032018BF022056
:101390007047132803D01A2808BF0120F6E7012060
:1013A000704710B50346BFF35B8F53E8000F40EA68
:1013B000010243E80024002CF7D1BFF35B8F10BD7E
:1013C0000B4601461878E1F7BBBA38B5C3681D78FB
:1013D000B3F8010065B90F21E3F7E4FA044638B128
:1013E0002946E3F755FA2046BDE83840E3F726BA28
:1013F00038BD08B5C3680121B3F80100E3F7D2FA9C
:1014000018B1BDE80840E3F719BA08BD08B5C368CC
:1014100001211888E3F7C6FA18B1BDE80840E3F7E0
:101420000DBA08BD01210C30FFF71FBE38B5C568E5
:101430000121B5F80100E3F7B5FA044698B12B781D
:101440003BB9D5F80330C0F89530D5F80730C0F86F
:101450009930201D4FF48031FFF7A3FF2046BDE8EF
:101460003840E3F7EBB938BD30B402EBC3030446B0
:1014700008469A4201D130BC7047114611F8085B0A
:10148000A54206D1018A53789942F4D330BC5368FF
:1014900018470A46EDE7BFF35B8F50E8003F0B406B
:1014A00040E80032002AF8D1BFF35B8F704710B5D7
:1014B000E2F7CCFB6FF080011030FFF7ECFF00206B
:1014C000E1F7B0FA044648B13C2303730021E3F787
:1014D000DFF92046BDE81040E3F7B0B910BDC0F316
:1014E00007231070000E5370D0700023C1F3072043
:1014F000090E9370137150719371D17170472DE97A
:10150000F843C7683A78012303EB8203028A9342C7
:101510003FD9BDE8F88307EB85030F21B3F801003D
:10152000B3F80360E3F73EFA044660B100F1C00887
:1015300036B12046E3F780F8FBF7CCFC63693BB992
:101540002046E3F77BF901353B789D42E3DBE0E79A
:10155000A1691A6862618B4208BFA261C3F800905A
:10156000226A9AB9C4E90733BFF35B8F58E8003F9A
:10157000013B48E80032002AF8D1BFF35B8F00211D
:101580002046013EE3F764F8B6B2D1E71360236268
:10159000EAE70025A946D7E773B5C5680121B5F884
:1015A0000100E3F7FFF9044600284ED02B781A2BF0
:1015B00000F1040619D1C378012B2AD14FF48041E0
:1015C0003046FFF7EEFE42040FD4D4F88830009383
:1015D0006946D4F8903001932046E3F7EFFE2046A9
:1015E00002B0BDE87040E3F729B92B788BB9B5F8A4
:1015F0000330A4F88630B5F80530A4F88C30B5F87F
:101600000730A4F88E306FF480513046FFF743FF67
:1016100017E0BFF35B8F6368BFF35B8FDB04F2D52A
:101620002B78202BEFD194F89430002BEBD0013B9A
:1016300084F894304FF42032002304F14000FBF78B
:10164000CBFE2046E3F708FBC9E702B070BD0120DE
:10165000704781767047704710B50388428893427F
:1016600019D8052B17D9B2F5486F14D88388B3F56C
:10167000FA7F10D2C088A0F10A0189B240F6764400
:10168000A14208D801339BB25343B3EB800F34BF60
:101690000120002010BD0020FCE738B5C3680F21F1
:1016A000B3F801001D78E3F77DF9044620B365B176
:1016B0002846E1F755FB294602462046E3F782FB20
:1016C0002046BDE83840E3F7B9B88378012BEFD165
:1016D00002F069FD2046FFF73AFE0028E8D1052018
:1016E000E1F73EFB052102462046E3F76BFB0521AF
:1016F000204600F04AFDE3E738BD70B5C6680F210B
:10170000B6F801003578E3F74DF9044688B34DB1DA
:101710002846E1F725FB294602462046E3F752FB1F
:10172000204603E0F378C27A9A4203D1BDE87040C4
:10173000E3F784B88278C372012A05D00020E1F76C
:101740000FFB00210246E8E70BB102F02CFD20461A
:10175000FFF7FDFD0028F1D10520E1F701FB052190
:1017600002462046E3F72EFB0521204600F00DFD42
:10177000D6E770BD40F2C130704708B5E6F71AFEF3
:1017800018B1C089003818BF012008BDF0B5C56880
:101790002F8887B00121B8B2E3F704F9064658B3A1
:1017A00002ACD5F80220D5F8063001946989009181
:1017B00002F090FB10B3122142F21A00E1F772FA24
:1017C0000546B0B112210C30FFF728FC0346224633
:1017D00023F8027B06AF144603CCBC421860596064
:1017E000224603F10803F6D1294642F21A00E1F736
:1017F00073FB3046E3F722F807B0F0BD022142F256
:101800001B00E1F74FFA04460028F2D002210C3009
:10181000FFF704FC2146078042F21B00E7E770B5A2
:1018200006460D4642F221000321E1F73BFA044649
:1018300060B103210C30FFF7F1FB06808570214673
:1018400042F22100BDE87040E1F746BB70BD73B5C0
:10185000C368D9789A781E8842EA0122ADF8002040
:1018600059791A7942EA0122ADF80220D9799A7998
:1018700042EA0122ADF804201A7A5B7AB4B242EA55
:10188000032301212046ADF80630E3F78BF8054627
:1018900028B902212046FFF7C2FF02B070BD694699
:1018A000E3F724FA38B91E212046FFF7B8FF28468F
:1018B000E2F7C4FFF1E70E2142F22000E1F7F2F96E
:1018C00004460028F3D00E210C30FFF7A7FB0023BD
:1018D0000680C0F80A30BDF800304380BDF8023001
:1018E0008380BDF80430C380BDF8063003812146F3
:1018F00042F22000E1F7F0FAD9E773B506460D464B
:1019000001AA002142F22F00E1F762FB044648B928
:101910000198C368B3F801203280B3F803302B80FC
:10192000E0F7C4FC204602B070BD70B506460D4617
:1019300040F206400321E1F7B5F9044668B10321FE
:101940000C30FFF76BFB0680857021460022BDE856
:10195000704040F20640E1F73BBB6FF0680070BD9D
:10196000C06803781BB13C2B03D1FFF7A0BDE1F7A2
:101970007BBC704738B50221054642F21600E1F7FC
:1019800091F9044668B102210C30FFF747FB2B8820
:10199000038021460022BDE8384042F21600E1F7FC
:1019A00017BB6FF0680038BDF8B507460E4642F227
:1019B000220006211546E1F775F9044678B10621A3
:1019C0000C30FFF72BFB3B88038046808580214647
:1019D0000022BDE8F84042F22200E1F7F9BA6FF0C8
:1019E0006800F8BD2DE9F0478146884642F2320092
:1019F00007219DF820A017461E46E1F753F905463A
:101A0000A0B107210C30FFF709FBB9F800300380C3
:101A100080F80280C7700671A0F805A02946002250
:101A2000BDE8F04742F23200E1F7D2BA6FF0680049
:101A3000BDE8F08708B500200021E1F771FA18B180
:101A4000BDE80840E1F742BABDE80840E3F726B830
:101A5000033138B5C9B205460E20E1F743FD032135
:101A600004460C30FFF7DAFA01230370A0F80150A6
:101A7000204638BD70B505460E460F200421E1F71B
:101A800031FD042104460C30FFF7C8FA012206702C
:101A900042704580204670BD08B5072205F036FB30
:101AA000B0FA80F0400908BD0B6803608B88838022
:101AB0008B7983717047BFF35B8F0068BFF35B8FD7
:101AC0007047F8B50F46144630BB272142F2270075
:101AD000E1F7E8F8054610B327210C30FFF79EFA2E
:101AE0003946FFF7E1FF06462246C31D04F1100107
:101AF00052F8040B43F8040B8A42F9D1102200215A
:101B000006F1170005F077FC29460022BDE8F840F1
:101B100042F22700E1F75CBA6FF01500F8BD6FF0F4
:101B20006800FBE7037A5B07024605D501462A32C7
:101B300011F8010BFFF7C5BF704738B50121054605
:101B400042F22D00E1F7AEF8044658B129460C30B8
:101B5000FFF773FA21460022BDE8384042F22D001B
:101B6000E1F736BA6FF0680038BD10B400F1100329
:101B7000BFF35B8F53E8002F22F4004143E80014C9
:101B8000002CF7D1BFF35B8F130404D55DF8044B31
:101B9000012100F0D3B95DF8044B70472DE9F04105
:101BA000D1F8048086B004460D46B8F1000F1DD16F
:101BB000037A5B071AD50E68411C701CFFF76CFF97
:101BC0002A36162241460746684605F014FC1022C4
:101BD0006946304605F09AFA30B1102204F12A0124
:101BE000304605F093FA00B107B16C6006B0BDE86D
:101BF000F08100F1100208B503461046FFF75BFFC5
:101C0000010611D5BFF35B8F52E8000F40F400408E
:101C100042E800010029F7D1BFF35B8F184600218D
:101C2000BDE8084000F08AB908BD10B50C4630B9CF
:101C300019B1E6F76BFB00B1441C204610BD00242F
:101C4000FBE718B111B10846E1F7C4BC6FF015000D
:101C5000704713B5044680B106216846F2F71AFAB8
:101C600048B99DF80530694603F03F0320468DF8DA
:101C70000530FFF7E6FF02B010BD6FF01500FAE780
:101C8000003818BF01207047037AD90704D523F024
:101C900001030372E1F7F4BC990704D523F00203B2
:101CA0000372E1F783BD704700207047034610F4CC
:101CB000004F0CBF07200620DA0348BF00F00500E4
:101CC0009B0348BF00F0FB007047BFF35B8F0068C9
:101CD000BFF35B8F704710B50346BFF35B8F53E8CC
:101CE000000F00EA010243E80024002CF7D1BFF303
:101CF0005B8F10BD2DE9F74F0C46202100909246D6
:101D0000E0F7D0FF0546002850D020210C30FFF727
:101D100085F920220021814605F06DFB09F1010BB8
:101D200004EBCA0A0026D4F80080002362689342BC
:101D30000CD30834A245F6D1009889F8006000223F
:101D4000294603B0BDE8F04FE1F742B998F8012009
:101D500098F800C0B01C11181F2908D9BCF1090F50
:101D6000C0F11F021AD1002A18DD4FF0080CD7B2BB
:101D7000791C0BF80610711CC9B25BFA80F00BF8E5
:101D800001C0D8F804100193023705F00CFB019B49
:101D90003744FEB2013308F10808C7E72846E0F7E8
:101DA00085FA6FF0150003B0BDE8F08F6FF06800A2
:101DB000F9E7012310B403FA01F104466AB1BFF355
:101DC0005B8F54E8003F0B4344E80032002AF8D10F
:101DD000BFF35B8F5DF8044B70475DF8044BC9435C
:101DE000FFF779BF2DE9F04F87B005469DF84860B1
:101DF000DDF840909DF844A00C469046002110224A
:101E000002A81F4605F0F7FAEEB9CDE90248012213
:101E100002A942F20800FFF76DFF044678B9BAF153
:101E2000000F3ED11035BFF35B8F55E8003F43F004
:101E3000040345E80032002AF7D1BFF35B8F204648
:101E400007B0BDE8F08FE1F73DF88346E4B937BB52
:101E50005846DAF781F90923012ECDE901B48DF84E
:101E600000308DF80100CDF80C80D0D1CDF810D025
:101E700005960222CCE714F83320083A012A25D926
:101E800001339845F7D1E2E70023FAE717F833204A
:101E9000083A012A1AD901339945F7D1D8E7002326
:101EA000FAE7022E4FF0010208BF059202A908BF0F
:101EB000324642F2090008BFCDF810D0CDE90279D0
:101EC000FFF718FF0028ADD00446B8E76FF01504FF
:101ED000B5E7436813F008000AD05A0307D403F4A7
:101EE000C063B3F5806F14BF02200120704701204A
:101EF000704770B5064686B00D4642F20A000121D1
:101F0000E0F7D0FE0446B0B10C3095B10121FFF7E7
:101F100094F806F1100203A9204600950723E0F784
:101F2000AFFE0022214642F20A00E1F751F806B066
:101F300070BD2946EBE76FF06800F8E7FFF7D9BFFF
:101F4000183004F01ABDE1F7E9BF0368D90444BFB3
:101F500043F48063036003689A0444BF43F400635E
:101F60000360704701F12003013813F8012D00F8D8
:101F7000012F8B42F9D1704700230B60436813B9DE
:101F8000C0E900117047196041607047D0F8B00097
:101F9000003818BF01207047084689691160C2697E
:101FA0001A60C27A0021183005F025BABFF35B8FA2
:101FB0000068BFF35B8F704710B50346BFF35B8FBC
:101FC00053E8000F40EA010243E80024002CF7D157
:101FD000BFF35B8F10BD73B50446CDE900320D46EB
:101FE00022B9D0F8A8606B4601AAB0472846E0F7AE
:101FF0005DF9019B23B100996FF06D02204698476F
:1020000002B070BD2438E2F7E7BA036800220BB9CA
:10201000184670478B4210D10B6842B94268036082
:10202000914200D1436000230B6001207047136090
:102030004368994208BF4260F5E71A461B68E6E725
:1020400010B50446006918B1E0F730F900232361A8
:1020500010BD70B50D46012116460446E2F7F8FAA8
:1020600000212846FFF7F5FA012E16D0022E16D1D0
:10207000236913B12046FFF7E3FF2846FEF791FFDF
:1020800020612269138A012B28D82088FFF7E3FA00
:1020900001212846FFF7DDFA07E0206918B920463C
:1020A000FFF7CEFF01E02E8A26B92846BDE8704032
:1020B000E0F7FCB80C30FEF7ECFF864207D9216947
:1020C0000022204600F094FA00232361EDE7206906
:1020D0002A8AE9680C30FEF7A7FFD2E7D268168893
:1020E0000436B6B2B342D0D32846E0F7DFF8216910
:1020F0000B8AB34204D92046BDE87040FFF7A0BF69
:102100000023236120460122BDE8704000F070BA30
:1021100010B5034600F1C8021046FFF747FF80B133
:10212000BFF35B8F411C52E8004F844204D142E868
:10213000001CBCF1000FF6D1BFF35B8FECD1184649
:1021400010BD0346FBE72DE9F84307460E469046CF
:1021500000244FF0D009B44203D100231846BDE853
:10216000F88309FB0470FFF7D3FF034658B1457BA2
:10217000012D02D0073D012D03D81A884245EDD02C
:102180001846E2F75BFB0134E5E710B5437B023B01
:102190000446062B16D8DFE803F009041515150BC5
:1021A0000900017300212046E2F772FB002010BDF8
:1021B0000088FFF7BAFB0028F9D1637B072BF5D124
:1021C0000821F0E76FF07F00F1E710B50446D0F882
:1021D000A00028B9207A04F17001E6F7EBF838B1D5
:1021E000E278C3892AB913F0210F14BF012000201F
:1021F00010BD13F0240FF8E738B5037A8B4204467C
:10220000154615D100F170010722284604F07EFF23
:1022100080B1E378072243B904F17E01284604F037
:1022200075FFB0FA80F0400938BD04F17701F5E799
:102230000020F9E70120F7E708B5E2F72BFE10B11F
:10224000E2F7FCFA012008BD20B18378194214BFDF
:1022500001200020704708B503210246FFF7F4FF74
:1022600028B1D07A18B1D2F8A00000B1007B08BD27
:1022700038B50A4603210446FFF7E6FF48B3637BFF
:10228000072B29D1130602F07F050BD54FF400412F
:10229000201DFFF791FEA5722046E5F7BBFCA8B90B
:1022A000002038BD637AAB42FAD2A37AAB42F7D2B0
:1022B000BFF35B8F231D53E8001F21F4004143E867
:1022C0000012002AF7D1BFF35B8FE4E7637AA372B1
:1022D000E7E76FF01500E4E76FF07F00E1E708B58E
:1022E00003210246FFF7B0FF00B1507A08BD08B5E0
:1022F00001210246FFF7A8FF08B102F1700008BDF6
:10230000F8B507460D4642F213000E21E0F7CAFC6D
:102310000646D0B10E210C30FEF780FE0E22044698
:10232000002105F068F83B8823802B8863806B8848
:10233000A380AB88E380EB88238131460022BDE88F
:10234000F84042F21300E0F743BE6FF06800F8BDBA
:102350007047704710B400F14C030122BFF35B8F4C
:1023600053E8001F43E80024002CF9D1BFF35B8F32
:1023700041B9034653F8482B8164D2F8B41031B9FF
:10238000C2E92C3300685DF8044BE2F7B5B90B6085
:10239000C2F8B430F6E710B50368D3F8B02042B104
:1023A000D3F8B4401168C3F8B010A24208BFC3F814
:1023B000B4104C300023BFF35B8F50E8002F40E88F
:1023C00000310029F9D1BFF35B8F10BD70B5D0E9A2
:1023D000003504464BB3D3F8B020483000216AB131
:1023E000904234D1A26C51BBD3F8B410C3F8B020E2
:1023F000884201D1C3F8B4200023A36404F14C0344
:102400000022BFF35B8F53E8001F43E80020002841
:10241000F9D1BFF35B8F04F13006236BD3B96B683E
:102420000BB12046984700232360E3680BB1204698
:1024300098472B6AB3B12046BDE8704018470A6040
:10244000D3F8B420904208BFC3F8B410D4E71146C3
:102450001268C4E7002200233046FAF709FDDFF7CF
:1024600025FFDAE770BD38B5406B30B150F8084948
:1024700004B1083CFFF7AAFF04B938BDA5682DB127
:102480002046083DFFF7A2FF2C46F7E72046BDE8AF
:102490003840FFF79BBF38B5436B0D46BBB11846BC
:1024A00050F8084904B1083C53F8043C9B680BB150
:1024B000294698475CB12046A468436824B19B68CC
:1024C000083C002BF4D1F6E79B68002BF0D138BD17
:1024D000F8B50E4600210746154600234FF480321A
:1024E0000846E2F7EDFE044630B104210C30FEF759
:1024F00095FD0770467045802046F8BD38B5054605
:10250000006898B1407B072810D1087A012810D1C3
:10251000C87A07280DD98A61CB6105F1300004F033
:1025200026F92846FFF716FF002038BD6FF07F0020
:10253000FBE76FF01500F8E7406B30B1838B8B42FF
:10254000A0F1080001D08068F7E7704710B54AB9DC
:1025500089B2FFF7F1FF28B143689B6913B1BDE869
:102560001040184710BD38B50D460521FFF7E4FFB0
:1025700000231A462946FFF7C1FF044610B128463A
:10258000DFF794FE204638BD38B50B8A032B05468D
:102590000C4621D9042104F10C00FEF766FD238AC4
:1025A00042889A4218D14178B1B10378012B13D0F7
:1025B000132B11D0022201202D68FFF789FF04465A
:1025C00050B102210C30FEF729FD00230370437047
:1025D00021462846FFF7C7FF002038BD406B30B1C9
:1025E00083898B42A0F1080001D08068F7E770472B
:1025F00038B50B8A032B05460C4604D82046BDE8A7
:102600003840DFF753BE042104F10C00FEF72DFD26
:1026100041882846FFF7E2FF0028EFD043682146B3
:102620005B699847EAE770470346006828B1596834
:1026300002681A60884208BF5A607047034600204B
:1026400003B970471A8A5B681044F9E710B5D4687B
:102650002378023113B92170012010BD8B42FBD0C9
:10266000038A023B038200201061F6E706207047D0
:1026700073B51446014605464FF49572206801F083
:1026800069F8207500BB237A2068ABB1A3F118026A
:10269000534253419B000193638A0093AE68238A9F
:1026A000E2682946B047002808DB238A83420ED11E
:1026B00000232375012008E00223ECE710F1FF0F4F
:1026C00005D34042C0B22075002002B070BD0E207C
:1026D000F9E71FB5CDE90123002300931A46E4F77B
:1026E00061F905B05DF804FB2DE9F04F91B0166873
:1026F00080460F46002542F601030068D6F8049094
:102700008DF82C500BA91446ADF82E30FEF757FD6E
:10271000002800F089804FF42053D8F800008DF88D
:102720002C500BA9ADF82E30FEF749FD38B1A36847
:102730001BB15A88BA4200D25F8001200EE0616866
:102740000846FFF77BFF728B738D9A4294BFC0EBF4
:102750000200C0EB0300032803D8002011B0BDE83D
:10276000F08F0846FEF721FC05466068FFF766FF1C
:10277000728D738B05F10C0B9A4294BFC0EB020A69
:10278000C0EB030A5846FEF784FC824544D26068D9
:10279000FFF754FF728D738B9A4294BFC0EB020017
:1027A000C0EB030070B96368987ADFF7D7FC0022AA
:1027B0000023FEF7C7FB05460028CED0014660681F
:1027C000FEF704FC00230093D8F80460102302AA4B
:1027D00041464846B047061E26DB227CE068B242EE
:1027E0001ED001460BA8FEF718FDE8B1F2B202A90F
:1027F00006A8FEF712FDB8B106A90BA8FEF7DFFC8C
:1028000090B900236374042105F10C00FEF706FC67
:10281000A0600780A3688FE75846FEF73AFCC1E73F
:1028200002A904F073FCEBE70023A36085E7F8B589
:102830009368166805460F46144663B9506801212F
:102840000C30FEF7EBFBA0602B681B78002B14BF4D
:10285000022301230370A3681B78012B03D0022BF2
:102860001FD000201CE02B681B78002BF9D160687A
:1028700004210C30FEF7D2FBE06007802A68E36891
:1028800052885A806168728D738B088A9A4294BF0D
:10289000C0EB0200C0EB0300042894BF002001201D
:1028A000F8BD2B681B78022BDBD1606812210C303D
:1028B000FEF7B4FBE06007802B68E268591C023227
:1028C000113351F8040B42F8040B9942F9D16168B5
:1028D000728D738B088A9A4294BFC0EB0200C0EBE2
:1028E00003001228D9E770B405686A6A52B3136806
:1028F00003B1A83BA2F1A8040022114600E0A83BC6
:10290000844207D0668D648BB14238BF3146A24203
:1029100038BF22461C462BB1D3F8A830002BEED18D
:102920008442EFD1438D408B8B4201D890420BD92A
:10293000824238BF02469942286838BF194670BCA7
:10294000E4F784BC1146EDE770BC7047D0680378AB
:10295000043113B90170012070478B42FBD091689C
:102960000B8A0020043B0B82106170472DE9F04F69
:10297000044685B0104690469946FFF75FFE638B8C
:10298000628D934228BF134683428B4640F2938068
:10299000636803934046FEF708FB4FF0000A0646C3
:1029A0004046FFF74BFE628B638D06F10C079A429F
:1029B00094BFC0EB0205C0EB03053846FEF769FB88
:1029C000854217D24046FFF739FE628B638D9A42EB
:1029D00094BFC0EB0205C0EB03058DBB98F80A005D
:1029E000DFF7BCFB00220023FEF7ACFA064630B945
:1029F000574636E03846FEF74CFB0546EDE7014604
:102A00004046FEF7E3FA4046FFF718FE628D638BFF
:102A100006F10C079A4294BFC0EB0205C0EB030518
:102A20003846FEF736FB85421FD24046FFF706FECA
:102A3000628D638B9A4294BFC0EB0205C0EB030525
:102A4000F168328ACDF80090DBF8047003980A44EC
:102A5000ABB25946B847071E0CDABAF1000F18BFDF
:102A60005746384605B0BDE8F08F3846FEF711FBF3
:102A70000546E5E70E9BB3B9394606F10C00FEF7B3
:102A8000CDFA4046FFF7DAFD638D628B934228BF93
:102A90001346B9448342BA441FFA89F9A8D9AF4210
:102AA0003FF47EAFA4E70F9A0E9B39463046984715
:102AB0000028E1D19CE70027D3E70368002203B98F
:102AC00070478B420FD10B683AB94268036091425C
:102AD00000D1436000230B60704713604368994244
:102AE00008BF4260F6E71A461B68E8E70620704711
:102AF000BFF35B8F50E8003F43F0080240E800213D
:102B00000029F7D1BFF35B8FC3F3C000704773B5E3
:102B100016680546002370681373144629469522EB
:102B200000F018FE207380B9CDE900002946A38883
:102B3000A2683046FFF71AFF002809DA10F1FF0FEC
:102B400026BF4042C0B20E202073002002B070BDEC
:102B50000120FBE72DE9F341166807460023706862
:102B6000137314463946952200F0F4FD0546207390
:102B700008BBA068718B728D038A914294BFC3EB2E
:102B80000103C3EB0203012B15DD02210C30FEF71C
:102B900045FACDE900558046A388A26839463046FB
:102BA000FFF7E4FE031E0ADA13F1FF0F26BF5B42B4
:102BB000DBB20E232373002002B0BDE8F081A8F839
:102BC00000300120F8E72DE9F04104468868FFF75E
:102BD00035FD638B628D934228BF134683420D46B9
:102BE0001DD3E165D1F8088000278F60FAF74CFE0D
:102BF00041462046E2F706FE064638B1C5F8088091
:102C0000E765FAF755FE3046BDE8F081618D638BCC
:102C1000994228BF1946284600F030FFF1E76FF0CF
:102C20007906F0E738B5BFF35B8F0B68BFF35B8FB6
:102C3000DB07054617D550F8040CA0B1AB6D93B96E
:102C40000430FFF7F1FC044668B10146281FFFF786
:102C5000BAFF002807DA55F8043C5A6822609A68DF
:102C60005C6002B99C6038BD2DE9F041446A0746BA
:102C70003CB354F8A86906B1A83E00231D4607F1ED
:102C8000040801E034461646E26D9AB905B98BB9DD
:102C90004046FFF7C9FC054658B101462046FFF7FC
:102CA00092FF00280DDA7B682B60BB687D6003B95A
:102CB000BD6023462EB1D6F8A820002AE2D0A83A5B
:102CC000E0E7BDE8F08170B504460E46002200231F
:102CD0000846FAF7CDF8054658B101462046E2F716
:102CE00091FD044618B12946304603F04BFD2046BD
:102CF00070BD6FF00104FAE7F8B50546071F00F153
:102D0000540350F8044CBFF35B8F53E8001F21F0CD
:102D1000040143E80012002AF7D1BFF35B8F04B32C
:102D2000AB6D8BB963687BB1201DFFF77DFC01465D
:102D300006463846FFF747FF002812DA636833601B
:102D4000A368666003B9A66005F15C013846FFF729
:102D5000BAFF30B104F10C013846BDE8F840FFF786
:102D6000B2BFF8BD38B504460D46E2F74BFD30B1B1
:102D7000294604F16000BDE8384003F0F8BC38BDD6
:102D80002DE9F041884617460121042205461E46DA
:102D9000E2F776FB044670B104210C30FEF73EF9F1
:102DA00080F80080A0F80170C67021462846BDE872
:102DB000F041FFF7D7BFBDE8F08137B50C460546B7
:102DC00001F10C00FEF759F9228A0192E2680092A3
:102DD0000346132212212846E2F71EFE03B030BD3F
:102DE00037B50C46054601F10C00FEF746F9228A7C
:102DF0000192E26800920022034611462846E2F75B
:102E00000BFE03B030BD08B5437B072B01D000207B
:102E100008BD0421FFF7E2FB0028F8D0BFF35B8F69
:102E2000436DBFF35B8FDB07F1D550F8040CEFE780
:102E300070B50E461546FFF7E6FF78B1436A6BB1F1
:102E4000184650F8A83903B1A83B691C428D448B41
:102E5000A24228BF2246914202D93BB9002070BD50
:102E60002A463146BDE87040E2F70ABBD3F8A840D5
:102E700004B1A83C18462346E8E707B5CA6813889A
:102E8000528800920C210D22E2F75EFF03B05DF83C
:102E900004FB07B5CB6800221B8800920A210B2295
:102EA000E2F752FF03B05DF804FB2DE9F041CB6877
:102EB0001F88BBB2162B05461BD90321E2F70CFE77
:102EC0000646C0B102210C30FEF7A8F800244FF0EE
:102ED000410880F80080447031462846FFF742FFE1
:102EE0002846A5F81A806F85FFF7FDFC2046BDE84F
:102EF000F0810420FBE70E20F9E7E3F7CFBC0A8A54
:102F0000C9680023E3F7C0B870B5054650F8043C23
:102F100055F804690446002B32D031B1836D7BB380
:102F20001B7CDA072CD505231DE03046E4F7A2F917
:102F3000737A012B24D0A46D14B3237CDB071FD537
:102F4000E368002BEFD06269617C2846E2F798FACB
:102F5000064638B1D4E90512E368984750B13046C7
:102F6000DFF7A4F90E23002228461146BDE8704081
:102F7000E3F78AB831462846E2F744FC0028EED150
:102F800070BD30B5054689B055F8043B0446186855
:102F9000FFF7ADF96946E2F7E1FA2846E3F7AEF844
:102FA00060681321FFF7F1F809B030BD10B5044691
:102FB00088B054F8783D1868FFF799F96946E2F748
:102FC000CDFA2046FFF7DDFF08B010BD70B50E4604
:102FD000FFF719FF044628B93046DFF767F96FF0AD
:102FE0007F0070BD00F10C052846314603F0BFFBA1
:102FF000606A38B150F8A84904B1A83C2946FFF7E7
:1030000062FE20B90020ECE71C466FF00100002CA6
:10301000F8D0D4F8A83023B90230F5D020461C46A9
:10302000ECE7A83BF8E738B505460C46FAF72CFC68
:103030002846FFF7E8FE20B9FAF73AFC6FF07F0068
:1030400038BD0023236083683BB9C0E90144FFF722
:103050000BFEFAF72DFC0020F2E71C608460F6E717
:103060000120704708B5FFF7CEFE98B1436A8BB1D7
:10307000BFF35B8FA83B03F1580252E8000F20F02A
:10308000080042E800010029F7D1BFF35B8FD3F8B5
:10309000A830ECE708BD08B50421FFF79FFA30B16E
:1030A000BFF35B8F406DBFF35B8FC0F3C00008BD03
:1030B00010600020704710B5029CA36833B1B1F5D1
:1030C000807F28BF0E21CAB221469847A37DE268BF
:1030D000013BDBB2A37522B11BB92046BDE810400D
:1030E000104710BD1060918000207047002070478D
:1030F0000B6803608B8883808B7983717047F0B590
:1031000087B00026BDF830500196174631460D2293
:1031100002A81C4604F06FF90F2D12D82544102D7B
:1031200012DC2246394601A804F03DF904F11803E7
:103130006B4401A803F8146CDFF7A0FE204607B02B
:10314000F0BD6FF00604F9E76FF00C04F6E708B580
:10315000072203F0DBFFB0FA80F0400908BD2DE93B
:10316000F04104460F469046461C002516F8013CE7
:10317000434507D139463046FFF7E9FF10B16019E2
:10318000BDE8F0810A35322D06F10A06EED10020A5
:10319000F6E710B50346BFF35B8F53E8000F40EA34
:1031A000010243E80024002CF7D1BFF35B8F10BD70
:1031B00010B50346BFF35B8F53E8000F00EA01022E
:1031C00043E80024002CF7D1BFF35B8F10BDBFF3A1
:1031D0005B8F0068BFF35B8F70472DE9F0410746B6
:1031E0000C464D1C01F13308002615F8010C294648
:1031F000E1F750FE30B1B5F807309E4238BF1E46A9
:10320000E1F71CFB0A354545EFD1638EB34207D089
:10321000636B668623B131463846BDE8F0411847F6
:10322000BDE8F08138B5BDF81040A24215460CD873
:103230004CB16BB1A21A8A42A8BF0A4694B2224688
:10324000591904F0B0F8204638BD6FF00600FBE7CE
:103250006FF00D00F8E730B585B0C96814461D461B
:10326000E3F7AAF800B10089ADF80E00022300933D
:10327000BDF820200DF10E0329462046FFF7D2FFAE
:1032800005B030BD1FB50C461946E3681C781046E2
:10329000BDF818203CB110240133069404B0BDE8F9
:1032A0001040FFF7BFBF5B88ADF80E3002230093DC
:1032B0000DF10E03FFF7B6FF04B010BD30B585B0B9
:1032C0001D46002314468DF80C30E3F753F810B177
:1032D000037A8DF80C3001230093BDF8202003AB56
:1032E00029462046FFF79EFF05B030BD2DE9F0418D
:1032F00014461D46BDF81870DFF7E4FD0646D8F702
:103300002BFF80B2069033463A4629462046BDE858
:10331000F041FFF787BF30B585B014461D46FEF774
:1033200029FA0223ADF80E000093BDF820200DF11C
:103330000E0329462046FFF775FF05B030BD10B5D6
:10334000E2F796FF044640B1014611F8010BDFF7A2
:10335000A5F9002323606360A360002010BD70B551
:1033600000F1700605463146007AFEF706FA04467B
:103370003146287A1CB1BDE87040FFF7E0BFE2F7A4
:1033800077FF10B104604460846070BD022A10B5FC
:1033900008D1002300F170011A46007AE3F764F8BF
:1033A000022010BDFFF7DBFFFAE737B504460D46F4
:1033B000E2F726FF024688B1037A8DF804300C301C
:1033C000FFF705FF00F001008DF80500022301AAB8
:1033D00029462046DFF76AF903B030BD0346F7E718
:1033E000F0B507683D7889B0064614462DBB7B884A
:1033F000B3F5245F04D01AD8A3F52053032B1CD8AF
:10340000ADF80A1002220DF10A01204602F028FA56
:1034100048B97B88ADF80A3002220DF10A01204636
:1034200002F01EFA68B16FF01502A26506E003F51E
:103430005643FF339BB2042B12D90125284609B00D
:10344000F0BD009003AA776813233146B847021EE7
:10345000EBDB03A9204602F003FA0028EDD0E2E7F7
:10346000ADF80A1002220DF10A01204602F0F8F927
:103470000028D8D17B88ADF80A3002220DF10A016C
:10348000E8E708B50C3029B10121FFF782FEC043FF
:10349000084008BD6FF00101FFF78AFE00F001004F
:1034A000F7E710B50446FFF7ECFF38B121460122DB
:1034B000BDE8104011F8010BE2F79ABF10BD2DE9ED
:1034C000F0411F46BDF81830012B064690462DD816
:1034D0003B44012B3D462CDCE2F74CFF044618B977
:1034E000E2F748FF044638B397B1217A98F80020F4
:1034F000002321FA03F0C70703D522FA03F0C0071F
:103500001DD50133032BF4D102F0070211432172C0
:1035100006F17001601CFFF7EBFD337A2370012187
:103520002046FFF7BEFF2846BDE8F0816FF0060594
:10353000F9E76FF00C05F6E76FF01005F3E76FF0B1
:103540001205F0E770B504461546FFF789FD48B14E
:103550002046E2F70FFF28B1037ADB0702D50121ED
:10356000FFF79FFF85B9207A04F17001E2F780FE32
:10357000024648B101468560BDE8704011F8010B74
:1035800004230832DFF77CB870BD2DE9FF4188467F
:1035900016461F46044628B96FF01505284604B0A4
:1035A000BDE8F08102A9FDF7E2FD05460028F3D150
:1035B00001A92046FDF762FB0198D0B902A90020BD
:1035C000E2F71EFE044648B9E2F7D4FE044678B39B
:1035D000002300F8013B02A9FFF78AFDB8F1000FB4
:1035E00022D0022269463846B047002808DA05464C
:1035F000D4E70A222946FAF717FE0028DED0CBE7E7
:103600009DF800302372022804D000212046FFF7E5
:1036100048FFC3E79DF801100129F6D801F0010128
:103620002046FFF72EFFB9E72046E2F7FBFFB5E79C
:103630006FF00B05B2E738B5BDF81010BDF81840B3
:10364000059DA14210461A460CD84CB16DB1631AC3
:103650009A42A8BF1A4694B22246294403F0A3FE18
:10366000204638BD6FF00600FBE76FF00D00F8E76D
:1036700013B5044610B9002002B010BD00238DF828
:103680000430006842F6030301A9ADF80630FDF7E7
:1036900096FD0028EFD1E36898880028ECD12046F9
:1036A000E3F750F9013080B2E6E770B5CC6888B036
:1036B00008461E46A3798DF80C301546FFF7D8FF53
:1036C000ADF80D00246823786BB96388ADF80F302E
:1036D00005230093BDF8302003AB31462846FFF7A1
:1036E000A1FD08B070BD631C0DF10F02113453F839
:1036F000041B42F8041BA342F9D11323E9E71FB5C9
:10370000CDE90123002300931A46E3F74BF905B0F6
:103710005DF804FBE3F734BA1FB50C461946E368BD
:1037200010461A788DF8082093F901208DF80920A9
:103730005A88ADF80A201A79DB88ADF80D300723D6
:103740008DF80C200093BDF8182002ABFFF76AFD3E
:1037500004B010BD38B54C8AD3070546C4F30E0437
:1037600004D514F0950F2AD04B6843B3900704D5C5
:1037700014F4957F25D08B681BB3144014F4DE7FBE
:103780000DD0EB7A2BB92846FEF71FFDD8B90520DE
:1037900038BD14F0300F04D114F4C07F07D10020DD
:1037A000F6E72846FEF79BFD0228F5D8EFE7D5F8A7
:1037B000A030002BEBD05B7BDB06E8D5EFE70220E7
:1037C000E6E70320E4E70F20E2E72DE9F041437B41
:1037D000072B86B005460C46174640F08480002330
:1037E0008DF81430206842F6030305A9ADF81630B1
:1037F000FDF7E5FC90B96668002E74D000900123B7
:1038000004AA2146B04701286DD19DF8103013F06D
:10381000300F68D02046E3F749FA044600232068B9
:103820008DF8143005A942F60213ADF81630FDF7F5
:10383000C6FC18B12046E3F739FA0446002642F6E2
:10384000021820688DF8086002A9ADF80A80FDF71B
:10385000B6FCF0B9002320688DF8143005A942F6B3
:103860000213ADF81630FDF7AAFC00283BD16668BC
:10387000002E38D00090022305AA21462846B047E2
:10388000022830D1BDF814301F4214BF012000209F
:103890002AE020688DF80C6042F6030303A9ADF816
:1038A0000E30FDF78CFC0028D4D020688DF8106015
:1038B0004FF4205304A9ADF81230FDF780FC002826
:1038C000C8D020688DF8146042F6010305A9ADF850
:1038D0001630FDF774FC0028BCD02046E3F7E6F96B
:1038E00004460028ADD1002006B0BDE8F081F8B54F
:1038F00014460F46942261680646FFF72BFF20BB53
:10390000616801223046FFF760FF08B3A2891B21DE
:1039100002323046FFF78CFA0546E0B1A1890C303F
:103920000231FDF77BFB20F8027BA289A16803F03E
:103930003AFDD4E9041228460123E2F743FC294664
:103940003046BDE8F840FFF741BB4FF0FF30F8BD0F
:103950006FF01500FBE76FF00B00F8E72DE9F04181
:1039600005468846E2F706FD0446E0B1037ADB0728
:1039700019D500F10C073846FFF729FC10F00106B5
:1039800011D1B8F1000F0FD06FF002013846FFF7E8
:103990000FFC10F0020F284609D0FFF763FB01214E
:1039A0002046FFF77EFD01263046BDE8F081FFF797
:1039B00057FB0028F8D02846FFF76DFB0028F3D00E
:1039C0006FF002013846FFF7F3FB2846E5E7F8B54C
:1039D00006460F46E2F730FC394604463046FDF70E
:1039E000CCFE68B364B304F108056FF0010128460A
:1039F000FFF7DEFBC20703D539463046E3F752FC3A
:103A00006FF002012846FFF7D3FB830703D5394641
:103A10003046FFF7CAFC2846FFF7D9FB80B923469A
:103A200003F8010BC4F80100C3F80300BFF35B8F78
:103A300055E8003F45E80002002AF9D1BFF35B8F4B
:103A4000F8BD38B5A0F17705441C15F8010C2946DE
:103A50000C35FFF7BCFFA542F7D138BD38B5044699
:103A600059B100F170052946007AE3F71BFC207A72
:103A70002946BDE83840FFF798BC38BD704707209D
:103A8000704708B50621FEF7A9FD00B1EC3808BD66
:103A9000BFF35B8F0068BFF35B8F084100F001004C
:103AA000704710B50346D9B1C88910F0240F17D05C
:103AB0001A7D5C7B097BA24228BF2246914201D934
:103AC000002010BD820604D4187A003818BF0120E7
:103AD000F7E70521181DFFF7DBFF0028F4D1EFE71A
:103AE0000120EEE701238B40DB43BFF35B8F50E8FF
:103AF000002F1A4040E800210029F8D1BFF35B8F66
:103B0000704707207047002370B51A460446EC3012
:103B10000D46FEF7F3FC20B12846BDE87040DEF705
:103B2000C5BB04F5A0704FF47022BDE870400023BF
:103B3000F9F786BC01238B40BFF35B8F50E8002F61
:103B40001A4340E800210029F8D1BFF35B8F70478A
:103B500008B50E21FFF7EEFF002008BD38B5054679
:103B60000B4604300D21FFF793FFA0B1DC68D5F8B8
:103B7000EC300220197A03F1700200F096FB80B15C
:103B8000224600F12A0304F1100152F8040B43F815
:103B9000040B8A42F9D128460921FFF7CBFF002008
:103BA00038BD0820FCE770B5051D0E4628460421E7
:103BB000FFF76EFF68B10022002100230846E1F7FD
:103BC0007FFB044640B904212846FFF7B3FF204697
:103BD00070BD4FF47022EFE701210C30FDF71EFAA3
:103BE0000670F4E738B504210446FFF7DCFF05460C
:103BF00098B110210C30FDF711FA04F1270304F1FC
:103C0000370253F8041B40F8041B9342F9D12046B5
:103C10002946FFF778FF002038BD0820FCE72DE992
:103C2000F04790B004460CAD10220021284603F066
:103C3000E2FB237A052B1ED8DFE803F00603030618
:103C40001D21D4F8D8300C93D4F8EC3004F147029D
:103C500004F1C707CDE9017204F1370803F17E02D0
:103C600004F12709009277334A46414604F1970050
:103C7000E4F7BEFB98B1082010B0BDE8F087D4F897
:103C8000E430002BE0D02E4603F110071868596885
:103C9000324603C20833BB421646F7D1D4E7D4F804
:103CA000EC3003F177027E3308AE019304F1110387
:103CB0000292009303962B4642464946384600F04E
:103CC000ABFB0028D7D1237A052B0FD1D4F8E01015
:103CD000002948D00B46AC4601F1100E186859680F
:103CE000624603C2083373459446F7D1D4F8EC30EA
:103CF00003F17E0277330DF1100A019304F10A03F8
:103D000002920093CDF80CA02B464A464146384615
:103D100000F082FB0028AED11022514604F1B7001A
:103D200003F0F4F920BB0D212046FFF73CFF0746C6
:103D30000028A0D010210C30FDF770F93246034660
:103D4000164603CEAE4218605960324603F10803AE
:103D5000F6D139462046FFF7D6FE201D0121FFF798
:103D6000E9FE002088E71022284603F044FBBDE767
:103D70000B2081E770B5D0F8EC30DB78012B0446DE
:103D800019D1CD68061D10213046FFF7ABFE2B463A
:103D900004F1B70205F1100153F8040B42F8040BCB
:103DA0008B42F9D107213046FFF772FE28B1092175
:103DB0003046FFF7BFFE002070BD0A213046FFF7F6
:103DC00067FE0028F3D12046BDE87040FFF727BF0B
:103DD00070B5061DCD6804460B213046FFF782FE04
:103DE0002B4604F1170205F1100153F8040B42F8B9
:103DF000040B8B42F9D1237A012B09D0022B13D16A
:103E000020460421FFF796FEBDE87040E3F750BC62
:103E10000A213046FFF73CFE0028F1D03046002151
:103E2000FFF788FE002070BD0820FCE707207047E0
:103E3000072070470720704730B5012303FA01F1CE
:103E4000CA43BFF35B8F50E8003F03EA020440E837
:103E50000045002DF7D1BFF35B8F194214BF01203D
:103E6000002030BD70B500F1700604460D460722F3
:103E70000968304603F04AF940B96B681A6822674E
:103E80009A88A4F874209B7984F8763070BD38B590
:103E90000446031D0025BFF35B8F53E8002F43E862
:103EA00000510029F9D1BFF35B8F04F5A07002F037
:103EB00064FD2572BFF35B8F54E8003F44E8005275
:103EC000002AF9D1BFF35B8F20460121BDE83840BD
:103ED000FFF730BE2DE9F84FDDF82C80BDF82890B3
:103EE000044692461F46FFF7CCFD054600285AD0EF
:103EF000061DB9F1000F27D15AEA070324D1032187
:103F00003046FFF7C5FDD0B301213046FFF7C0FDB5
:103F1000A8B32C7D6B7B9C4228BF1C46224605F132
:103F20004701404603F03FFA0F2C06D8C4F11002B7
:103F3000002108EB040003F05EFA30460121FFF790
:103F4000F9FD0120BDE8F88FD4F8A030F3B904F1F1
:103F5000700B217A5A462020E4F7B2F9C4F8A00089
:103F600030B9217A5A460120E4F7AAF9C4F8A00032
:103F7000B9F1000F0AD15AEA070704D006E0D4F8D5
:103F8000A030002BE3D0D4F8A01071B90F21304637
:103F9000FFF77EFD20B1022206212046E0F712FF46
:103FA0002846FFF774FF0020CCE7CB899B06EDD5B0
:103FB0000C7B1A312246B4E76FF085007047F8B5E4
:103FC000031D06460F4618460221FFF761FD044611
:103FD00020B1B6F8E840B4FA84F464090321184625
:103FE000FFF756FD58B139463046E3F7D7FE0521B5
:103FF00094B1D6F8EC00FEF7C8F80020F8BD012116
:104000001846FFF745FD0028EDD10F211846FFF7B0
:104010003FFD0028E7D1EAE73046FFF7C4FD05463B
:1040200088B101210C30FCF7F9FF234607702246C6
:10403000294606F1EC00FEF761FA0028DDD028469B
:10404000DEF734F9D9E76FF06800D7E770B50446BA
:104050000820E3F7F7F90546E0B1061D08213046D0
:10406000FFF740FDBCB30721FFF73CFD234605F1F8
:10407000970204F1200153F8040B42F8040B8B4221
:10408000F9D10A213046FFF703FD70B1092130460E
:10409000FFF750FD0720E3F7D5F90446E8B1E3F751
:1040A00029FA0146C8B1204612E010213046FFF738
:1040B000EFFC09210028EAD13046FFF7E9FC00288F
:1040C000E8D02846FFF7ABFD01460028E2D028469D
:1040D000FFF775FFDEE70B21F9E770BD2DE9F04131
:1040E0000E460446D0F8EC80E3F7C0F9F768261DC9
:1040F00005460A213046FFF79FFE38B16DB92046CC
:104100003978E3F74BFE0020BDE8F0810B21304603
:10411000FFF792FE0028F1D1F1E76B69002BEED09A
:1041200040469847EBE770B50446A0F1EC0650F81E
:10413000543BE83CD3F8A05002F01FFC032120467A
:10414000FFF7A6FCA0B108213046E3F727FE3DB1FA
:10415000EB8913B16B7B9B0702D5284600F0B9F8B9
:1041600030464FF4BC72BDE87040002103F043B903
:1041700001212046FFF78CFC0028E4D10F212046C6
:10418000FFF786FC0028DED1E1E710B508210446E0
:10419000A0F5A070E3F702FEA4F59E700421BDE82F
:1041A0001040FFF7C7BC70B50446FFF76AFC054630
:1041B000002863D0061D03213046FFF769FC002864
:1041C0005CD0D4F8A00008B100F083F8207A04F1A4
:1041D0007001E3F7F3FFC4F8A00028B928460821CE
:1041E000BDE87040FFF7EBBE0E213046FFF750FCF4
:1041F00028B1D4F8A020537B43F0020353732A7AEA
:10420000D4F8A010032A4B7B39D8002A3ED0D4F82A
:10421000A020537B43F0010353732B7D697BD4F8BB
:10422000A0208B4228BF0B46137305213046FFF7B1
:104230002FFCD4F8A0305A7B88B342F010025A7396
:104240000D213046FFF724FCC0B1D4F8A000202196
:1042500000F03BF8D4F8A03005F147021A33573587
:1042600052F8041B43F8041BAA42F9D1D4F8A02049
:10427000002313615361D4F8A020138370BD053A65
:10428000012A03D843F020034B73C0E723F0200337
:104290004B73D4F8A020537B23F00103BCE722F03A
:1042A00010025A73EAE7DFF7EBB970B504460D4622
:1042B0001646E4F705F838B931462846E3F77EFF9D
:1042C00010B1C3891C43C48170BDC3891943C18126
:1042D000704710B5037A5B07044601D5DFF766FA2D
:1042E000214611F8010BDEF77FFA20464022BDE897
:1042F0001040002103F07FB870B5064690B0144618
:10430000184616B3342203A9A047051E1DDB01A9D8
:104310003046FCF72CFF0446B8B969463046FCF736
:10432000ADFC009858B99DB101A90020E3F746FF04
:10433000034648B3342D18D0FFF7CBFF05E00A221F
:104340002146F9F771FF0028EDD06FF0150409E060
:1043500001AA29463F20E3F7B3FF18B140222946BE
:1043600003F049F8204610B070BD03AA0C330FAE1D
:10437000154603CDB542186059602A4603F108037B
:10438000F6D128681860EDE76FF00B04EAE7014604
:104390000246342311F8010B0C32DEF717BA531E14
:1043A0001944024411F8013900F8013B9042F9D157
:1043B000704710B5431E00F11002073013F8011FBB
:1043C00012F8014D1C7083421170F7D110BDF0B589
:1043D00097B014460E462022014605A81D461C9F94
:1043E000FFF7DDFF202231460DA8FFF7D8FF214659
:1043F000102201A88DF85450FFF7D1FF3B4641220F
:1044000005A901A8E4F78AF8044610B93846FFF771
:10441000D0FF204617B0F0BD2DE9F04397B0044619
:10442000164605A810221D46DDE91F98219FFFF7BB
:10443000B6FF1022314609A8FFF7B1FF1022294626
:104440000DA8FFF7ACFF1E99032211A8FFF7A7FFE5
:104450004946D9F8010011F8013B8DF84730129018
:104460008B88ADF84C30062212A8FFF798FF414622
:10447000062211F8013B8DF84E30D8F80130CDF806
:104480004F300DF14F008B88ADF85330FFF787FFA9
:104490002146102201A8FFF782FF3B46412205A9D1
:1044A00001A8E4F73BF8044610B93846FFF781FF4E
:1044B000204617B0BDE8F0832DE9F04106460D46D1
:1044C00017461C46ABB1D0F80880D8F800309847A2
:1044D000002D11DB84420FD8031BAB420CD3D8F85C
:1044E00008E023463A4629463046F446BDE8F04106
:1044F00060471846BDE8F0816FF01500FAE74368A1
:10450000D3E90203C01A70472DE9F0410C46466812
:104510000546006990461F46F2F7E4FD002C15DBC6
:10452000D6E90231E2195B1A9A420FD8D6E90003A4
:10453000E118737C19443B464246FFF7BDFF044631
:104540002869F2F7DDFD2046BDE8F0816FF0150423
:10455000F6E72DE9F8430D1ED0F804900646904684
:104560001C462DDBEA18D9E902315B1A9A4227D89A
:104570000069F2F7B7FDD9E9007299F81130B4B1CA
:10458000D7F8089015441D443846D9F800309847AC
:10459000002D12DB844210D8031B9D420DD8234608
:1045A000D9F80490424629463846C847044630693F
:1045B000F2F7A6FD2046BDE8F8836FF01504F6E794
:1045C0006FF01504F6E738B5456804460069F2F760
:1045D00089FD2B8A2069002B0CBF6FF08505012512
:1045E000F2F78EFD284638BD38B544680569206865
:1045F00001F0E3FE78B1206883681B6898470028C3
:1046000008DBD4E901321344834207D8281D01F0A6
:10461000DEFF002038BD6FF01200FBE76FF01500E1
:10462000F8E7F0B50569476885B010220021064615
:10463000684602F0E0FE00242846F2F753FD2C7095
:104640002546BB68A34205D83069F2F759FD2846D4
:1046500005B0F0BDD7E9000121441B1B102B28BF7A
:1046600010236A46FFF728FF051EEDDBBB681B1B06
:10467000102B94BFE4181034E3E710B50369C0E9C8
:1046800005330023C360837F044613B1407AF4F7F7
:104690009BF80123237700236377E377A37710BD8B
:1046A000F8F71EBBF8F794BB0378027903F00F010B
:1046B0001AB959B14FF0FF3070470829FAD8012ACA
:1046C00004D183F0080040F3C000704743F3C000FA
:1046D000704738B50446F2F72DFD054660B1037A00
:1046E0006BB120460024F4F7F3F82846AC77FFF7C7
:1046F000C4FF2C72204638BD6FF01500FBE76FF049
:104700007700F8E770B504460E461546F3F7F2F960
:1047100030B906B925B12046BDE87040F3F732BA8A
:1047200070BD08B5F3F714FC00280CBF6FF00A0049
:10473000002008BDC343C3F3C01300F00F0000EB1B
:104740000310704708B5F3F79FFA818208BD08B5DA
:10475000F3F79AFAEFF31183202282F31288BFF362
:104760006F8F02690A60027B2AB9807D83F311880A
:10477000BFF36F8F08BD0420F8E70369C9B20C22AC
:1047800001FB0233186C00F00700704770B5C9B226
:104790000369EFF31185202484F31288BFF36F8F30
:1047A0000C2606FB0134246C14F0C00408D0A2428D
:1047B00006D085F31188BFF36F8F4FF0FF3070BDC7
:1047C00006FB013301221A6485F31188BFF36F8F52
:1047D000436803EBC1035B6898470020EFE7802242
:1047E000FFF7D4BFF8B5069F0469C9B2EFF311868D
:1047F000202585F31288BFF36F8F0C2505FB01443C
:10480000256C05F0070CBCF1010F0CD1276486F371
:104810001188BFF36F8FC4E90E23436853F831301A
:1048200098470020F8BD05F0C005AF4286F3118817
:10483000BFF36F8F0CBF6FF077004FF0FF30F1E7E1
:1048400013B580240094FFF7CDFF02B010BD10B463
:104850000069CBB21C2403FB040000215DF8044B6B
:1048600010470020F5F744BB002000F07EBA104648
:10487000F8F730BB0020704708461146DEF760BCF1
:104880002DE9F3411C469046002382682360A36013
:1048900053690D4601AA69469847019B5A1E019229
:1048A00023B96FF0150002B0BDE8F0810098A2684E
:1048B00047682168676085B9A8EB02030668B342C0
:1048C00028BF33461A4403FB07112160A260026827
:1048D0009A4206D808300090DFE76B1AB3FBF7F373
:1048E000ECE70020DFE713460022FFF7C9BF2DE900
:1048F000F047836886B05B698846914601A902AAA1
:1049000098470024A2462546029BAB4202D806B037
:10491000BDE8F087019F07EBC50700267B6804937D
:104920003A68B2420AEB060302D801359A46EBE731
:1049300003940593494603A8C0470028E7D0049B89
:1049400001361C44ECE710B50C4600F090FA002349
:10495000C4E90003184610BD38B505460C4600F002
:1049600086FA002D07DBA84205D9401B84428CBF84
:104970000020012038BD0020FCE770B50D46284618
:10498000194616461C46FFF7E7FF38B124B1224608
:104990002946304602F007FD002070BD6FF015007B
:1049A000FBE743685B68D3F810350B600020704765
:1049B00043685B6802EA010021EA0201C3F80805C6
:1049C000C3F80C150020704743685B680020C3F8EB
:1049D0000815704743685B680020C3F80C157047E2
:1049E00043685A68D2F8043521EA03000B40C2F844
:1049F0000805C2F80C350020704710B503695868E7
:104A0000F8B1884219D19C6808685860A14200D169
:104A10009860002008602AB15A680A609A68596054
:104A200002B99960002010E0814206D10868206038
:104A300098688142EDD19C60EBE70446006800284D
:104A4000F2D1002AE8D16FF0150010BD13B54FF078
:104A500080520829136E526E28BF082112BA0092A4
:104A60001BBA0C460A466946019302F09CFC20469C
:104A700002B010BD70B50B680546006898420C4640
:104A80000AD041F8040B066983685B68984740B90F
:104A900063683268534063602B796068D84000F0E7
:104AA000010070BD70B403460C46DA8800681979BD
:104AB0002243056986682B6801248C4012F0010F9F
:104AC00014BF2343A3432B60336870BC18470346CD
:104AD0000A4600681979012303FA01F103691B688A
:104AE000194218BF82F0010212B18368DB681847CF
:104AF00083681B69FBE7036911B1D9600020704727
:104B00006FF0150070472DE9F04F0669446885B0D5
:104B100005464FF000094FF00C0B63684B4531D848
:104B20004FF00009C84623694B4500F28D802A6981
:104B30006868D2E9103102F11004B8F1000F00F0FA
:104B400091808069C31841EBE071C2E91031C9035B
:104B500041EA534140F2E732DB03981841F100018A
:104B6000B0F57A7F71F1000371D34FF47A720023AC
:104B7000D7F7C6FA6FF00102121A4FF0FF3363EB5A
:104B8000010368E027680BFB097701213846FFF72E
:104B90009EFF002863D1CDE9020004F1080382469C
:104BA0000193B368534508D800213846FFF78FFFBB
:104BB000002854D109F10109AFE7706894F820C0CA
:104BC000BA6821690BFB0A008368BCF1000F13D19E
:104BD00001FB032802A9FFF74DFF00283FDBB06C63
:104BE000019BA26914BF0121002100EB480001F0E4
:104BF000A3FB0AF1010AD4E701FB0238EAE7B26C31
:104C000003FB0A9302EB430B584601F0CDFB40B186
:104C1000584601F0C5FBF768034652464946284608
:104C2000B847B8F1000F0DD1584601F0B1FB00F0C4
:104C300001080AF1010AD4E904325245DFD809F12A
:104C4000010970E70120F2E74FF0000AF3E76FF087
:104C500001024FF0FF332046F8F7F2FB002005B0C9
:104C6000BDE8F08FC0696DE770B50446066902F0D3
:104C700003F84FF47A75A0FB053205FB0121DB0B2D
:104C800043EA4143C90BC6E910312046BDE87040F4
:104C9000FFF739BF50F8100CFFF735BF08B50069B2
:104CA000103001F06AFE002008BD43685868704764
:104CB0004FF0FF324FF0FF33F8F712B8F8F788B82B
:104CC0002DE9F041D0F80480044600691F460E46E5
:104CD0001546FFF7EDFFD8F800103A463144284654
:104CE00002F061FB2069FFF7E9FF0020BDE8F081D9
:104CF0002DE9F041D0F80480044600691F460D46B6
:104D00001646FFF7D5FFD8F800003A46314628444A
:104D100002F049FB2069FFF7D1FF0020BDE8F081D8
:104D200038B5456804460069FFF7C2FF6A6828681D
:104D3000002102F060FB2069FFF7C0FF002038BDB2
:104D400008B5006901F043FC002008BD00F15003E4
:104D50009B009BB203F1804303F5883300221A6065
:104D60001B687047004701F023BBF5F737B8F7B56C
:104D7000019001A8DDE9084716461D46F5F740F900
:104D8000019BB6F1000C18BF4FF0010C00EB830043
:104D90000B1E18BF0123002D43EA4C0314BF4FF034
:104DA0000C0C4FF0000C002C43EA0C0314BF4FF422
:104DB000E06C4FF0000C002F43EA0C03D0F8002702
:104DC00014BF4FF4403C4FF0000C43EA0C0322EABE
:104DD000030301B109780EB13678760019430DB19D
:104DE0002D78AD0031430CB12478240229430FB152
:104DF0003F783F040C433C43C0F8004703B0F0BD8C
:104E00001FB50DF10F03019300238DF80F100093D0
:104E10001A461946FFF7ABFF05B05DF804FB38B53D
:104E2000054608460C46F5F73DF9B0B10846F5F7DA
:104E30002DF990B90846F5F71DF92A68012383403A
:104E4000C2F808332A6803B202EB8303D3F81025B3
:104E500022F00302C3F8102538BD20460021BDE82A
:104E60003840FFF7CDBFF5F7A3B9FFF7D8BF4FF034
:104E700080531A695869504370474FF0805318693E
:104E800070474FF080535869704700F180431A68AB
:104E9000002A1FBF00221A601B68012008BF0020E3
:104EA00070474FF080434FF46072C3F8042370479B
:104EB0004FF080434FF46072C3F80823704708B581
:104EC000F5F718FDBDE80840F5F766B84FF48C72A9
:104ED000002102F090BA18B14FF48C71F6F794BD2E
:104EE000704710B40C46012C11461A4608D81CB95C
:104EF0005DF8044BF6F75CB85DF8044BF5F79ABE25
:104F00006FF020005DF8044B70472DE9FF47012941
:104F10001E468046DDE90C34154658D882B32A0770
:104F200058D1002949D10DF110091D44EC461A460B
:104F300003F1100A674610685168E646AEE80300C0
:104F400008325245F446F6D1224619464046F6F755
:104F50002FF8B0B93358225853402350043010284A
:104F6000F8D132463B4603CB4B45106051601F469B
:104F700002F10802F6D1AA45534604F11004D5D136
:104F8000002004B0BDE8F087C25851F803C082EA9F
:104F90000C02E2500433102BF6D122462146404643
:104FA000F5F748FE0028ECD1103D04F1100321462E
:104FB00006D01C460023781BE6E731465F19F9E767
:104FC00054F8042B46F8042B9C42F9D1D8E76FF033
:104FD0002000D6E76FF02100D3E710B50446FFF7B5
:104FE0007AFF2046BDE81040F6F720BD10B54FF41B
:104FF0008C710120F6F714FD044608B1FFF766FF37
:10500000204610BDF5F792BDF5F7C4BCFFF77DBF94
:10501000FFF767BF4822002102F0EDB910B5044642
:1050200008B1F6F7F1FC2046BDE81040F6F7FEBCEB
:1050300008B5F7F73FF8002818BF6FF0040008BD67
:1050400038B5084614461D461146DDF769F908B91A
:105050002C6038BD6FF08300FBE730B587B01D468C
:105060000DF1170303920024009303AA0DF1160318
:105070008DF81740F6F7E0FC50B99DF8170005B120
:1050800028709DF816200399F6F750F907B030BD47
:105090002046FBE700230B606FF0860070472DE988
:1050A000F34747683F0ADDE90A9A04460D4616466B
:1050B000984611D1CDE9009A00F018FE10F1860F44
:1050C0000CD14346324629462046CDE90A9A02B021
:1050D000BDE8F04700F094BA6FF0860002B0BDE87A
:1050E000F087009BF6F70ABD009BF6F707BD38B5C1
:1050F0001C460368154623B1F6F7C4FC00B92560C9
:1051000038BD6FF08800FBE72DE9F04194B004460C
:105110000D461E464C22002101A8DDF86C801D9F23
:1051200002F069F9214633462A4601A8F6F7E6FC63
:10513000044648B9B8F1000F0DD11C993A4601A8B0
:10514000F6F7A0FC044678B101A8F6F7BDFC2046AE
:1051500014B0BDE8F0811A99424601A8F6F70EFD99
:1051600004460028E9D0EFE71E9B1F60ECE700F43F
:10517000E040B0F5805F04D0A0F50053584258419C
:105180007047012070473AB1002918BF0023D21A96
:105190002121184402F02FB9704738B513464FF457
:1051A00080420D46F6F774FE044640B9286843680D
:1051B0001B0A04D000F049FD2C606FF085042046E6
:1051C00038BD2DE9F04F89B09B4600238DF81B3088
:1051D000159BDDF85080002B91460B460E460CBF08
:1051E0004FF400624FF4806207A9DDE912A7F6F7D9
:1051F0004FFE044608BB079D0DF11B02298830466F
:10520000F6F7B4FE0446C0B99DF81B30BB4226D861
:1052100068686A6E000A05F1200123D1CDE90338E0
:10522000CDE901BACDF8009033462846FFF76CFF70
:1052300010F1860F044600D008B1C8F80070D8F805
:1052400000303A4621465046FFF79DFF079800F090
:10525000FCFC002C18BF204609B0BDE8F08F6FF0B1
:105260008904EAE76FF08604E7E72DE9F3410023BC
:1052700013604668D0F8148004460F463046114645
:1052800000F0E5FC054688B9304600F0E2FC054632
:1052900060B9F6B276B9B8F1000F05D1A06820F474
:1052A0007F4020F0030060B16FF08605284602B011
:1052B000BDE8F0810146606900F0A1FC0028EDD155
:1052C000F2E762884FF6F8739A4219D894F804808E
:1052D000B8F1000F00D101A83946F6F781FF054665
:1052E0000028E3D10FCC3F683E460FC694E8030088
:1052F00086E80300B8F1000FD8D1019B7B61D5E7A8
:105300006FF08505D2E7434213F07F0306D0722B7E
:1053100024D0712B58DD6FF08300704710F1720FAD
:105320001CD010F1710F1CDA10F5C44F3DD00BDC0E
:1053300010F5C64F3CD010F5C54F42D010F5C74F01
:10534000E9D16FF09600704710F5C34F33D0E2DB20
:1053500010F5C24F35D010F5C14FDCD16FF085008C
:10536000704710F13B0F11DA10F13D0F26DA10F102
:105370006E0FE6D010F1400F20D010F1700F08BF73
:105380006FF0920018BF6FF083007047002820D0A4
:10539000C1DC10F1210F14D010F1200FDED010F17C
:1053A000220F08BF6FF08500ECE76FF095007047A3
:1053B0006FF0940070476FF08C0070476FF09300AF
:1053C00070476FF0860070473B2BC3F10000CBDCC9
:1053D000DFE7704741F2052398421AD8B0F5905F95
:1053E00009D241F2010398420CD0B0F5885F09D090
:1053F0006FF085007047A0F5905080B22923C3401C
:10540000DB07F5D511F0070F0CBF00206FF0860009
:105410007047B0F5105FEBD121F04003802B06D030
:10542000B1F5807F0CBF00206FF086007047002030
:105430007047F8B504460F4600881E46154692B1DF
:10544000FFF795FE78B1089BD10019602088FFF71F
:10545000C1FF044628B93946304601F0A4FF079B36
:105460001D602046F8BD6FF08504FAE72DE9F04F86
:10547000476885B03F0ADDE90E9ADDF840B0044682
:105480000D461646984615D1CDE901ABCDF80090F2
:1054900000F0E6FB10F1860F0ED143463246294656
:1054A0002046CDE90FABCDF8389005B0BDE8F04F00
:1054B000FFF7BFBF6FF0860005B0BDE8F08F10B5F5
:1054C000436E04461BB141212030F6F79DFA0020BF
:1054D000606610BD38B50546FFF7F1FF2B7E012B46
:1054E00004460ED0023B012B0ED8EB69012B18BFEE
:1054F0006FF0960468220021284601F07CFF2046C8
:1055000038BDEB69002BF2E76FF09604F2E713B5B4
:105510000446A0B101A9F6F7ABFE044678B901989C
:10552000037E022B0ED1032303760379FF2B08BFE2
:105530006FF0840400F074FB002818BF0446204676
:1055400002B010BD6FF09604F4E770B514460288FF
:10555000049E10461D46FFF70AFE68B922F440502B
:1055600044F20103984207D002F44F42B2F5824F51
:1055700002D0B2F5844F0ED1B4420FD8224628464D
:1055800001F011FF321B0021281901F034FF059BA7
:1055900000201C6070BD6FF08500FBE76FF0890094
:1055A000F8E72DE9FF4188461F4616462AB3002337
:1055B0003B60012203A9F6F76BFC044658B9039D32
:1055C0006B686A6E1B0A05F1200108D0284600F0BE
:1055D0003CFB6FF08604204604B0BDE8F0814346F2
:1055E000CDE900672846FFF7B0FF0446284600F0E3
:1055F0002CFB002C08BF0446EDE76FF08904EAE7B6
:1056000070B514460288049D02F4E040B0F5804F66
:105610001CD122F4405644F20100864207D002F425
:105620004F42B2F5824F02D0B2F5844F0ED1AC4258
:105630000FD81846224601F0B6FE2A1B002120444E
:1056400001F0D9FE059B00201C6070BD6FF0850045
:10565000FBE76FF08900F8E7F0B50F4685B01E460E
:10566000154612B3002333601A4603A9F6F710FC5F
:10567000044638B9039803885B0406D400F0E5FAC1
:105680006FF08604204605B0F0BDCDE900563B46DC
:10569000426E00F12001FFF702FD0446039800F07E
:1056A000D4FA002C08BF0446ECE76FF08904E9E760
:1056B0002DE9F0411F4688B00023CDE905330646A9
:1056C00088463B601546002A57D0B2F1005F57D29A
:1056D00006AA05A9FFF7C9FD044638B9059A536E15
:1056E00083B973681B0A07D06FF0860405980028F9
:1056F0003FD0FFF7EFFE3CE0412D02D96FF085046B
:10570000F4E755665388079307AB029302F16403ED
:105710000193536E0093414602F1200330462A461E
:10572000FFF7A4FE04460028E0D10599079B4A88AC
:10573000D2B94B800799059A4FF6F8739942DDD894
:10574000338813B111889942CED1738813B151882F
:105750009942C9D153693B60137E012B07D00023C6
:105760003B606FF09604C1E79A42BDD1E2E70223A5
:105770001376204608B0BDE8F0816FF08604F8E7A4
:105780006FF08504F5E710B50446006868B101289C
:105790000CD104F10800F6F797F900232360A388E1
:1057A00023F4FF7323F00103A38010BD6FF0860084
:1057B000F3E72DE9FF4105469846002303932B6844
:1057C00008461746002B3CD1B8F1000F134603A939
:1057D00014BF4FF480624FF40062F6F759FB0446A1
:1057E00088BB039E2A1D31883846F6F7BFFB044666
:1057F00048BB6B7968F300036B71736E716806F1D7
:105800002002B8F1000F13D0090A23D100973146C6
:1058100005F10800FFF765FC0446A0B901230398D1
:105820002B6000F012FA0446204604B0BDE8F08177
:10583000090A0FD10097314605F10800FFF754FC23
:10584000EAE76FF088042846FFF79DFF039800F011
:10585000FCF9E9E76FF08604F5E70123FFF7A9BF3C
:1058600038B50546006898B112B90024204638BD05
:1058700001280AD105F10800F6F780F9044600284E
:10588000F3D02846FFF77FFFF0E76FF08604F8E7D4
:105890006FF08804EAE72DE9F041054600680E46FE
:1058A00017469846C8B16A79D20716D52A79A2B1A7
:1058B000BA4215D8012816D105F10800FFF717FCE8
:1058C000044698B10023C8F800702B71A6B9284689
:1058D000FFF759FF2046BDE8F0816FF08804F1E73B
:1058E0006FF08904EEE76FF08604EBE726B92846EF
:1058F000BDE8F041FFF747BF2146D8F800303A46EF
:105900003046FFF740FC2846FFF73DFF002C08BF5C
:105910000446DFE71FB501240394089C0294079C0A
:105920000194069C0094FFF74CFC04B010BD036882
:1059300019430CBF0120002070472DE9F04786B0C5
:1059400007469A460023059307F0FE43B3F1106F14
:10595000DDE90E58109E084691460BD0002D46D129
:105960003560284600F071F96FF08604204606B0D5
:10597000BDE8F0873A4605A9FFF70FFC044628B1B9
:1059800075BB3560059800F060F9EFE705990B8865
:1059900023F0FF03B3F5E24F02D0B3F5E44F0CD18F
:1059A0004B880733B8EBD30F07D21DBB35600846D1
:1059B00000F04BF96FF08904D8E7CDE90186009536
:1059C00053464A463846F6F727FA04463DB9059845
:1059D000356000F03AF9002C08BF0446C6E760B114
:1059E00041462846F6F7FAF9C6F80080CAE76FF094
:1059F0008604F5E76FF08904F2E7059800F025F9D1
:105A00000446B3E7F6F7EAB908B50088DDE90221F4
:105A1000FFF7ADFB20B1BDE808401046F6F7DEB950
:105A20006FF0850008BD2DE9F04F8BB01F46DDF803
:105A300050800023C8F80030CDE90733438805467D
:105A40000E469146002B00F0D380038803F4E04318
:105A5000B3F5804F00F0CC8039463046FFF767FF42
:105A6000002800F0C58008AA07A92846FFF7FDFB1B
:105A7000044628BB079A6B68526E002A3DD11A0A69
:105A800040F08980B5F800A069885046FFF76FFBA9
:105A900078B15046FFF79EFC044688B90AF4E0430B
:105AA000B3F5805F02D0B3F5005F10D10731CA08AB
:105AB0001DE02AF0FF03B3F5E24F5FD06FF08504DD
:105AC0000798002800F09080FFF704FD8CE00AF4AE
:105AD0004F43B3F5844FE9D047F201039A4531D1E2
:105AE00049080131C90801EBC10101F13B020992EA
:105AF000099B079A412BE1D85366079B9A4603F10D
:105B0000200B6B685AF8642F1B0A65D12B88590447
:105B100049D4CDE9012ACDF800B03B464A4631468A
:105B20002846FFF771FF0446079B002C56D15A699F
:105B3000C8F800201A7E012A54D0C8F800406FF03F
:105B40009604BDE744F201039A4503D1C90801F167
:105B50001002CCE747F202039A4505D1C90801EBD0
:105B6000410101F15A02C2E744F202039A4505D10C
:105B7000C90801EB410101F14A02B8E72AF0FF0030
:105B8000B0F5E24F92D0B0F5824F01BFCC1DE408D2
:105B90006400621CABE709A92846FFF77BFA0446BC
:105BA0000028A5D08CE703F44F41B1F5824FB0D166
:105BB00047F212118B42ACD16B88B3F5807FA8D12C
:105BC000534659462846059200F0B7F810F1860F63
:105BD000059A0446A8D19CE76FF086040798FFF762
:105BE0006EFC6DE702221A7620460BB0BDE8F08FFE
:105BF0006FF08604F8E71822002101F0FCBB034691
:105C00006FF040420846591E914207D338B103F164
:105C1000404393428CBF0020012070470120704711
:105C2000034668B1017E8A1E012A0BD80329C26986
:105C300003D1012A01D1FFF74DBC1AB1013ADA6153
:105C4000002070476FF096007047FFF7E9BF002013
:105C50007047C0B2002814BF6FF085000020704765
:105C6000F8B5089F1E463B680D46144663B1B3F570
:105C7000807F38D1038844F21212934223D1412C01
:105C800009D06FF08600F8BD038844F212129342E7
:105C90000FD1412C27D1681C00F04AFA0028F0D11E
:105CA0004FF480733B60069B9C4213D96FF08900D0
:105CB000E9E747F21212934215D1202C13D128465E
:105CC00000F044FAEAE747F2121293420BD1202C7B
:105CD000D7D1F4E722462946304601F064FB079B02
:105CE00000201C60CFE76FF08500CCE770B504465C
:105CF000184626886488B4F5807FDDE9043513D121
:105D000047F21214A6420FD1202A10D1402B11D9EC
:105D1000042300F8013BF6F7D5FC08B941232B60BA
:105D2000BDE87040F6F7BABA6FF0850070BD6FF04D
:105D30008600FBE76FF08900F8E730B5202A91B0C4
:105D4000084614461D4609D16946F6F76DFC00B9B0
:105D50002C6011B0BDE83040F6F7A0BA6FF08900B2
:105D600011B030BD70B51446202CDDE90426DDE904
:105D70000603089D0CD1412E0AD11F2B0BD90132ED
:105D8000F6F774FC00B92C60BDE87040F6F786BAEF
:105D90006FF0860070BD6FF08900FBE740F8041BD0
:105DA0001C22002101F027BBF0B500240546264641
:105DB000204652F8247051F82430DB1946EB0607D0
:105DC0001B1845F8243004F1010447F10000082CA9
:105DD000EFD1F0BD002370B50646184652F82350A7
:105DE00051F82340641B65EB0505241A46F823404F
:105DF00003F1010365F10005082BC5F10000EDD1A9
:105E000070BD70B504395642041F013A1C3054F875
:105E1000043F51F8045F134035402B438442236014
:105E2000F5D170BD002330B50446184654F8232040
:105E300051F8235001336A40082B40EA0200F5D1A3
:105E400030BD70B504460568166800200346E1FBC6
:105E50006653256056686568E1FB66536560966821
:105E6000A568E1FB6653A560D668E568E1FB66536B
:105E7000E56016692569E1FB665325615669656928
:105E8000E1FB665365619669A569E1FB6653A5610F
:105E9000D569E269E1FB6523E261226A9B1823620E
:105EA000404170BD10B50438A1F120024B7F0C7F3A
:105EB0001B0443EA0463CC7F23438C7F043943EA09
:105EC00004238A4240F8043FF0D110BD0B1F1C315F
:105ED00053F8042F120E02775A8842771A68120A72
:105EE00082771A68C2778B42A0F10400F0D1704724
:105EF00070B588B01E460446FFF756FF3246054689
:105F000021466846FFF766FFC0F101022A43694651
:105F10002046FFF776FF08B070BD2DE9F04F8BB03B
:105F20000E46074691460021242201A8D3F840A03E
:105F3000984601F060FAA6F1040B1C36D9F800303F
:105F40005BF8041F019D4A4601A803FB0155FFF7BA
:105F500078FF0AFB05F504464246294601A8FFF7EB
:105F600070FF01AA04440823516842F8041B013B56
:105F7000FAD15E450994E1D1424601A93846FFF7BE
:105F800029FFC0F101022243C2F101023846FFF7A6
:105F900038FF0BB0BDE8F08F0B4601F1200201463F
:105FA000FFF7BBBF30B589B004460D4668460121F6
:105FB000FFF7F4FE2B466A4621462046FFF7ADFF69
:105FC00009B030BD38B504461546FFF7E7FE29464F
:105FD0002046BDE83840FFF7DFBF2DE9F04389B028
:105FE0001446064601226846FFF70BFF22460121B0
:105FF0003046FFF7E7FF25682746023D04F11C09FC
:106000004FF02008EB0705D523466A463146304657
:10601000FFF783FF23466A4669466846FFF77DFF20
:10602000B8F101084FEA5505ECD14F4502D057F8B9
:10603000045FE5E709B0BDE8F08330B589B00446F8
:10604000154668460122FFF7DCFE29466846FFF741
:10605000A9FF69462046FFF739FF09B030BDF0B50A
:1060600099B004460D461646114668461F46F6F797
:1060700021F93246694608A8F6F71CF93A466946FE
:106080006846F6F717F908A91E9A0846F6F712F9B6
:10609000224669466846F6F755F908A92A46084691
:1060A000F6F750F96A4631463046F6F703F96A4684
:1060B000694610A8F6F7FEF86A4610A96846F6F792
:1060C000F9F810A922460846F6F7F4F808AA11468E
:1060D0002046F6F7EFF810AA21462046F6F732F9E7
:1060E00010AA21462046F6F72DF96A462146204699
:1060F000F6F728F910A922460846F6F723F910A961
:1061000008AA0846F6F7D6F82A4669466846F6F71A
:10611000D1F86A4610A92846F6F714F919B0F0BD6F
:1061200008B5FFF76FFC003818BF0120404208BDDA
:1061300000B591B0024608A96846F6F717F900289D
:1061400018BF6FF0010011B05DF804FB10B588B006
:1061500001466846F6F7D6F8202104466846F5F76A
:1061600053FC002C0CBF20466FF0020008B010BD9D
:1061700037B50C460569836801A95B68984748B93B
:10618000019B2A685A40012303FA04F10A4214BF12
:106190001846002003B030BD70B40346006819797A
:1061A000DB8843F480320569866813F0010F4FF0F5
:1061B00001042B6804FA01F414BF2343A3432B60AA
:1061C000336870BC184738B5044601790068FFF79A
:1061D000CFFF217B0546A068FFF7CAFF40EA4500D4
:1061E00038BD38B5456804692846FFF7ECFF2278CA
:1061F000C0B240EA82020E2A1FD80123934042F621
:10620000140213421BD144F28212134214BF012222
:1062100000226378207013445BB26370298A51B9FD
:10622000A97CE27093FBF1F1A170AA7C93FBF2F1DF
:1062300002FB11336370002038BD0022E9E74FF004
:10624000FF32E6E770B5446806690546206800F04D
:10625000B4F818B96FF01504204670BDA06800F0BE
:10626000ACF80028F6D02046FFF796FF10B16FF08B
:106270000404F1E704F10800FFF78EFF044600284C
:10628000F5D12846F6F788FA0028F0DB6868FFF7B2
:106290009AFF3070E0E738B504460029006821799C
:1062A0000CBF4FF400154FF0E8652A46F6F762FA86
:1062B000A068217B2A46BDE83840F6F75BBA10B5E6
:1062C0008B690C4658680021FFF7E5FF04F12400B4
:1062D000BDE81040F7F712B810B5CB680C46586807
:1062E0000021FFF7D8FF04F11800BDE81040F7F7D0
:1062F00005B810B550F80C4C23692046D3E90821A5
:10630000904760680121BDE81040FFF7C4BFF8B5B1
:106310000446076940680E4600211546FFF7BBFF9B
:106320000021A42000F02FFCC7E908560121606875
:10633000FFF7B1FF0020F8BD70B504786FF341049A
:10634000047004F0010504888D42C4F38D0609D160
:10635000B24203DD6FF38F04048070BDB61A66F39A
:106360008F04F9E7D3E9001314F0010F18BF1946A1
:106370008E4208D21644B6F5804FF0D343F6FF7331
:1063800063F38F04E8E785F0010444F00204E3E7D7
:10639000008820F0020080B2003818BF012070474A
:1063A000007800F0010070470078C0F340007047AB
:1063B00008B1DBF79FBF7047704740B1C36858789A
:1063C00010F001001EBF1878B0FA80F04009704745
:1063D000EFF31183202383F31288BFF36F8FFEE75F
:1063E00008B5FFF7F5FF10B5D0E9003433B9002048
:1063F000E268537843F00103537010BD204698477C
:106400000028F4D00028B8BF4042E368FF28A8BFA6
:10641000FF201870ECE700F0EEBF00F0C4BF70473B
:1064200010B400F10C04C0E903445DF8044BF9F723
:10643000D4BD2DE9F04F89B0DDE9126705463B4632
:10644000914606A83246059100F018FCDDE90634B5
:1064500005F1140ACDE90234EFF311844FF020085E
:1064600088F31288BFF36F8F05F10C0B05994A462C
:106470002846F9F74AFD30B184F31188BFF36F8FD6
:1064800009B0BDE8F08F3E43F6D0DDE9022306A84F
:1064900000F018FCDDE906675A46CDE900672146A1
:1064A0005046F7F74FF9EFF3118488F31288BFF3E2
:1064B0006F8FDBE738B50446EFF31185202383F3B4
:1064C0001288BFF36F8FF9F7E8FC04F10C0000F0BD
:1064D00046FB30B1294604F11400BDE83840F7F717
:1064E000ADB985F31188BFF36F8F38BD41698368FB
:1064F00043EA010212F003020FD1C2600269013ABD
:1065000001FB023382689A4201D900207047C268B9
:106510001A604269C3609B1AF4E76FF01500704778
:106520002DE9F04105460F46EFF31188202383F350
:106530001288BFF36F8FC668F6B90468A0421BD0FB
:10654000D4B1D4E9003213605A60637BA66023F0B3
:1065500002036373C4E9006604F1180000F067FBEE
:106560002046E667676100F09BFA414605F10800A6
:10657000BDE8F041F7F762B93E60AB69EF60013BFF
:10658000AB6188F31188BFF36F8FBDE8F08108B568
:106590002024EFF3118384F31288BFF36F8FFAF78F
:1065A0009FFCF6E7D0E9003213605A60427B00237B
:1065B00022F00202C0E9003342738360704790F911
:1065C0000E308B4201D0F7F7E9B800207047034640
:1065D0000020C3E90200C3E900337047D0E900326C
:1065E00013605A60427B002322F00202C0E90033AC
:1065F0004273836070472DE9F843914604469DF845
:1066000020200D4600F10807EFF31186202181F3C9
:106610001288BFF36F8F02B14568D4F808804745F0
:1066200018D0B8F1000F15D04046FFF7D7FF08F19A
:10663000180000F0FCFA0023C8F87C30C8F8149069
:10664000404600F02DFA38463146F7F7F7F80020BB
:10665000BDE8F883ABB108210020F7F76BFD0028F7
:1066600038D00122C0F804900260016801F00301F3
:106670005DB922680A430260626820606AB960609E
:106680000BE0C9F800304846EFE72A68032A16D81D
:106690000160616869B9C4E90000042104F11000D7
:1066A00000F090FB0028CED186F31188BFF36F8FE6
:1066B000CEE70A6802F0030202430A60DFE722F035
:1066C00003020A4302602A6802F0030240EA02035E
:1066D0002B60E2E76FF00B00E6E710B5044630B13F
:1066E0000268930703D0446809B100F08AFB204692
:1066F00010BD0023C0E9003300F10803C0E90233F4
:1067000000F11003C0E904337047F8B500F1080642
:10671000EFF31187202383F31288BFF36F8F85680F
:10672000AE4200F1100417D0B5B12846FFF756FF6E
:1067300005F1180000F07BFA00232846EB676B6137
:1067400000F0AEF90821204600F03CFB3946304607
:10675000BDE8F840F7F772B80821204600F032FB98
:106760000028F3D187F31188BFF36F8FF8BD07B509
:106770000123009300230A461946FFF73CFF03B0AC
:106780005DF804FB07B500230A4600931946FFF79E
:1067900032FF03B05DF804FB00680021FFF79DBFE6
:1067A0005AB18A4209D300F11003C0E90212C0E9CC
:1067B0000000C0E90433002070476FF015007047F7
:1067C000026801238B4022EA0303036022FA01F0EE
:1067D00000F001007047704710B5032104460C30EB
:1067E000FFF7EEFF30B104F1100000F020FAB0FA2C
:1067F00080F0400910BD20B100221146D03000F0D9
:10680000DBB9704770B5C368C3F340069B07044605
:1068100016D4856802210C30FFF7D2FF80B1D5F87D
:10682000C8206AB194421DD122689EB9D5F8CC30F7
:10683000C5F8C8209C4201D1C5F8CC2000232360B4
:10684000E36813F01F001EBF43F00203E36040F053
:10685000020070BD3260D5F8CC20944208BFC5F864
:10686000CC60EBE716461268DBE773B50446EFF33E
:106870001185202383F31288BFF36F8F0023A0F1CB
:106880001006032104380193FFF79AFF28B1A3698A
:10689000019301A93046F6F79BFC85F31188BFF3FD
:1068A0006F8F02B070BD38B504460D46102200212E
:1068B00000F0A1FD656038BDEFF31183202282F363
:1068C0001288BFF36F8FC06800F01F0083F3118838
:1068D000BFF36F8F704713B501900846EFF3118433
:1068E000202383F31288BFF36F8F01A9F6F770FCA2
:1068F00084F31188BFF36F8F02B010BD10B5FFF79E
:10690000EAFF041E08DDEFF31180202383F31288D1
:10691000BFF36F8FF6F7A4FF204610BD70B50D468C
:10692000EFF31186202383F31288BFF36F8FF6F7FE
:10693000A9FC044686F31188BFF36F8F38B14FF07E
:10694000FF324FF0FF3305F11000F6F7FDFA204655
:1069500070BD08B5E822002100F04DFD08BD38B536
:10696000302204460D46002100F045FD4FF48073AF
:106970006560E36038BDFFF79FBF38B50446EFF3AD
:106980001185202383F31288BFF36F8FFFF724FF55
:106990002046FFF737FF85F31188BFF36F8F38BDAF
:1069A000F8B504460D46EFF31186202383F31288D1
:1069B000BFF36F8FC36803F01F03002B14BF0127C1
:1069C000002705D186F31188BFF36F8F3846F8BDD5
:1069D000FFF702FF2046FFF715FF29462046F6F78E
:1069E000D9FB86F31188BFF36F8F0028EED04FF0EC
:1069F000FF324FF0FF3305F10800F6F7A5FAE5E79F
:106A0000D0E9003213605A60427B002322F0020278
:106A1000C0E90033427383607047EFF305800038AC
:106A200018BF012070476FF057007047D0E900325F
:106A300013605A600023C0E90033704708B5FFF7C0
:106A4000F5FF437B23F0020343730023836008BDFB
:106A500038B504460D46F6F703FE637B43F00203A8
:106A60006373E5B1A5602B689D4209D16B68C4E9E9
:106A700000531C606C6012E06A689A42F6D01B6892
:106A8000002BF3D094F90E2093F90E108A42F3D024
:106A90009142F1DD5A68C4E9003214605C6038BD8F
:106AA00010B5EFF31184202383F31288BFF36F8FA7
:106AB000F6F794FD84F31188BFF36F8F10BD08B50E
:106AC000EFF31181202282F31288BFF36F8F836866
:106AD0000BB1FFF7B3FF81F31188BFF36F8F08BDD0
:106AE00010B50146EFF31184202383F31288BFF31E
:106AF0006F8F437B13F0280F0AD183680BB1FFF728
:106B00009DFF4B7B23F004034B730846F6F766FDAD
:106B100084F31188BFF36F8F10BD01211838FFF780
:106B2000DFBF08B50346EFF31181202282F31288FC
:106B3000BFF36F8F0068834207D008B1FFF77EFF75
:106B400081F31188BFF36F8F08BD0020F8E710B5FF
:106B5000FFF7B5FFBDE81040183000F068B838B551
:106B600004680546AC424FF0000000D138BD002C4F
:106B7000FCD02046FFF7EBFF2046FFF791FF2C6883
:106B80000120A542F1E738B50C460546F6F710FF9F
:106B9000B4F1FF3F08BFB5F1FF3F1FBF47F6FF73DA
:106BA00000224FF47A71C0FB01321ABFD80B40EAC1
:106BB00042404FF0FF3038BD38B5EFF31185202348
:106BC00083F31288BFF36F8F0468A04212D09CB188
:106BD000E16762612046FFF731FF04F1180000F021
:106BE00026F82046F6F7FAFC012085F31188BFF35A
:106BF0006F8F38BD0020F8E72046F6E710B5F7F7AD
:106C0000B3F80446F7F7B8F874B1D4E904321B1AA4
:106C100062EBE072B3F1004F72F1000104DA002A76
:106C2000ACBF1846002010BD6FF00040FBE738B540
:106C30000246EFF31185202383F31288BFF36F8F91
:106C4000036893B1F7F790F804461046F7F79EF8FB
:106C5000844204D1FFF7D2FF0021F2F747FF002062
:106C600085F31188BFF36F8F38BD6FF01500F7E71C
:106C700008B5F7F775F908BDF7F772B9B3F1FF3F3B
:106C800008BFB2F1FF3F70B504461D46164613D04B
:106C90001A4315D06FF00102921B4FF0FF3363EBE4
:106CA0000501002904DAF7F75BF9821941EB0501C8
:106CB000C4E90021204670BD4FF0FF321146F7E7CE
:106CC0000022FBE7B3F1FF3F08BFB2F1FF3FF8B589
:106CD000074616461C4610D054EA020311D0F7F7B7
:106CE0003FF9B0420A46A14103460AD2F31A64EBC7
:106CF0000204C7E900343846F8BD4FF0FF331C46A4
:106D0000F7E70023FBE710B50446FFF790FFA8B9AB
:106D1000636A0BB12046984704F11800FFF701FFA2
:106D200060B1FFF7BDFEEFF31180202383F31288DB
:106D3000BFF36F8FBDE81040F6F792BD10BD2DE98F
:106D4000F041846805460E46D4B16378012B22D108
:106D500014F8533C9A0711D5A4F160073846FFF7A1
:106D6000F6FE082E0CBF6FF003030023E36114F856
:106D7000533CDB0602D13846FFF792FE0023237016
:106D8000EB68C3F386321643002066F39433A860A1
:106D9000EB60BDE8F081022BF0D12378002BEDD021
:106DA00054F8048CB8F1000FE8D004F11400FFF798
:106DB0003EFFA4F114070023E36239464046FFF783
:106DC0008AFDDBE738B5EFF31185202383F31288C2
:106DD000BFF36F8F0468A04211D0D4E90032136072
:106DE0005A600023C4E900332046FFF7A8FF85F36B
:106DF0001188BFF36F8F201E18BF012038BD0024FB
:106E0000F5E720B1011F50F8040CFFF753BB7047A2
:106E1000022B10B509D0920803680C6840F8044BA7
:106E2000013A41F8043BF7D110BD02440C780378D5
:106E300000F8014B904201F8013BF7D1F4E7F8B5B7
:106E40000F46164604461D469847002831463846E8
:106E50000CDAA847002802DA3C462046F8BD314645
:106E60002046A8470028F8DA3446F6E7A847002865
:106E7000F2DC31462046A8470028F5DAEDE72DE997
:106E8000F04F95B00646009340EA02039B07144674
:106E900018D1B2F1040818BF4FF001080023019384
:106EA00004FB01F7F319062906EB040B029328D81B
:106EB000029B9B4510D3019B002B40F0178115B01E
:106EC000BDE8F08F4FF00208E8E743462246394616
:106ED0002846FFF79DFF0FE05D460EE02F1B009B4D
:106EE000294638469847002809DDB8F1000FECD153
:106EF0002B683A682A603B603D46AE42EED3A3441D
:106F0000D6E74FEA51093F1B072904FB09693744BB
:106F100021D0282944D9CD086543009B06EB4502C2
:106F200071193046FFF78BFF494609EB0502009BBC
:106F30008246481BFFF783FF3A46009B8146791B38
:106F4000A7EB4500FFF77BFF02464946009B5046F2
:106F5000FFF775FF8146B8F1000F24D13368D9F8E7
:106F600000203260C9F80030D946BA465D46002399
:106F7000B94557D803933146009B484698470028A7
:106F8000039B2CDC0AD1B8F1000F13D12B68D9F880
:106F900000202A60C9F8003025440123A144E7E716
:106FA0003A46B246D1E74346224649463046FFF7C5
:106FB0002FFFD9E74346224649462846FFF728FFD8
:106FC000EAE70BD1B8F1000F1ED13B68DAF80020D8
:106FD0003A60CAF80030AAEB040A01233F1BB94506
:106FE00020D803933146009B384698470028039BDE
:106FF000E7DAB8F1000F0ED1D9F800303A68C9F8D5
:1070000000203B603F1BC8E74346224651463846B6
:10701000FFF7FEFEDFE74346224639464846FFF7C4
:10702000F7FEEFE7FBB9029B9B45BFF444AF5D461B
:1070300015E04346224639462846FFF7E9FE0DE0B3
:107040002F1B009B294638469847002809DDB8F1D8
:10705000000FEED12B683A682A603B603D46AE4295
:10706000EED3A344DFE7A9EB050BAA1B5A45A8BF43
:107070005A462AB14346A9EB02013046FFF7C8FE43
:10708000029BA3EB0A02AAEB0705121BAA4228BF28
:107090002A462AB102994346891A4846FFF7B8FEA4
:1070A000029B5D455F46A3EB050004D933462F469E
:1070B00006465D461846A54221D9B5FBF4F1019B71
:1070C000072B0DD8B7FBF4F714AA02EBC30343F860
:1070D000406C43F83C7C019B013301930646DFE69C
:1070E000009B2246FFF7CBFEA7420BD8019B14AAB8
:1070F000013B019302EBC30353E91001EEE7A74202
:107100007FF6D9AEB7FBF4F13046E7E710B50139A9
:107110000244904201D1002005E0037811F8014FAC
:10712000A34201D0181B10BD0130F2E710B56AB1BF
:107130000139841810F8012B11F8013F9A4203D14C
:10714000A04201D0002AF5D1D01A10BD1046FCE7AC
:1071500010B5024601448A42134603D01C7801321E
:10716000002CF8D1181A10BD2DE9F047C3F13709EA
:10717000074688465FFA89F903F01F0516464FF067
:10718000000A384641462A465346D4F7B9FFD4B2DE
:10719000092C88BF4C443A46434688BFE4B2AA4211
:1071A00004F1300473EB0A0306F8014B07468846E6
:1071B000E7D23046BDE8F0872DE9F04F89B00618D8
:1071C000994604AB41EB0104009315463046D2E9E1
:1071D00000232146DDF84CB000F0ABF806AB00937D
:1071E000D5E90223074688463046214600F0A1F83B
:1071F000DDE90463841951EB0306069BD5E9000120
:107200004FF0000228BF0122D218079B43F1000370
:10721000381848EB0101B84271EB0801E9680391A5
:10722000A96834BF0120002014EB010C039946EB40
:10723000010110EB0C0041F10001A04271EB060CC2
:1072400034BF4FF0010C4FF0000CCDE90623A9F13B
:10725000410A1CEB020243F10003CDF800A000F04C
:1072600083F8129BC3E90001149B012BDDE906237F
:1072700029D1D5E90201D5E900C5201A66EB010143
:10728000674578EB050534BF01250025401B61F1FA
:107290000001844276EB010534BF01250025521B15
:1072A000CDF800A063F1000300F05EF8DDE90623ED
:1072B000CBE90001CDF800A02046314600F054F89B
:1072C00009B0BDE8F08F17EB070E48EB080C20194A
:1072D00046EB0601BE457CEB080834BF01270027BA
:1072E000C71941F10008D5E9000186457CEB010C86
:1072F000D5E9021534BF01200020381A68F1000CCE
:10730000401A6CEB050192185B41A74278EB060529
:1073100034BF01250025521943F10003874278EB61
:10732000010834BF01250025521BA9F14005009535
:10733000B8E7F0B50F460446A0FB0201A7FB0252D6
:107340004919A3FB044542F10002A7FB037361182E
:1073500045F10004D219059E43F10003121943F1CF
:107360000003C6E90023F0BDF0B5059CC4F1400759
:10737000C4F1200602FA06F6A4F12005BB4022FA69
:1073800005F53343C4F120062B4301FA06F6A4F1B8
:107390002005E04021FA05F53043BA402843E1409A
:1073A00010431943F0BD0A44914200F1FF3300D16C
:1073B000704710B511F8014B03F8014F9142F9D114
:1073C00010BD884210B501EB020402D98442234665
:1073D00007D8431EA14208D011F8012B03F8012F52
:1073E000F8E7024401468A4200D110BD13F8014D6E
:1073F00002F8014DF7E702440346934200D170477B
:1074000003F8011BF9E72DE9F04F55EC104BA446AA
:10741000C5F30A54034644EA0C0708462946C5F357
:107420001305302657EA05085E71E146AE4673D172
:107430000024A1421C716DDA01211971A0424FF0A4
:1074400000041ADA204603F112060D25C2F1570294
:107450004FF0300C07F00F013F0947EA0E774FEA73
:107460002E1E002940F08680A84201DB86F800C06D
:10747000013D06F1FF36EDD175E00C2867DCC0F167
:107480000D018900012601F1FF3EA1F12108C1F1A2
:10749000210726FA07F706FA08F806FA0EF648EA70
:1074A000070816EB060A48EB080BDAF100076BEB4E
:1074B0004B0E1AF1FF3A4BF1FF3B0AEA0C0A0BEABA
:1074C000050B564578EB0B0B10DBC1F1200BB1F12E
:1074D000200A05FA0BFB2CFA01F141EA0B015CBF13
:1074E00045FA0AFA41EA0A01C90724D51CEB060C41
:1074F00045EB0805B5F5801FE1461CDB5979B4F56D
:10750000806F01F10101597127D007EA0C070EEADB
:10751000050E98E7002892E75CB13126C90F0028D4
:10752000A4F2FF345E7119710FDB0C28A7DD0D206A
:1075300005E00124F2E707EA09090EEA0505B4F5BA
:10754000806F06D04F46AE467DE70020F7E70D205E
:1075500079E759EA05051A7908D01A7942F0080244
:107560001A714FF480641C60BDE8F08F42F0040291
:107570001A71F8E70929D4BF30318918A84231704F
:10758000B8BF284674E7D1E9043293421EBF5A1CA3
:107590000A611870704700000148006870470000D9
:0475A000A8360020E9
:0875A400904BFD7F0100000087
:1075AC00E522010000000000698A02005077030008
:1075BC00BDCA020000000000E1CA02000000000089
:1075CC00B993020078770300B99302006477030043
:1075DC0075480300A0770300118F02008C7703001D
:1075EC00D1DF0000000000000923010000000000B2
:1075FC00000000003C7703005D200100000000004B
:10760C0000000000B477030000000000DC770300EA
:10761C00000000000478030000000000C87703009D
:10762C0000000000F0770300000000002C7803003D
:10763C000000000018780300414D0300547803004B
:10764C00414D030068780300BDFE000000000000FF
:10765C00A710030040780300315003000000000025
:10766C0015D00200000000000D900200907803007D
:10767C00000000007C780300F927010000000000E6
:10768C00C171020000000000E9450300A47803006A
:10769C00E9450300B8780300FD950200CC7803009F
:1076AC00456203004479030045620300307903000E
:1076BC00456203001C79030045620300087903004E
:1076CC0045620300F47803006D970200E078030034
:1076DC00ADEB00000000000055F6000000000000BB
:1076EC00D5FA000000000000E9E0000000000000F6
:1076FC00C1E30000000000008DF602000000000055
:10770C006DF200000000000061FA020000000000B1
:10771C0049FD0000000000001D0C030000000000EB
:10772C001DFE00000000000075FD000000000000C0
:10773C0012B4030000000000987F03009809002099
:10774C00000000009DBA030008A503005C7B030049
:10775C00B0090020F4670020E5BA030020A503005F
:10776C00007B0300B8090020BC680020F3BA0300BA
:10777C0038A50300007B0300BA090020C86800206C
:10778C00ACBA030000000000E07A0300B20900204C
:10779C0048680020BCBA030000000000D87A03003F
:1077AC00B409002000000000D1B40300E3B40300CE
:1077BC00A08103009A09002000000000DAB4030045
:1077CC00E4B40300A08103009C0900200000000029
:1077DC00EFB4030000000000B88103009E090020F4
:1077EC000000000012B5030000000000D08103006F
:1077FC00A009002000000000F8B4030008B5030045
:10780C00E8810300A20900200000000009B5030074
:10781C000000000000820300A4090020000000000A
:10782C000EB503009802002018820300A609002060
:10783C0084310020F7B60300C00D0020308E030009
:10784C00A8090020B836002007BB030080A5030060
:10785C00247B0300BE090020D46800201ABB03005F
:10786C0088A50300247B0300C0090020E8680020E1
:10787C009894030000000000507B0300AA0900202C
:10788C00384C0020CBBA030000000000E87A03005B
:10789C00B6090020000000007CBA0300B4A4030069
:1078AC00E4A40300AC090020245D00207CBA030092
:1078BC00CCA40300E4A40300AE0900203C5D00202E
:1078CC0001BB030050A5030074A50300BC090020F4
:1078DC00D80100202DBB030000000000347B030006
:1078EC00C2090020FC680020B7BD030028AF0300CC
:1078FC008CAF0300C4090020E46F0020C3BD03005B
:10790C003CAF03008CAF0300C60900201C700020A4
:10791C00CFBD030050AF03008CAF0300C80900209B
:10792C0054700020DBBD030064AF03008CAF030078
:10793C00CA0900208C700020E7BD030078AF03005B
:0C794C008CAF0300CC090020C4700020A8
:10795800BF4E0300654D030000000000CB0E03007E
:1079680000000000CB0E030000000000CB0E030057
:1079780000000000CB0E030000000000CB0E030047
:1079880025A60200654D030000000000CB0E030091
:1079980000000000CB0E030000000000CB0E030027
:1079A80000000000CB0E0300000000001D42020092
:1079B800E0780300DD96020048680020818F02000D
:1079C800000000003170020000000000CB0E030030
:1079D80000000000CB0E030000000000199A02000E
:1079E80000000000CB0E030000000000CB0E0300D7
:1079F80000000000CB0E030000000000CB0E0300C7
:107A080000000000CB0E030000000000CB0E0300B6
:107A1800000000004D42020000000000CB0E0300F1
:107A280000000000CB0E030000000000CB0E030096
:107A380000000000CB0E030000000000CB0E030086
:107A480000000000CB0E030000000000CB0E030076
:107A580000000000CB0E030000000000CB0E030066
:107A680000000000CB0E030000000000CB0E030056
:107A780000000000CB0E030000000000CB0E030046
:107A880000000000CB0E03002D810200654D0300AD
:107A980000000000CB0E030000000000CB0E030026
:107AA80000000000CB0E030000000000CB0E030016
:107AB80000000000CB0E030000000000CB0E030006
:107AC80000000000CB0E030000000000CB0E0300F6
:107AD8007948030000000000B98E0200118E0200F0
:107AE8007B4903003D9202002191020005900200AB
:087AF80047490300F58F02006D
:107B00004D940200A3490300B1490300C949030091
:107B1000D5490300E1490300B9920200FB49030083
:047B20000000000061
:107B2400AB4C0300C14C0300F14C0300214D030096
:107B3400000000000000000000000000F5960200B4
:0C7B4400B19602000000000000000000EC
:0C7B500031B50100B1B30100C9B601005D
:107B5C00C18A0200DF470300414803000000000017
:0C7B6C007B470300000000000000000048
:107B780005000000E95101000000000006000000B7
:107B88000974010000000000040000008D56010087
:047B980000000000E9
:107B9C00D48F03000800000074900300070000005D
:107BAC00948D030005000000088D03000700000001
:087BBC006C8B03000F000000B8
:107BC40031B803000000000000000000B9240100E7
:107BD4004D2701000000000010BA0300010000005E
:107BE40000000000ED300300000000000000000071
:107BF4001FBA030001000000000000008B350300E1
:107C0400000000000000000017BA0300010000009B
:107C140000000000E9610100FD6B010000000000AC
:107C240064BA03000100000000000000F9420300F0
:107C3400AD8201000000000025BA0300010000002D
:107C440000000000D5640100F96501000000000097
:107C540043B50300000000000000000035F30000FD
:107C6400000000000000000028B403000000000031
:107C74000000000071E300000000000000000000AC
:107C9000000000000B000400A0000000F000000045
:107CA00000000000000106020100000000010201C6
:107CB00004040404F8BD03000001000006000C00E9
:107CC0001E00900101030062746C6500000000005A
:107CD00000000000000000000000000000000000A4
:107CE0000000000000000000000000000000000094
:107CF0000000000000000000000100000000000083
:107D00000338FDD8704700000100000000000000AB
:107D10000500000000000000190000000000000045
:107D20007D00000000000000710200000000000063
:107D3000350C000000000000093D000000000000BC
:107D40002D31010000000000E1F5050000000000F9
:107D500065CD1D0000000000F90295000000000044
:107D6000DD0EE90200000000514A8D0E0000000007
:107D70009573C24800000000E941CC6B010000008F
:107D80008D49FD1A07000000C16FF2862300000034
:107D9000C52EBCA2B1000000D9E9AC2D78030000CB
:107DA0003D9160E45811000031D6E275BC560000E8
:107DB000F52E6E4DAEB10100C9EA26836778080042
:107DC000ED95C28F055A2A00A1EDCCCE1BC2D3007F
:107DD00025A4000A8BCA2204000000000000000055
:107DE0000000000000000010000000000000000083
:107DF000B9340332B7F4AD1410DB1AB30892540E41
:107E00000D307D951447BA1A66088F4D26ADC66DA4
:107E1000F598BF85E2B74511CA96853D92BD1DEB29
:107E2000FCA11860DCEF52163C92AE220BB8C1B434
:107E3000839D2D5B0562DA1C304C7E8F4E8BB25BCE
:107E400016F4529F8B56A512FBD4827643ED8AF02E
:107E50008FE7F9311565191850F19BD94A13EEB423
:107E6000284CF0A686C1251F035FC270CB9E491621
:107E7000E642889C44EB2014B0650836AD6EA585BB
:107E800085F0CA14E2FD031A0B899979D5B13D0931
:107E9000D8DA973A35EBCF10AC363F5E73BB38CFAC
:107EA0003E6752FA44AFBA1501000000000000001E
:107EB0000000000000000020345065C05FC9A652D9
:107EC000BB13CBAEC440C21806C8DF7100D5A87C76
:107ED000F56F0FDA58FC27136E4756357D24206561
:107EE00002C7E768E48CA41DE9E60268D7CD3961D2
:107EF0007977FCC2405BEF16798CDE43FFA751F91E
:107F000091F3B278F5BDBE11E857E9D6E8BEE87B3B
:107F1000B054AC8F848D751BEA23A499E9F9D38BF7
:107F2000B7A3714061DA3E15CEE33ECB73F9480842
:107F30008C97B427D51B7010A2BFEFB9EB85321513
:107F40004DB44DB49BBB6F1996B6076CF8E7EEAD18
:107F500036D9B4F59135AE13222218AF4E6A684D6A
:107F600091DAAA3D4F40741E9FBD9EE006A1C098C5
:107F700057C2A7FDA40E90170E7D497173E3208FA1
:107F8000B220D87605143B12853D7434811343B07A
:107F9000AD297A5F27F4351C2FF50200A5E000001B
:107FA00075E0000069E0000081E10000B87F030097
:107FB00070000000070B000000000000010000003E
:107FC00000000000020000000300000004000000A8
:107FD00000000000000000000000000000000000A1
:107FE000000000000000000005000000000000008C
:107FF000060000000700000008000000000000006C
:108000000000000000000000000000000000000070
:1080100000000000090000000A0000000B00000042
:108020000C0000000D000000000000000000000037
:108030000000000000000000000000000000000040
:108040000E0000000F0000001000000011000000F2
:10805000120000000000000000000000000000000E
:1080600000000000000000000000000013000000FD
:1080700014000000150000001600000017000000AA
:1080800018000000000000000000000000000000D8
:108090000000000000000000190000001A000000AD
:1080A0001B0000001C0000001D0000001E0000005E
:1080B00000000000000000000000000000000000C0
:1080C000000000001F000000200000002100000050
:1080D0002200000023000000240000000000000037
:1080E000000000000000000000000000250000006B
:1080F00026000000270000002800000029000000E2
:108100002A0000002B00000000000000000000001A
:108110000000000000000000000000002C00000033
:108120002D0000002E0000002F0000003000000095
:10813000310000000000000000000000000000000E
:1081400000000000320000003300000000000000CA
:1081500034000000000000000000000035000000B6
:10816000000000000000000000000000000000000F
:10817000000000003600000039B40300AC7F0300AB
:10818000CC78030068B003003000000049B403005D
:108190006FB403008AB40300A5B40300B6B40300AF
:1081A0000100000000000000DBF6020000000000FB
:1081B000000000000000000002000000B9E600001E
:1081C00061E6000031F7020000000000000000003E
:1081D00000000000000000004BF8020037F8020029
:1081E000000000000000000000000000000000008F
:1081F00081F802005FF802000000000000000000AB
:108200000000000000000000A3F80200AFF8020028
:10821000000000000000000000000000000000005E
:10822000000000000000000065E90000BBF802004B
:1082300091ED0000250000002F000000000000006C
:10824000000000000200FFFF5000000000000000DE
:1082500012B503001E00070200000000000000002D
:10826000320000000C0000000000000000000000D0
:108270000200FFFF500000000000000012B50300E4
:108280001F00070200000000000000003200000094
:108290001100000000000000000000000200FFFFCD
:1082A000500000000000000012B50300200007028B
:1082B0000000000000000000320000001600000076
:1082C00000000000000000000200FFFF500000005E
:1082D0000000000012B503002100070200000000AA
:1082E00000000000320000001C0000000000000040
:1082F000000000000200FFFF50000000000000002E
:1083000012B5030022000702000000000000000078
:108310003200000022000000000000000000000009
:108320000200FFFF500000000000000012B5030033
:1083300023000702000000000000000032000000DF
:108340002900000000000000000000000200FFFF04
:10835000500000000000000012B5030024000702D6
:1083600000000000000000003200000003000000D8
:1083700000000000000000000200FFFF50000000AD
:108380000000000012B503002500070200000000F5
:1083900000000000320000000700000000000000A4
:1083A000000000000200FFFF50000000000000007D
:1083B00012B50300260007020000000000000000C4
:1083C000350000002F000000000000000000000049
:1083D0000200FFFF500000000000000012B5030083
:1083E0001E00070300000000000000003500000030
:1083F0000C00000000000000000000000200FFFF71
:10840000500000000000000012B503001F00070329
:108410000000000000000000350000001100000016
:1084200000000000000000000200FFFF50000000FC
:108430000000000012B50300200007030000000048
:1084400000000000350000001600000000000000E1
:10845000000000000200FFFF5000000000000000CC
:1084600012B5030021000703000000000000000017
:10847000350000001C0000000000000000000000AB
:108480000200FFFF500000000000000012B50300D2
:10849000220007030000000000000000350000007B
:1084A0002200000000000000000000000200FFFFAA
:1084B000500000000000000012B503002300070375
:1084C000000000000000000035000000290000004E
:1084D00000000000000000000200FFFF500000004C
:1084E0000000000012B50300240007030000000094
:1084F0000000000035000000030000000000000044
:10850000000000000200FFFF50000000000000001B
:1085100012B5030025000703000000000000000062
:10852000350000000700000000000000000000000F
:108530000200FFFF500000000000000012B5030021
:1085400026000703000000000000000035000000C6
:108550000800000000000000000000000200FFFF13
:10856000500000000000000012B5030016000700D4
:108570000000000000000000350000000D000000B9
:1085800000000000000000000200FFFF500000009B
:108590000000000012B503001000070000000000FA
:1085A0000000000032000000340000000000000065
:1085B000000000000200FFFF50000000000000006B
:1085C00012B50300290007000000000000000000B1
:1085D0003200000033000000000000000000000036
:1085E0000200FFFF500000000000000012B5030071
:1085F0001C00070000000000000000003200000026
:108600002300000000000000000000000200FFFF47
:10861000500000000000000012B503000F0007002A
:108620000000000000000000310000002F000000EA
:1086300000000000000000000200FFFF50000000EA
:108640000000000012B5030027000704000000002E
:1086500000000000310000000300000000000000E6
:10866000000000000200FFFF5000000000000000BA
:1086700012B5030013000700000000000000000016
:1086800031000000180000000000000000000000A1
:108690000200FFFF500000000000000012B50300C0
:1086A0000F00070200000000000000003100000081
:1086B0001600000000000000000000000200FFFFA4
:1086C000500000000000000012B503001700070072
:1086D000000000000000000032000000190000004F
:1086E00000000000000000000200FFFF500000003A
:1086F0000000000012B503000C000700000000009D
:1087000000000000320000001F0000000000000018
:10871000000000000200FFFF500000000000000009
:1087200012B5030004000700000000000000000074
:1087300032000000170000000000000000000000F0
:108740000200FFFF500000000000000012B503000F
:1087500005000700000000000000000032000000DB
:108760001D00000000000000000000000200FFFFEC
:10877000500000000000000012B5030015000700C3
:108780000000000000000000320000002A0000008D
:1087900000000000000000000200FFFF5000000089
:1087A0000000000012B503000B00070000000000ED
:1087B000000000003500000032000000250000002D
:1087C000000000000300FFFF500000000000000058
:1087D00012B503004E00070000000000000000007A
:1087E00035000000320000002400000000000000FE
:1087F0000300FFFF500000000000000012B503005E
:108800004B000700000000000000000032000000E4
:108810003500000008000000000000000300FFFF1A
:10882000500000000000000012B50300160007040D
:1088300000000000000000003200000035000000D1
:108840000D000000000000000300FFFF50000000CA
:108850000000000012B50300100007040000000033
:10886000000000003500000031000000040000009E
:10887000000000000300FFFF5000000000000000A7
:1088800012B50300160007030000000000000000FE
:10889000350000003100000032000000250000001B
:1088A0000400FFFF500000000000000012B50300AC
:1088B0004E0007020000000000000000C5F90200A1
:1088C0004DB50300CFF90200C7FA020012B503004C
:1088D0002C0007000000000012B50300250007016E
:1088E0000000000012B50300250007000000000092
:1088F00012B50300250007040000000012B50300B4
:108900004A0007000000000012B50300260007011E
:108910000000000012B50300260007000000000060
:1089200012B50300260007040000000012B5030082
:10893000060007000000000009B503000000000069
:108940000000000012B503001F0007010000000036
:1089500012B503001F0007000000000012B503005D
:108960001F0007040000000012B503000700070005
:108970000000000009B50300000000000000000036
:1089800012B50300200007010000000012B503002B
:10899000200007000000000012B5030020000704BB
:1089A0000000000012B503000B00070000000000EB
:1089B00009B50300000000000000000012B503002C
:1089C000210007010000000012B50300210007008C
:1089D0000000000012B503002100070400000000A1
:1089E00012B503001E0007050000000009B50300D2
:1089F000000000000000000012B503001200070094
:108A00000000000012B50300220007010000000072
:108A100012B50300220007000000000012B5030099
:108A2000220007040000000012B503001F00070524
:108A30000000000012B50300500007000000000015
:108A400009B50300000000000000000012B503009B
:108A5000230007010000000012B5030023000700F7
:108A60000000000012B5030023000704000000000E
:108A700012B50300200007050000000012B5030036
:108A8000520007000000000012B50300510007006B
:108A90000000000009B50300000000000000000015
:108AA00012B50300240007010000000012B5030006
:108AB000240007000000000012B503002400070492
:108AC0000000000012B503002100070500000000AF
:108AD00012B503004F0007000000000009B50300B5
:108AE000000000000000000012B503001E00070196
:108AF0000000000012B503001E0007000000000087
:108B000012B503001E0007040000000009B50300B1
:108B1000000000000000000009B503000000000094
:108B20000000000009B50300000000000000000084
:108B300012B503002E0007020000000012B503006A
:108B40002D0007000000000009B503000000000030
:108B50000000000062B503007AB5030096B503007B
:108B6000B0B503004BB603000000000058B303008B
:108B7000853203000000000054B303000000010030
:108B800050B30300AB360300000000005404002083
:108B90000000010048B30300E9FB020000000000F0
:108BA0008A0900200000010044B30300AB36030033
:108BB000000000004C040020000001003CB3030052
:108BC000B9FA0000000000000000000000000400EE
:108BD00038B30300AB36030000000000440400205B
:108BE0000000010030B3030001FC0200000000009F
:108BF00000000000000004002CB303005732030003
:108C0000056701000404002000000C0028B30300E5
:108C1000D1FB0200000000008809002000000400D1
:108C200024B30300AB36030000000000FC03002067
:108C3000000001001CB30300A3FB020000000000C1
:108C4000000000000000040018B3030057320300C6
:108C500005670100BC03002000000C0014B30300F2
:108C6000D1FB020000000000860900200000040083
:108C700010B30300AB36030000000000B403002073
:108C80000000010008B30300000000007DFB0200AB
:108C9000EF72002000000200B0B60300D5B603005A
:108CA00019FD000053FC02003DFC02000000000022
:108CB00000000000B1FE0000000000004AB7030001
:108CC00000000000040000000000000000000000A0
:108CD00000C00000907803000100000000C0000008
:108CE00000600700907803000200000000200800E8
:108CF00000600700907803000300000000800F0070
:108D0000008000009078030084B3030085320300E4
:108D10000000000080B30300000001007CB30300EA
:108D2000AB360300000000009404002000000100A6
:108D300074B30300E70B03000000000073BD0300E1
:108D40000000010070B30300AB3603000000000018
:108D50008C0400200000010068B30300E70B03004F
:108D600000000000ACB703000000010064B3030082
:108D7000AB36030000000000840400200000010066
:108D80005CB30300C9120100000000008F0900203D
:108D900000000100A0B303008532030000000000C2
:108DA0009CB303000000010098B30300AB3603003E
:108DB00000000000DC0400200000010090B303006C
:108DC000E5120100000000000000000000000100AA
:108DD0008CB3030057320300056701009C04002098
:108DE0000000030088B303001937030000000000EF
:108DF000A4B30300000001000000002000000000F8
:108E000000000B06020000000C8E030000000000B2
:108E1000B8B703002600020200000020C0B703001C
:108E200022000B118D21010000000000390F03000A
:108E300000000000248E0300408E03004A00000062
:108E4000DCAF0020248E0300508E03002E000000B3
:108E50007CB60020248E0300608E03000201000017
:108E60005CB700200E030000793401000F040000FD
:108E7000B53401001A0100004D1303000504000081
:108E8000CD29010013010000FF140300FF010000C1
:108E9000512A01003E010000712A01000504000072
:108EA000CB13030008040000FB160300300300008E
:108EB0009B1603001001000025140300011200009E
:108EC000F93301000A1E00006119030003090000C4
:108ED00099150300040B00002D140300060A00007E
:108EE0004F180300070A00000D1403000C050000D2
:108EF000F3130300050C00008D170300248E0300FC
:108F0000088F0300470000007CB80020248E030077
:108F1000188F030000000000A8B90020248E030071
:108F2000288F03004A00000070BA0020512303007C
:108F300053230300000000000000000000000000B8
:108F40008925030000000000000000000000000070
:108F50000000000002020100AB2E03000404010027
:108F6000AD5F010006060100ED5E0100080401008E
:108F7000D95D01000A020100932E03000C040100D8
:108F80007B2E03000E040100AD5C010020040100F3
:108F9000115C010010040100215B010012020100BC
:108FA000BB2D0300160401006D260300180101000B
:108FB000ED2A03001E000400FF2E030052020000F1
:108FC000E12D0300248E0300D08F03004C0000002D
:108FD000C8BB0020D8B303008532030000000000A6
:108FE000D4B3030000000100D0B30300AB3603008C
:108FF00000000000FC05002000000100C8B30300D1
:109000000000000000000000000000000000000060
:10901000C4B30300573203000567010004060020B3
:1090200000000300C0B30300AB36030000000000E3
:10903000F405002000000100B8B30300BD320300B6
:10904000BF3403000000000000000300B4B30300BD
:10905000AB36030000000000EC050020000001001A
:10906000ACB30300096B0100000000000000000029
:109070000000010004B4030085320300000000007A
:1090800000B4030000000100FCB30300AB36030092
:10909000000000005406002000000100F4B30300AB
:1090A000ED320300FF300300B00100200000090092
:1090B000F0B30300AB360300000000004C060020B4
:1090C00000000100E8B303001733030000000000B4
:1090D0000000000000000100E4B30300AB36030011
:1090E000000000004406002000000100DCB3030083
:1090F00061650100000000000000000000000100A8
:10910000C17B010027410300B58001000000000081
:10911000000000001D7F01000000000000000000B2
:10912000000000000000000000000000000000003F
:109130008979010006000000313E030006000000AE
:10914000D13D03001000000059750100100000001F
:10915000DD400300010000007F3A03001000000022
:109160002D3E03000A0000005D3B030010000000DC
:10917000A17F010007000000353E03001000000041
:10918000033B03000100000079780100400000006B
:10919000753D030010000000513B0300010000007A
:1091A000574553545F544F504449522F7A65706865
:1091B00079722F7375627379732F626C7565746F32
:1091C0006F74682F636F6E74726F6C6C65722F743E
:1091D00069636B65722F7469636B65722E6300003F
:1091E0007469636B65725F726573636865642D3E55
:1091F0007469636B735F746F5F6578706972652003
:109200003D3D203055000000415353455254494FD5
:109210004E204641494C205B25735D20402025733C
:109220003A25640A0000000028287469636B65729F
:109230005F72657363686564292D3E6578745F6449
:109240006174612026262028287469636B65725F2B
:1092500072657363686564292D3E6578745F646127
:1092600074612D3E7469636B735F736C6F745F77A9
:10927000696E646F7720213D203055292900000058
:10928000574553545F544F504449522F7A65706884
:1092900079722F7375627379732F626C7565746F51
:1092A0006F74682F636F6E74726F6C6C65722F6C65
:1092B0006C5F73772F756C6C2E6300002165727282
:1092C0000000000072780000756C6C5F7265665F6C
:1092D00067657428756C6C5F686472290000000013
:1092E0003000000072656C65617365203D3D20644F
:1092F0006F6E65002172657476616C0064656C74D4
:1093000061203C3D2030207C7C206D656D5F6C6968
:109310006E6B5F72782E71756F74615F706475200B
:109320003C20282833202B2030202B203129202BB3
:10933000202832202A20283529292900636F6E6EC3
:109340005F6C6C6C0000000021636F6E6E5F6C6C74
:109350006C2D3E6C696E6B5F74785F66726565003C
:109360006D656D715F6C696E6B00000072782D3EEB
:109370006864722E7479706520213D204E4F4445FB
:109380005F52585F545950455F4E4F4E45000000A4
:109390002163632D3E7374617475730072785F6628
:1093A0007265652D3E6864722E7479706520213D6A
:1093B000204E4F44455F52585F545950455F4E4FC1
:1093C0004E45000021636F6E6E2D3E6C6C6C2E6CF2
:1093D000696E6B5F74785F66726565002172657493
:1093E000000000006C6F6F70000000005745535480
:1093F0005F544F504449522F7A65706879722F73C9
:1094000075627379732F626C7565746F6F74682FF2
:10941000636F6E74726F6C6C65722F6C6C5F7377B8
:109420002F6C6C6C5F636F6D6D6F6E2E6300000050
:1094300021657272207C7C20657272203D3D202D5A
:1094400031313900574553545F544F504449522FDE
:109450007A65706879722F7375627379732F626C95
:109460007565746F6F74682F636F6E74726F6C6C58
:1094700065722F6863692F6863695F6472697665D6
:10948000722E63004254205258207072690000000E
:10949000425420525800000062745F6863695F6341
:1094A0006F6E74726F6C6C65720000005A65706844
:1094B0007972204F532076342E312E300000000078
:1094C000574553545F544F504449522F7A65706842
:1094D00079722F7375627379732F626C7565746F0F
:1094E0006F74682F636F6E74726F6C6C65722F6827
:1094F00063692F6863692E6300000000282828280C
:1095000075696E747074725F74296E6F646529205A
:1095100025205F5F616C69676E6F66287374727572
:109520006374206E6F64655F72785F6363292920BE
:109530003D3D2030290000002828282875696E74D8
:109540007074725F74296E6F6465292025205F5FD7
:10955000616C69676E6F6628737472756374206ED0
:109560006F64655F72785F63752929203D3D203007
:1095700029000000574553545F544F504449522F1F
:109580007A65706879722F7375627379732F626C64
:109590007565746F6F74682F636F6E74726F6C6C27
:1095A00065722F6C6C5F73772F756C6C5F6164767E
:1095B0002E63000068616E646C65203C2031000001
:1095C00028726574203D3D203029207C7C20287243
:1095D0006574203D3D203229000000006164762D35
:1095E0003E6C696E6B5F63635F6672656500000069
:1095F0006164762D3E6E6F64655F72785F63635F52
:109600006672656500000000216864722D3E646921
:109610007361626C65645F636200000073746174FF
:109620007573203D3D2030207C7C20706172616D1F
:10963000203D3D20756C6C5F64697361626C655F91
:109640006D61726B5F6765742829207C7C202863BC
:109650006F6E6E65637461626C65202626202161E1
:1096600064762D3E6C6C6C2E636F6E6E29207C7C54
:1096700020300000216C6C6C2D3E6C696E6B5F7449
:10968000785F6672656500006D61726B203D3D20FC
:109690006164760021657272207C7C20286572727C
:1096A000203D3D202D3132302900000072656600DA
:1096B00028726574203D3D203029207C7C20287252
:1096C0006574203D3D203229207C7C202866705F17
:1096D0006F705F66756E63203D3D202828766F6948
:1096E00064202A29302929007064752D3E6C656E2E
:1096F000203E3D205F5F6275696C74696E5F6F66C6
:10970000667365746F662028737472756374207055
:1097100064755F6164765F6164765F696E642C2056
:109720006461746129000000574553545F544F50E1
:109730004449522F7A65706879722F737562737914
:10974000732F626C7565746F6F74682F636F6E74BE
:10975000726F6C6C65722F6C6C5F73772F756C6CAD
:109760005F636F6E6E2E630074785F6275660000D3
:1097700072782D3E6864722E6C696E6B000000007A
:10978000737461747573203D3D203000737461748F
:109790007573203D3D2030207C7C20706172616DAE
:1097A000203D3D20756C6C5F7570646174655F6D04
:1097B00061726B5F6765742829207C7C2070617200
:1097C000616D203D3D20756C6C5F64697361626CF6
:1097D000655F6D61726B5F6765742829000000002A
:1097E00070203D3D20706172616D000028746963D6
:1097F0006B65725F737461747573203D3D20302911
:10980000207C7C20287469636B65725F737461745B
:109810007573203D3D2032290000000065727220E2
:109820003D3D2030207C7C20657272203D3D202D06
:109830003132300009706172616D313A2025752036
:10984000706172616D323A2025750A00636F6E6E29
:109850002D3E6C6C6C2E68616E646C6520213D2021
:109860003078464646460000287469636B65725F2F
:10987000737461747573203D3D203029207C7C20F9
:10988000287469636B65725F737461747573203DCE
:109890003D203229207C7C202828766F6964202A8C
:1098A00029636F6E6E5F6C6C203D3D20756C6C5F44
:1098B00064697361626C655F6D61726B5F6765742B
:1098C000282929006C6C6C5F747800007064755FE7
:1098D00074782D3E6C656E00216C696E6B2D3E6E4A
:1098E00065787400574553545F544F504449522F84
:1098F0007A65706879722F7375627379732F626CF1
:109900007565746F6F74682F636F6E74726F6C6CB3
:1099100065722F6C6C5F73772F756C6C5F6C6C630A
:10992000705F656E632E63006E7466005745535416
:109930005F544F504449522F7A65706879722F7383
:1099400075627379732F626C7565746F6F74682FAD
:10995000636F6E74726F6C6C65722F6C6C5F737773
:109960002F756C6C5F6C6C63705F7068792E630030
:109970006E74662D3E6864722E74797065203D3D6C
:10998000204E4F44455F52585F545950455F5245F1
:109990005441494E000000006374782D3E6E6F64A0
:1099A000655F7265662E7478000000006374782D20
:1099B0003E646174612E70752E6E74665F646C65B2
:1099C0005F6E6F6465000000636F6E6E2D3E6C6CA1
:1099D0006C2E726F6C65203D3D2030783031000078
:1099E000574553545F544F504449522F7A6570681D
:1099F00079722F7375627379732F626C7565746FEA
:109A00006F74682F636F6E74726F6C6C65722F6CFD
:109A10006C5F73772F756C6C5F6C6C63702E63007A
:109A20006374782D3E6F776E657200006374782DD5
:109A30003E6E6F64655F7265662E7278000000008E
:109A40006374780029F9010039F9010049F901002E
:109A500059F90100000000000000000069F9010050
:109A600011FA010079F901000000000021FA01005B
:109A70000000000089F9010031FA01000000000037
:109A800099F9010041FA0100A9F9010051FA010018
:109A900061FA010071FA010081FA010091FA0100F6
:109AA000A1FA0100B9F90100000000000000000067
:109AB00000000000000000000000000001FA0100AA
:109AC000574553545F544F504449522F7A6570683C
:109AD00079722F7375627379732F626C7565746F09
:109AE0006F74682F636F6E74726F6C6C65722F6C1D
:109AF0006C5F73772F756C6C5F6C6C63705F636FFA
:109B00006D6D6F6E2E6300006374782D3E70726F02
:109B100063203D3D2050524F435F5445524D494EC6
:109B2000415445006374782D3E70726F63203D3D53
:109B30002050524F435F444154415F4C454E47547F
:109B4000485F555044415445000000005745535468
:109B50005F544F504449522F7A65706879722F7361
:109B600075627379732F626C7565746F6F74682F8B
:109B7000636F6E74726F6C6C65722F6C6C5F737751
:109B80002F756C6C5F6C6C63705F6C6F63616C2EB7
:109B90006300000063747820213D202828766F69D7
:109BA00064202A29302900006374785F6865616445
:109BB0006572203D3D206374780000006374782D49
:109BC0003E6E6F64655F7265662E7278203D3D2043
:109BD0002828766F6964202A293029207C7C20631C
:109BE00074782D3E6E6F64655F7265662E72782D97
:109BF0003E6864722E7479706520213D204E4F447A
:109C0000455F52585F545950455F52455441494E43
:109C100000000000574553545F544F504449522FA1
:109C20007A65706879722F7375627379732F626CBD
:109C30007565746F6F74682F636F6E74726F6C6C80
:109C400065722F6C6C5F73772F756C6C5F6C6C63D7
:109C5000705F636F6E6E5F7570642E63000000004E
:109C60006374782D3E6E6F64655F7265662E7278E0
:109C7000203D3D202828766F6964202A293029005C
:109C8000574553545F544F504449522F7A6570687A
:109C900079722F7375627379732F626C7565746F47
:109CA0006F74682F636F6E74726F6C6C65722F6C5B
:109CB0006C5F73772F756C6C5F6C6C63705F63683F
:109CC0006D752E6300000000574553545F544F508C
:109CD0004449522F7A65706879722F73756273796F
:109CE000732F626C7565746F6F74682F636F6E7419
:109CF000726F6C6C65722F6C6C5F73772F756C6C08
:109D00005F6C6C63705F72656D6F74652E630000CD
:109D100008020B020A030502000000000000000018
:109D20000202000006020000040300000000090314
:109D300000000000010300000C0300000703000006
:109D40000000000000000000574553545F544F507E
:109D50004449522F7A65706879722F7375627379EE
:109D6000732F626C7565746F6F74682F636F6E7498
:109D7000726F6C6C65722F6C6C5F73772F756C6C87
:109D80005F7065726970686572616C2E63000000B7
:109D90007469636B65725F737461747573203D3DA4
:109DA0002030000073746174757320213D203120D0
:109DB0007C7C20706172616D203D3D20756C6C5F14
:109DC00064697361626C655F6D61726B5F67657416
:109DD00028290000574553545F544F504449522F8F
:109DE0007A65706879722F7375627379732F626CFC
:109DF0007565746F6F74682F636F6E74726F6C6CBF
:109E000065722F6C6C5F73772F756C6C5F66696C15
:109E10007465722E63000000726C5F696478203C88
:109E200020380000726C5B726C5F6964785D2E7420
:109E3000616B656E00000000726C5B726C5F696440
:109E4000785D2E727061735F7265616479000000E5
:109E50006465766D617463685F6964203C202828BE
:109E600073697A655F742920282828696E7429200F
:109E700073697A656F6628636861725B31202D2093
:109E800032202A202128215F5F6275696C74696E17
:109E90005F74797065735F636F6D70617469626C14
:109EA000655F70285F5F747970656F665F5F2866B5
:109EB000616C292C205F5F747970656F665F5F2825
:109EC000262866616C295B305D2929295D29202DB2
:109ED000203129202B202873697A656F66286661F6
:109EE0006C29202F2073697A656F66282866616C5B
:109EF000295B305D292929290000000066616C5B1F
:109F00006465766D617463685F69645D2E74616B0E
:109F1000656E00006465766D617463685F696420D6
:109F20003C20282873697A655F74292028282869CD
:109F30006E74292073697A656F6628636861725B45
:109F400031202D2032202A202128215F5F6275696F
:109F50006C74696E5F74797065735F636F6D706147
:109F60007469626C655F70285F5F747970656F6695
:109F70005F5F28726C292C205F5F747970656F6653
:109F80005F5F282628726C295B305D2929295D29AD
:109F9000202D203129202B202873697A656F6628AF
:109FA000726C29202F2073697A656F662828726C7D
:109FB000295B305D2929292900000000726C5B694A
:109FC0005D2E74616B656E0069726B6D61746368A0
:109FD0005F6964203C20706565725F69726B5F63C6
:109FE0006F756E740000000069203C20380000008E
:109FF000574553545F544F504449522F7A65706807
:10A0000079722F7375627379732F626C7565746FD3
:10A010006F74682F636F6E74726F6C6C65722F6CE7
:10A020006C5F73772F6E6F726469632F6C6C6C2F2B
:10A030006C6C6C2E63000000707265656D70745FEF
:10A04000726571203D3D20707265656D70745F6151
:10A05000636B0000707265656D70745F737461721C
:10A06000745F72657120213D20707265656D70743A
:10A070005F73746172745F61636B00007072656519
:10A080006D70745F73746F705F72657120213D2015
:10A09000707265656D70745F73746F705F61636B10
:10A0A00000000000707265656D70745F72657120EC
:10A0B000213D20707265656D70745F61636B000097
:10A0C000707265656D70745F61636B20213D2070F7
:10A0D0007265656D70745F726571000072656164B0
:10A0E000792D3E707265706172655F706172616D2D
:10A0F0002E706172616D203D3D20706172616D0056
:10A100006974657200000000657272203D3D202D6B
:10A110003134300021706172616D00002170617214
:10A12000616D207C7C206E65787400006576656EBC
:10A13000742E637572722E61626F72745F63620057
:10A140006576646F6E650000657272203E3D20305A
:10A15000000000006E6578740000000021726561E7
:10A160006479207C7C202672656164792D3E707252
:10A1700065706172655F706172616D203D3D207038
:10A180007265706172655F706172616D00000000E0
:10A19000F401FA00960064004B0032001E00140027
:10A1A000574553545F544F504449522F7A65706855
:10A1B00079722F7375627379732F626C7565746F22
:10A1C0006F74682F636F6E74726F6C6C65722F6C36
:10A1D0006C5F73772F6E6F726469632F6C6C6C2F7A
:10A1E0006C6C6C5F6164762E630000006E6F64655A
:10A1F0005F72780021726164696F5F69735F726575
:10A200006164792829000000700000006368616EB5
:10A2100000000000706475007363616E5F706475A8
:10A22000000000000925733A2041637475616C20B9
:10A230004556454E545F4F564552484541445F533D
:10A24000544152545F5553203D2025750A000000AB
:10A25000707265706172655F6362000057455354A8
:10A260005F544F504449522F7A65706879722F734A
:10A2700075627379732F626C7565746F6F74682F74
:10A28000636F6E74726F6C6C65722F6C6C5F73773A
:10A290002F6E6F726469632F6C6C6C2F6C6C6C5FCB
:10A2A000636F6E6E2E63000021726164696F5F6977
:10A2B000735F61646472657373282900646F6E65EF
:10A2C000000000006C6C6C2D3E68616E646C652053
:10A2D000213D2030784646464600000057455354FD
:10A2E0005F544F504449522F7A65706879722F73CA
:10A2F00075627379732F626C7565746F6F74682FF4
:10A30000636F6E74726F6C6C65722F6C6C5F7377B9
:10A310002F6E6F726469632F6C6C6C2F6C6C6C5F4A
:10A320007065726970686572616C2E630000000070
:10A33000707265706172655F6362000057455354C7
:10A340005F544F504449522F7A65706879722F7369
:10A3500075627379732F626C7565746F6F74682F93
:10A36000636F6E74726F6C6C65722F6C6C5F737759
:10A370002F6E6F726469632F68616C2F6E72663521
:10A380002F636E74722E63005F726566636F756E05
:10A3900074000000574553545F544F504449522FA6
:10A3A0007A65706879722F7375627379732F626C36
:10A3B0007565746F6F74682F636F6E74726F6C6CF9
:10A3C00065722F6C6C5F73772F6E6F726469632F89
:10A3D00068616C2F6E7266352F6D6179666C792EAF
:10A3E00063000000574553545F544F504449522F67
:10A3F0007A65706879722F7375627379732F626CE6
:10A400007565746F6F74682F636F6E74726F6C6CA8
:10A4100065722F6C6C5F73772F6E6F726469632F38
:10A4200068616C2F6E7266352F7469636B65722E6E
:10A4300063000000757365725F6964203C20736976
:10A440007A656F662863616C6C65725F69645F6CC6
:10A450007574290063616C6C65725F696420213DCD
:10A460002030000001030405574553545F544F50FA
:10A470004449522F7A65706879722F7375627379C7
:10A48000732F626C7565746F6F74682F636F6E7471
:10A49000726F6C6C65722F6C6C5F73772F6E6F725E
:10A4A0006469632F68616C2F6E7266352F65636215
:10A4B0002E6300003C770300000000000100000054
:10A4C00000000000000000000000000068780300A9
:10A4D000000000000100000000000000000000007B
:10A4E00000000000FF440300C7450300534503007C
:10A4F000094503002346030039730200F189020075
:10A50000C189020000000000498B0200358A020068
:10A5100063480300694803000400000000FF0000D6
:10A52000FFFF0000000300500000000001000000D9
:10A530000060004000000000FFFFFFFF000000502F
:10A54000000000000000000000600040000000006B
:10A55000E80700200B0000000700000007000000D3
:10A56000070000000B000000010000000A000000CE
:10A5700001000000F74A03009D4C0300694C0300F2
:10A5800020050040010000001C0500400100000003
:10A5900001000000020000000400000008000000AC
:10A5A00010000000200000004000000080000000BB
:10A5B0001B0000003600000051F4A7507E41655397
:10A5C0001A17A4C33A275E963BAB6BCB1F9D45F190
:10A5D000ACFA58AB4BE303932030FA55AD766DF6E9
:10A5E00088CC7691F5024C254FE5D7FCC52ACBD710
:10A5F00026354480B562A38FDEB15A4925BA1B6760
:10A6000045EA0E985DFEC0E1C32F7502814CF01241
:10A610008D4697A36BD3F9C6038F5FE715929C9580
:10A62000BF6D7AEB955259DAD4BE832D587421D37D
:10A6300049E069298EC9C84475C2896AF48E79785F
:10A6400099583E6B27B971DDBEE14FB6F088AD1762
:10A65000C920AC667DCE3AB463DF4A18E51A318270
:10A660009751336062537F45B16477E0BB6BAE8432
:10A67000FE81A01CF9082B94704868588F45FD197D
:10A6800094DE6C87527BF8B7AB73D323724B02E234
:10A69000E31F8F576655AB2AB2EB28072FB5C203CD
:10A6A00086C57B9AD33708A5302887F223BFA5B289
:10A6B00002036ABAED16825C8ACF1C2BA779B4928A
:10A6C000F307F2F04E69E2A165DAF4CD0605BED5D6
:10A6D000D134621FC4A6FE8A342E539DA2F355A026
:10A6E000058AE132A4F6EB750B83EC394060EFAAE2
:10A6F0005E719F06BD6E10513E218AF996DD063DC2
:10A70000DD3E05AE4DE6BD4691548DB571C45D0587
:10A710000406D46F605015FF1998FB24D6BDE99745
:10A72000894043CC67D99E77B0E842BD07898B88C2
:10A73000E7195B3879C8EEDBA17C0A477C420FE958
:10A74000F8841EC90000000009808683322BED4882
:10A750001E1170AC6C5A724EFD0EFFFB0F85385601
:10A760003DAED51E362D39270A0FD964685CA62167
:10A770009B5B54D124362E3A0C0A67B19357E70FEE
:10A78000B4EE96D21B9B919E80C0C54F61DC20A287
:10A790005A774B691C121A16E293BA0AC0A02AE52E
:10A7A0003C22E043121B171D0E090D0BF28BC7ADA7
:10A7B0002DB6A8B9141EA9C857F11985AF75074C55
:10A7C000EE99DDBBA37F60FDF701269F5C72F5BCAF
:10A7D00044663BC55BFB7E348B432976CB23C6DCCA
:10A7E000B6EDFC68B8E4F163D731DCCA426385108A
:10A7F0001397224084C61120854A247DD2BB3DF8A0
:10A80000AEF93211C729A16D1D9E2F4BDCB230F37A
:10A810000D8652EC77C1E3D02BB3166CA970B999B1
:10A82000119448FA47E96422A8FC8CC4A0F03F1AAE
:10A83000567D2CD8223390EF87494EC7D938D1C1E5
:10A840008CCAA2FE98D40B36A6F581CFA57ADE2855
:10A85000DAB78E263FADBFA42C3A9DE45078920D16
:10A860006A5FCC9B547E4662F68D13C290D8B8E8DE
:10A870002E39F75E82C3AFF59F5D80BE69D0937CB1
:10A880006FD52DA9CF2512B3C8AC993B10187DA761
:10A89000E89C636EDB3BBB7BCD2678096E5918F4D0
:10A8A000EC9AB701834F9AA8E6956E65AAFFE67EFB
:10A8B00021BCCF08EF15E8E6BAE79BD94A6F36CE40
:10A8C000EA9F09D429B07CD631A4B2AF2A3F233104
:10A8D000C6A5943035A266C0744EBC37FC82CAA6A9
:10A8E000E090D0B033A7D815F104984A41ECDAF7DC
:10A8F0007FCD500E1791F62F764DD68D43EFB04D8C
:10A90000CCAA4D54E49604DF9ED1B5E34C6A881B73
:10A91000C12C1FB84665517F9D5EEA04018C355DF0
:10A92000FA877473FB0B412EB3671D5A92DBD25228
:10A93000E91056336DD647139AD7618C37A10C7A3C
:10A9400059F8148EEB133C89CEA927EEB761C935AF
:10A95000E11CE5ED7A47B13C9CD2DF5955F2733FDB
:10A960001814CE7973C737BF53F7CDEA5FFDAA5BE2
:10A97000DF3D6F147844DB86CAAFF381B968C43E0B
:10A980003824342CC2A3405F161DC372BCE2250CD0
:10A99000283C498BFF0D954139A80171080CB3DEA5
:10A9A000D8B4E49C6456C1907BCB8461D532B67038
:10A9B000486C5C74D0B85742C66363A5F87C7C844D
:10A9C000EE777799F67B7B8DFFF2F20DD66B6BBD40
:10A9D000DE6F6FB191C5C554603030500201010384
:10A9E000CE6767A9562B2B7DE7FEFE19B5D7D76238
:10A9F0004DABABE6EC76769A8FCACA451F82829D34
:10AA000089C9C940FA7D7D87EFFAFA15B25959EB29
:10AA10008E4747C9FBF0F00B41ADADECB3D4D46722
:10AA20005FA2A2FD45AFAFEA239C9CBF53A4A4F74D
:10AA3000E47272969BC0C05B75B7B7C2E1FDFD1CA6
:10AA40003D9393AE4C26266A6C36365A7E3F3F4184
:10AA5000F5F7F70283CCCC4F6834345C51A5A5F4EC
:10AA6000D1E5E534F9F1F108E2717193ABD8D8730F
:10AA7000623131532A15153F0804040C95C7C7529B
:10AA8000462323659DC3C35E30181828379696A1C8
:10AA90000A05050F2F9A9AB50E07070924121236D8
:10AAA0001B80809BDFE2E23DCDEBEB264E27276942
:10AAB0007FB2B2CDEA75759F1209091B1D83839E73
:10AAC000582C2C74341A1A2E361B1B2DDC6E6EB2C9
:10AAD000B45A5AEE5BA0A0FBA45252F6763B3B4D13
:10AAE000B7D6D6617DB3B3CE5229297BDDE3E33EF1
:10AAF0005E2F2F7113848497A65353F5B9D1D16873
:10AB000000000000C1EDED2C40202060E3FCFC1FA4
:10AB100079B1B1C8B65B5BEDD46A6ABE8DCBCB466A
:10AB200067BEBED97239394B944A4ADE984C4CD430
:10AB3000B05858E885CFCF4ABBD0D06BC5EFEF2ACD
:10AB40004FAAAAE5EDFBFB16864343C59A4D4DD7A8
:10AB500066333355118585948A4545CFE9F9F91057
:10AB600004020206FE7F7F81A05050F0783C3C44F6
:10AB7000259F9FBA4BA8A8E3A25151F35DA3A3FE62
:10AB8000804040C0058F8F8A3F9292AD219D9DBC31
:10AB900070383848F1F5F50463BCBCDF77B6B6C150
:10ABA000AFDADA754221216320101030E5FFFF1A79
:10ABB000FDF3F30EBFD2D26D81CDCD4C180C0C1429
:10ABC00026131335C3ECEC2FBE5F5FE1359797A2D8
:10ABD000884444CC2E17173993C4C45755A7A7F2FD
:10ABE000FC7E7E827A3D3D47C86464ACBA5D5DE719
:10ABF0003219192BE6737395C06060A01981819892
:10AC00009E4F4FD1A3DCDC7F44222266542A2A7E49
:10AC10003B9090AB0B8888838C4646CAC7EEEE29E2
:10AC20006BB8B8D32814143CA7DEDE79BC5E5EE2B4
:10AC3000160B0B1DADDBDB76DBE0E03B64323256FE
:10AC4000743A3A4E140A0A1E924949DB0C06060A67
:10AC50004824246CB85C5CE49FC2C25DBDD3D36E53
:10AC600043ACACEFC46262A6399191A8319595A42A
:10AC7000D3E4E437F279798BD5E7E7328BC8C84360
:10AC80006E373759DA6D6DB7018D8D8CB1D5D564BE
:10AC90009C4E4ED249A9A9E0D86C6CB4AC5656FA79
:10ACA000F3F4F407CFEAEA25CA6565AFF47A7A8E41
:10ACB00047AEAEE9100808186FBABAD5F0787888B0
:10ACC0004A25256F5C2E2E72381C1C2457A6A6F12F
:10ACD00073B4B4C797C6C651CBE8E823A1DDDD7CC9
:10ACE000E874749C3E1F1F21964B4BDD61BDBDDC9B
:10ACF0000D8B8B860F8A8A85E07070907C3E3E4279
:10AD000071B5B5C4CC6666AA904848D80603030559
:10AD1000F7F6F6011C0E0E12C26161A36A35355FAB
:10AD2000AE5757F969B9B9D01786869199C1C158FC
:10AD30003A1D1D27279E9EB9D9E1E138EBF8F8139B
:10AD40002B9898B322111133D26969BBA9D9D97054
:10AD5000078E8E89339494A72D9B9BB63C1E1E2292
:10AD600015878792C9E9E92087CECE49AA5555FFB4
:10AD700050282878A5DFDF7A038C8C8F59A1A1F8A1
:10AD8000098989801A0D0D1765BFBFDAD7E6E6314C
:10AD9000844242C6D06868B8824141C3299999B0BB
:10ADA0005A2D2D771E0F0F117BB0B0CBA85454FC39
:10ADB0006DBBBBD62C16163A0200000018AE03007D
:10ADC0000300000010AE03000400000008AE030002
:10ADD0000500000000AE030006000000F8AD03000F
:10ADE00007000000F0AD03000000000000000000BC
:10ADF0005FBD0300902407006BBD03009023060095
:10AE000077BD03009022050083BD030010140400E9
:10AE10008FBD0300101303009BBD0300101202003E
:10AE200002000000115003000D5003000950030000
:10AE300005500300ED4F0300DB4F0300000000004E
:10AE40000A5695CE5753F2DD5CE419BAE4B84A8B42
:10AE500025F321DD8886E8D2855D882518FF718578
:10AE60003C14A918D430E77901B6ED5FFC95BA75AA
:10AE7000102562772B73FB79C65537A5765F90183E
:10AE8000DFBDC42962DF9CD890308478CD05F0AC5A
:10AE9000D62E21F7AB20A2E5344887041D0630DC0E
:10AEA000512563FCC2CAB9F3849E17A7ADFAE6BC6C
:10AEB000FFFFFFFFFFFFFFFF00000000FFFFFFFF9E
:10AEC000A2EE79BE954C2483A66FBD499C79994624
:10AED00059EC6B2B39B245282056D9F3942DE166F5
:10AEE0004FBC00EEFFFFFFFFFFFFFFFFFFFFFFFF75
:10AEF0000000000000000000000000000100000051
:10AF0000FFFFFFFF0300000000000000FFFFFFFF46
:10AF1000FBFFFFFFFEFFFFFFFFFFFFFFFDFFFFFF48
:10AF20000400000001000000787703000800100012
:10AF3000787703001B0010001200010078770300EF
:10AF40001A001000787703000600100012000100BC
:10AF500078770300170010007877030015001000C1
:10AF600012000100647703000900100078770300E5
:10AF70000C0010001200010078770300020010009E
:10AF8000787703001C001000120001000000000090
:10AF9000000000000F630300E36103001DC702000F
:10AFA0000000000000000000AC750300AC75030059
:10AFB000EC750300FC750300DC7603003C770300AE
:10AFC0000000000000000000000000000000000081
:10AFD0000000004095596959555554551555555619
:10AFE00004051541105455404551554440455044C1
:10AFF000505555450040004040044496655556550F
:10B000004540455451411540559155555555405170
:10B010000501000054455454455505040010041022
:10B02000140440000000014055551541540400002F
:10B0300044000100000000404100004450444550DD
:10B040005400555554556551004000400100000121
:10B0500000050100115451515455550500000000E0
:10B060000000000000000000640064000000000018
:10B0700000000000000064006400640000000000A4
:10B080000000000064006400C80000000000000030
:10B090000000640064002C010000000000000000BB
:10B0A00064006400900100000000000000006400E3
:10B0B0006400F4010000000000000000640064006F
:10B0C0005802000000000000000064006400BC02A0
:10B0D0000000000000000000640064002003000085
:10B0E0000000000000006400640084030000000011
:10B0F0000000000064006400E8030000000000009D
:10B100000000640064004C04000000000000000027
:10B11000640064000000640000000000000064009F
:10B12000640064006400000000000000640064002B
:10B13000C8006400000000000000640064002C01EE
:10B1400064000000000000006400640090016400DE
:10B1500000000000000064006400F40164000000CE
:10B160000000000064006400580264000000000059
:10B17000000064006400BC026400000000000000E5
:10B18000640064002003640000000000000064000C
:10B190006400840364000000000000006400640098
:10B1A000E8036400000000000000640064004C0438
:10B1B0006400000000000000640064000000C8009B
:10B1C000000000000000640064006400C80000008B
:10B1D0000000000064006400C800C8000000000017
:10B1E0000000640064002C01C800000000000000A2
:10B1F000640064009001C8000000000000006400CA
:10B200006400F401C8000000000000006400640055
:10B210005802C80000000000000064006400BC0286
:10B22000C800000000000000640064002003C800A3
:10B23000000000000000640064008403C8000000F7
:10B240000000000064006400E803C8000000000083
:10B250000000640064004C04C8000000000000000E
:10B260006400640000002C01000000000000640085
:10B27000640064002C010000000000006400640011
:10B28000C8002C01000000000000640064002C01D4
:10B290002C010000000000006400640090012C01FB
:10B2A00000000000000064006400F4012C010000B4
:10B2B000000000006400640058022C01000000003F
:10B2C000000064006400BC022C01000000000000CB
:10B2D0006400640020032C010000000000006400F2
:10B2E000640084032C01000000000000640064007E
:10B2F000E8032C01000000000000640064004C041E
:10B300002C0100000000000000004C2A00004C2A24
:10B3100000000328000008290000022900004D2A2F
:10B3200000004D2A0000032800000829000002291F
:10B3300000004D2A00004D2A0000032800004B2A7F
:10B3400000004B2A0000032800004A2A00004A2A75
:10B350000000032800001218000000280000502AF6
:10B360000000502A000003280000292A0000292A92
:10B37000000003280000242A0000242A00000328DB
:10B3800000000A180000002800000429000002291B
:10B390000000192A0000192A0000032800000F18D5
:10B3A000000000280400AD270100060100002A2B40
:10B3B00000002A2B000003280000292B0000292B65
:10B3C00000000328000002290000052A0000052AC9
:10B3D0000000032800000118000000280000042AD3
:10B3E0000000042A000003280000012A0000012AAE
:10B3F000000003280000002A0000002A00000328A3
:10B4000000000018000000286BFF79FF79FF7CFF27
:10B4100000006D616769635F6D61707065720073D4
:10B42000656C656374656400706879736963616CE9
:10B430005F6C61796F7574730034302520416C6CDA
:10B440002031552F47726964007A6D6B5F7068799F
:10B45000736963616C5F6C61796F75745F73656C40
:10B46000656374696F6E5F6368616E676564007AB7
:10B470006D6B5F61637469766974795F737461740D
:10B48000655F6368616E676564007A6D6B5F706F9E
:10B49000736974696F6E5F73746174655F6368610B
:10B4A0006E676564007A6D6B5F73656E736F725F54
:10B4B0006576656E74007A6D6B5F7573625F636F3E
:10B4C0006E6E5F73746174655F6368616E676564F7
:10B4D00000626F6F746C6F6164007379737265736F
:10B4E00065740001004558545F504F574552006540
:10B4F0007874706F776572006D6F6D656E746172D0
:10B50000795F6C6179657200006E6F6E6500656EC3
:10B51000635F6B65795F707265737300656E6470ED
:10B520006F696E74732F7072656665727265640000
:10B5300055534200424C453A256400496E76616C91
:10B54000696400656E64706F696E7473007A6D6B08
:10B550005F656E64706F696E745F6368616E676566
:10B5600064007A6D6B5F6C617965725F737461748E
:10B57000655F6368616E676564007A6D6B5F6D6FB0
:10B58000646966696572735F73746174655F63682B
:10B59000616E676564007A6D6B5F6B6579636F647C
:10B5A000655F73746174655F6368616E676564008D
:10B5B0007A6D6B5F626C655F6163746976655F70FD
:10B5C000726F66696C655F6368616E67656400626F
:10B5D0006C652F6163746976655F70726F66696C04
:10B5E00065007075626C69630072616E646F6D00F6
:10B5F0007075626C69632D69640072616E646F6D51
:10B600002D69640030782530327800253032583A80
:10B61000253032583A253032583A253032583A25BA
:10B620003032583A2530325820282573290070725C
:10B630006F66696C657300626C652F70726F666906
:10B640006C65732F256400626C6500484944204F87
:10B6500076657220474154542053656E6420576FBD
:10B66000726B0005010906A1018501050719E02992
:10B67000E7150025017501950881020507750895F4
:10B680000181030507150026FF00190029FF750831
:10B6900095068100C0050C0901A1018502050C1564
:10B6A0000026FF0F19002AFF0F751095068100C0B4
:10B6B0007A6D6B5F7065726970686572616C5F62EC
:10B6C0006174746572795F73746174655F636861D6
:10B6D0006E676564007A6D6B5F6261747465727920
:10B6E0005F73746174655F6368616E67656400426F
:10B6F000415454455259004849445F3000050109FE
:10B7000006A1018501050719E029E7150025017546
:10B710000195088102050775089501810305071544
:10B720000026FF00190029FF750895068100C00555
:10B730000C0901A1018502050C150026FF0F190057
:10B740002AFF0F751095068100C04C6F772050724C
:10B75000696F7269747920576F726B2051756575C6
:10B76000650000070E091C1B1215383F36312423D3
:10B770002A2D4661696C656420746F207265626F62
:10B780006F743A207370696E6E696E6720656E64BF
:10B790006C6573736C792E2E2E0A0030313233347F
:10B7A0003536373839414243444546005A4D4B20DF
:10B7B00050726F6A65637400464C4153485F3000B5
:10B7C0005352414D5F300000FFFFFFFFFFFF0000BD
:10B7D0000000000000FFFFFFFFFFFF00000000006F
:10B7E000006E616D650062742F25732F25303278ED
:10B7F000253032782530327825303278253032784D
:10B800002530327825752F25730062742F25732F0C
:10B81000253032782530327825303278253032782C
:10B82000253032782530327825750062742F2573E3
:10B83000006274004254204C572057510002FB34E0
:10B840009B5F800000800010000000000000574552
:10B8500053545F544F504449522F7A65706879723F
:10B860002F7375627379732F626C7565746F6F7463
:10B87000682F686F73742F6863695F636F72652EDA
:10B88000630062745F6863695F6576745F6765749F
:10B890005F666C616773286864722D3E65767429F3
:10B8A0002026202831554C203C3C202831292900D5
:10B8B000415353455254494F4E204641494C205B19
:10B8C00025735D20402025733A25640A006576744F
:10B8D0005F666C6167732026202831554C203C3C04
:10B8E00020283029290062756600737563636573CB
:10B8F000730009636F6D6D616E64206F70636F64B8
:10B9000065203078253034782074696D656F7574E2
:10B910000A00657272203D3D20300009436F6E744D
:10B92000726F6C6C657220756E726573706F6E737A
:10B930006976652C20636F6D6D616E64206F706336
:10B940006F6465203078253034782074696D656FB8
:10B9500075742077697468206572722025640A0006
:10B960004254205258205751000009090909010288
:10B970000909090909090909090909070909090939
:10B98000090609090909090909090909090909092A
:10B99000090905574553545F544F504449522F7A73
:10B9A00065706879722F7375627379732F626C7525
:10B9B00065746F6F74682F686F73742F6863695F45
:10B9C000636F6D6D6F6E2E6300E69D350E4801034B
:10B9D000CCDBFDF4AC1191F4EFB9A5F9E9A7832C08
:10B9E0005E2CBE97F2D203B0208BD28915D08E1C6C
:10B9F000742430ED8FC24563765C15525ABF9A327B
:10BA0000636DEB2A65499C80DC01010101010203A1
:10BA100062742F6363630062742F686173680062ED
:10BA2000742F63660062742F7363000005061F1F86
:10BA30002918120308020305080A0008010304017B
:10BA400005040509060701010606080000010001BA
:10BA500000030100030202010002000000000002D6
:10BA60000301000362742F6B657973006C88839106
:10BA7000AAF5A53860370BDB5A6083BE7265746522
:10BA80006E74696F6E403000757362645F776F72B9
:10BA90006B710001000200000101010101636C6F84
:10BAA000636B4034303030303030300072616E645F
:10BAB0006F6D40343030306430303000656E7472F9
:10BAC0006F70795F62745F68636900666C61736848
:10BAD0002D636F6E74726F6C6C65724034303031F0
:10BAE00065303030006770696F403530303030334A
:10BAF0003030006770696F40353030303030303072
:10BB0000006B7363616E0067707265677265743293
:10BB100040343030303035323000677072656772D3
:10BB20006574314034303030303531630074656DC8
:10BB3000704034303030633030300000000000009E
:10BB40000101000000000000203030303030303083
:10BB50003030303030303000010000010000005241
:10BB6000096AD53036A538BF40A39E81F3D7FB7C48
:10BB7000E339829B2FFF87348E4344C4DEE9CB54E4
:10BB80007B9432A6C2233DEE4C950B42FAC34E087D
:10BB90002EA16628D924B2765BA2496D8BD125727D
:10BBA000F8F66486689816D4A45CCC5D65B6926C91
:10BBB000704850FDEDB9DA5E154657A78D9D84900B
:10BBC000D8AB008CBCD30AF7E45805B8B34506D00F
:10BBD0002C1E8FCA3F0F02C1AFBD0301138A6B3AFF
:10BBE0009111414F67DCEA97F2CFCEF0B4E673963D
:10BBF000AC7422E7AD3585E2F937E81C75DF6E4796
:10BC0000F11A711D29C5896FB7620EAA18BE1BFCF7
:10BC1000563E4BC6D279209ADBC0FE78CD5AF41F2F
:10BC2000DDA8338807C731B11210592780EC5F6057
:10BC3000517FA919B54A0D2DE57A9F93C99CEFA0B4
:10BC4000E03B4DAE2AF5B0C8EBBB3C83539961177E
:10BC50002B047EBA77D626E169146355210C7D63E7
:10BC60007C777BF26B6FC53001672BFED7AB76CA52
:10BC700082C97DFA5947F0ADD4A2AF9CA472C0B777
:10BC8000FD9326363FF7CC34A5E5F171D831150484
:10BC9000C723C31896059A071280E2EB27B27509ED
:10BCA000832C1A1B6E5AA0523BD6B329E32F845320
:10BCB000D100ED20FCB15B6ACBBE394A4C58CFD0E5
:10BCC000EFAAFB434D338545F9027F503C9FA851B5
:10BCD000A3408F929D38F5BCB6DA2110FFF3D2CD88
:10BCE0000C13EC5F974417C4A77E3D645D19736025
:10BCF000814FDC222A908846EEB814DE5E0BDBE032
:10BD0000323A0A4906245CC2D3AC629195E479E7E1
:10BD1000C8376D8DD54EA96C56F4EA657AAE08BA6F
:10BD200078252E1CA6B4C6E8DD741F4BBD8B8A7027
:10BD30003EB5664803F60E613557B986C11D9EE1D2
:10BD4000F8981169D98E949B1E87E9CE5528DF8C0F
:10BD5000A1890DBFE6426841992D0FB054BB164131
:10BD600045532D3235362D434243004145532D3145
:10BD700039322D434243004145532D3132382D4352
:10BD80004243004145532D3235362D454342004153
:10BD900045532D3139322D454342004145532D3114
:10BDA00032382D45434200141400001C2030401C42
:10BDB0002000001C203040656E636F6465725F7305
:10BDC000773500656E636F6465725F737734006505
:10BDD0006E636F6465725F73773300656E636F6463
:10BDE00065725F73773200656E636F6465725F734F
:10BDF0007731006D61696E00737973776F726B7163
:10BE0000002A2A2A20426F6F74696E67205A657073
:10BE1000687972204F53206275696C6420656333C2
:10BE2000363531363939306434202A2A2A0A0069F5
:10BE30006E66006E616E00286E756C6C29000000E5
:10BE40008C8103009081030094810300988103009A
:10BE50009C810300C0880300548B0300588B0300AF
:10BE60005C8B0300608B0300988C03009C8C0300A8
:10BE700098810300A87F030094810300A87F03003A
:10BE80005C8B030030820300948103003082030046
:10BE9000608B0300BC8803009C810300BC88030006
:10BEA0005C8B0300C488030098810300C8880300EA
:10BEB00094810300C888030090810300A08C0300D4
:10BEC00000000080FFFFFFFF00000080FFFFFFFF7A
:10BED00000000000E1F00000000000000001000090
:10BEE0000000000000000000000000000000000052
:10BEF0000000000000000000000000000000000042
:10BF00000000000000000000000000000000000031
:10BF10000000000000000000000000000000000021
:10BF20000000000000000000000000000000000011
:10BF30000000000000000000000000000000000001
:10BF400000000000000000000000000000000000F1
:10BF500000000000000000000000000000000000E1
:10BF600000000000000000000000000000000000D1
:10BF700000000000000000000000000000000000C1
:10BF800000000000000000000000000000000000B1
:10BF900000000000000000000000000000000000A1
:10BFA0000000000000000000000000000000000091
:10BFB0000000000000000000000000000000000081
:10BFC00000000000000000009931010000000000A6
:10BFD0000000000000000000000000000000000061
:10BFE0000000000000000000000000000000000051
:10BFF0000000000000000000000000000000000041
:10C000000000000000000000000000000000000030
:10C010000000000000000000000000000000000020
:10C020000000000000000000000000000000000010
:10C030000000000000000000000000000000000000
:10C0400000000000000000000000000000000000F0
:10C0500000000000000000000000000000000000E0
:10C060000000000000000000000000007C780300D9
:10C0700000000000000000000000000000000000C0
:10C0800000000000000000001F0000000000000091
:10C09000FFFFFFFFFF1F0000000000006C080020F2
:10C0A0000700000000000000000000000000000089
:10C0B0000000000000000000000000000000000080
:10C0C0000000000000000000000000000000000070
:10C0D0000000000000000000000000000000000060
:10C0E000DE710020000000000000000049E10000B7
:10C0F00000000000000000000000000069E40000F3
:10C1000000000000000000005C09002044790300EA
:10C1100001002400000000005E09002030790300C7
:10C120000100240001000000600900201C790300C8
:10C1300001002400020000006209002008790300C9
:10C14000010024000300000064090020F4780300CB
:10C15000010024000400000012B5030000000000EC
:10C160000000000012B50300000000000000000005
:10C1700005000000010000000EB5030006000702E4
:10C18000120007020EB503000600070212000702A4
:10C190000EB5030006000702120007020EB50300E9
:10C1A00006000702120007020EB503000600070290
:10C1B0001200070299F900000000000000000000D2
:10C1C000000000004FFB0200000000000000000023
:10C1D000000000000000000013FB0200000000004F
:10C1E000DDF90000FDF60000000000000000000086
:10C1F0003BFB02000000000027FB020000000000E3
:10C2000047B6030000000000000000005DF70000DA
:10C210004DFA0000000000000000000000000000D7
:10C2200077FB02000000000000000000000000009A
:10C230000FFB0200000000000000000019020000D7
:10C24000840900200101000083090020020400008D
:10C250007F0900200000000061FB000000000000DA
:10C260000000000000000000FDFA000000000000D7
:10C27000000000000CB303000000040000000000F8
:10C2800000000000000000000000000000000000AE
:10C29000000000000000000000000000000000009E
:10C2A000000000000000000000000000000000008E
:10C2B0007BFB0200000000000000000020B3030030
:10C2C000000012000000000000000000000000005C
:10C2D000000000000000000000000000000000005E
:10C2E000000000000000000000000000000000004E
:10C2F00000000000000000007BFB020000000000C6
:10C300000000000034B303000000120040B303003B
:10C31000000002004CB30300000002000000000017
:10C3200099FC000000000000000000000000000078
:10C330002FFC020000000000000000005500030078
:10C34000C88C030060B30300000002006CB303005C
:10C350000000020078B303000000020000000000AB
:10C3600000000000000000000000000000000000CD
:10C3700000000000000000000000000000000000BD
:10C3800000000000000000000000000000000000AD
:10C390001B0C0300000000000000000094B3030029
:10C3A00000001200A116010000000000270D03008C
:10C3B000000000000B0D0300F8040020F80400202A
:10C3C00000000000000000000E00000041230100FA
:10C3D00080000000000000001126010000000000A5
:10C3E0000000000000000000351A030000000000FB
:10C3F0000000000000000000912A01000000000081
:10C400000000000000000000814101000000000069
:10C410000000000000000000694001000000000072
:10C4200000000000000000000D4A010000000000B4
:10C430000000000000000000854501000000000031
:10C44000000000008405002084050020000000009A
:10C45000000000001D550100FD600100092F0300D0
:10C4600000000000000000008D590100F92C0300BD
:10C47000252C030011550100000000000000000001
:10C4800000000000000000000000000000000000AC
:10C49000E172010000000000000000005D3A0300AE
:10C4A000000000000000000000000000B0B3030026
:10C4B00000000200BCB3030000000A00CCB303007C
:10C4C000000020000000000000000000000000004C
:10C4D000000000000000000000000000000000005C
:10C4E000000000000000000000000000000000004C
:10C4F0000000000000000000000000008D33030079
:10C5000000000000E0B3030000000200ECB30300F1
:10C5100000000200F8B3030000000A005C060020DF
:10C520005C06002000000000000000000E0000007B
:10C530007006002070060020BD7E01000000000093
:10C5400000000000903D00200000000061B30100E9
:10C5500000000000983D0020000000008DA30100B5
:10C5600000000000A03D002000000000794802000B
:10C5700000000000A83D00200000000079480200F3
:10C5800000000000B03D002000000000F99F010005
:10C5900000000000704C002000000000ED5402007C
:10C5A00000000000884C00200000000079480200D4
:10C5B00000000000904C00200000000039CB01007A
:10C5C000000000001C4D00200000000095D5010077
:10C5D00000000000244D0020000000007948020007
:10C5E000000000002C4D00200000000031D70100A9
:10C5F00000000000344D002000000000E1E20100D6
:10C6000000000000584F002000000000E85000200B
:10C61000000000007852002000000000E8550020D3
:10C6200000000000E561020000000000D458002076
:10C6300000000000794502000000000000590020C1
:10C640000000000079480200000000001C5D00208E
:10C6500000000000ED90010000000000145D0020CB
:10C6600000000000ED900100000000000C5D0020C3
:10C6700000000000618D010000000000045D00204A
:10C6800000000000ED90010000000000FC5C0020B4
:10C6900000000000618D010000000000F45C00203B
:10C6A00000000000ED900100647703000D00000021
:10C6B00000000000787703000F0000000100000078
:10C6C000647703000A00000002000000787703008E
:10C6D0000E00000003000000647703000700000064
:10C6E0000400000078770300180000000500000037
:10C6F000647703000500000006000000787703005F
:10C70000140000000700000078770300110000000B
:10C710000800000078770300100000000900000006
:10C7200078770300160000000A0000006477030019
:10C730000E00200000000000647703000B002000C2
:10C7400001000000787703000B00200002000000C9
:10C7500064770300030020000300000064770300F7
:10C760000100200004000000647703000C0020009A
:10C7700005000000647703000200200006000000AE
:10C7800000000000000000000000000000000000A9
:10C790000000000000000000000000000000000099
:10C7A0000000000000000000000000000000000089
:10C7B0000000000000000000000000000000000079
:10C7C0000000000000000000000000000000000069
:10C7D0000000000000000000000000000000000059
:10C7E0000000000000000000000000000000000049
:10C7F00008000000FF00000000000000030000002F
:10C800000000000020AE0300F7730300D5200100F4
:10C81000F120010054090020540900200200020008
:10C82000020002000200FF7FFF0200000000000083
:10C8300000000000000001000000000000000012E5
:10C84000180F1806C10302010101000000030B01CB
:08C85000501D5E61010064014E
:10C8580000000000000000000000000000000000D0
:10C8680000000000000000000000000000000000C0
:10C8780000000000000000000000000000000000B0
:06C88800000000000000AA
:10C89000000000000000000091DF02000000000026
:10C8A0000000000000000000E8090020E809002066
:10C8B000DDE00000000000000000000000000000BB
:10C8C0000000000000000000000000000000000068
:10C8D00091DF0200000000000000000000000000E6
:10C8E000200A0020200A002085FC00000000000033
:10C8F0000000000000000000000000000000000038
:10C90000400A0020400A002024BD00200000000052
:10C91000050000002C000000000000005C0A002060
:10C920005C0A0020E08700200000000005000000F5
:10C93000B000000000000000780A0020780A002003
:10C9400054BE002000000000200000001400000081
:10C9500000000000940A0020940A002000BE00207D
:10C9600000000000030000001C00000000000000A8
:10C97000B00A0020B00A0020000000000000000003
:10C980000E000000C40A0020C40A002000000000BD
:08C99000000000000E00000091
:10C99800D80A0020D80A00200C000000040000007B
:10C9A800D0A9002000AA0020D0A90020D0A90020EA
:10C9B80000000000FC0A0020FC0A00200000000023
:10C9C800080B0020080B00201400000040000000A5
:10C9D80000AA002000AF002000AA002000AA002022
:10C9E800000000002C0B00202C0B00200000000091
:10C9F800380B0020380B00200C0000000500000058
:10CA080000AF00203CAF002000AF002000AF0020A6
:10CA1800000000005C0B00205C0B00200000000000
:10CA2800680B0020680B00200800000014000000BC
:10CA38003CAF0020DCAF00203CAF00203CAF002022
:10CA4800000000008C0B00208C0B00200000000070
:10CA5800980B0020980B0020010000000100000046
:10CA6800A80B0020A80B0020B00B0020B00B002062
:10CA78000100000001000000C00B0020C00B0020D6
:10CA8800C80B0020C80B002000000000FFFFFFFFBC
:08CA9800D80B0020D80B002090
:10CAA0000000000000000000E80B0020E80B002060
:10CAB000F00B0020F00B0020000000000000000040
:10CAC000000C0020000C0020080C0020080C0020A6
:10CAD0000000000000000000180C0020180C0020CE
:10CAE000200C0020200C0020030003001000000098
:10CAF000000000001C8F030050BB0020000000005D
:10CB000000000000440C0020440C00204C0C0020CD
:10CB10004C0C00200300030010000000B15801007D
:10CB2000C48F0300ACBC0020000000000000000027
:10CB3000700C0020700C0020780C0020780C002075
:10CB4000030003000100000000000000448E030009
:10CB500008B7002000000000000000009C0C00202E
:10CB60009C0C0020A40C0020A40C00200500050053
:10CB7000100000007D4401000C8F0300A8B90020C4
:10CB80000000000000000000C80C0020C80C0020BD
:10CB9000D00C0020D00C0020030003000100000096
:10CBA00000000000FC8E030054B9002000000000CB
:10CBB00000000000F40C0020F40C0020FC0C00200D
:10CBC000FC0C00201000100006000000C12801002D
:10CBD000348E03007CB40020000000000000000040
:10CBE000200D0020200D0020280D0020280D002001
:10CBF000010001000100000000000000548E03004D
:04CC000060B80020F8
:10CC04001201000200000040501D5E610104010297
:10CC1400030109020000000100E0320904000001E0
:10CC24000300000009211101000122000007058012
:10CC3400031000010403090418035A4D4B205072D9
:10CC44006F6A6563740000000000000000000000CB
:10CC540008034342430000002203303132333435A9
:10CC6400363738394142434445460000000000004D
:0CCC7400000000000000000000000000B4
:10CC8000000000005F0D0020A310030045240100F8
:10CC9000E5230100000000006D23010001000000F9
:04CCA0000C0500205F
:10CCA400B4770300DC77030004780300C87703003B
:0CCCB400F07703002C78030018780300D0
:04CCC00015E015E086
:0400000310001AC50A
:00000001FF
